0	0	0	0	0	0
64	0	0	58	6	0
128	0	0	117	12	0
192	0	0	175	18	0
256	0	0	234	24	0
320	0	0	292	30	0
384	0	0	351	36	0
448	0	0	409	42	0
512	0	0	468	48	0
576	0	0	526	54	0
640	0	0	585	60	0
704	0	0	643	66	0
768	0	0	702	72	0
832	0	0	760	78	0
896	0	0	818	84	0
960	0	0	877	90	0
1023	0	0	934	96	0
0	64	0	21	63	7
64	64	0	61	63	7
128	64	0	118	64	6
192	64	0	176	65	5
256	64	0	234	67	1
320	64	0	293	69	0
384	64	0	351	71	0
448	64	0	410	74	0
512	64	0	468	77	0
576	64	0	526	81	0
640	64	0	585	84	0
704	64	0	643	88	0
768	64	0	702	93	0
832	64	0	760	97	0
896	64	0	819	102	0
960	64	0	877	107	0
1023	64	0	935	112	0
0	128	0	42	126	14
64	128	0	70	127	14
128	128	0	122	127	14
192	128	0	179	127	14
256	128	0	236	128	13
320	128	0	294	129	12
384	128	0	352	130	10
448	128	0	411	131	8
512	128	0	469	133	2
576	128	0	527	135	0
640	128	0	585	137	0
704	128	0	644	139	0
768	128	0	702	142	0
832	128	0	761	145	0
896	128	0	819	148	0
960	128	0	877	151	0
1023	128	0	935	154	0
0	192	0	64	190	22
64	192	0	84	190	22
128	192	0	130	190	22
192	192	0	184	190	21
256	192	0	240	191	21
320	192	0	297	191	20
384	192	0	354	192	19
448	192	0	412	193	18
512	192	0	470	194	17
576	192	0	528	195	16
640	192	0	587	196	13
704	192	0	645	198	10
768	192	0	703	200	3
832	192	0	761	201	0
896	192	0	820	203	0
960	192	0	878	206	0
1023	192	0	936	208	0
0	256	0	85	253	29
64	256	0	100	253	29
128	256	0	140	253	29
192	256	0	191	253	29
256	256	0	245	254	28
320	256	0	301	254	28
384	256	0	358	254	27
448	256	0	415	255	27
512	256	0	473	256	26
576	256	0	530	257	25
640	256	0	588	258	24
704	256	0	646	259	22
768	256	0	705	260	21
832	256	0	763	261	19
896	256	0	821	263	16
960	256	0	879	264	12
1023	256	0	937	266	5
0	320	0	106	316	36
64	320	0	118	316	36
128	320	0	153	316	36
192	320	0	200	316	36
256	320	0	252	317	36
320	320	0	306	317	35
384	320	0	362	317	35
448	320	0	419	318	35
512	320	0	476	318	34
576	320	0	533	319	33
640	320	0	591	320	32
704	320	0	649	321	31
768	320	0	707	322	30
832	320	0	765	323	29
896	320	0	823	324	28
960	320	0	881	325	26
1023	320	0	938	326	24
0	384	0	127	379	43
64	384	0	137	379	43
128	384	0	168	379	43
192	384	0	211	380	43
256	384	0	260	380	43
320	384	0	313	380	43
384	384	0	367	380	42
448	384	0	423	381	42
512	384	0	480	381	42
576	384	0	537	382	41
640	384	0	594	382	40
704	384	0	651	383	40
768	384	0	709	384	39
832	384	0	767	385	38
896	384	0	825	386	37
960	384	0	883	387	36
1023	384	0	940	388	34
0	448	0	149	443	51
64	448	0	157	443	51
128	448	0	183	443	51
192	448	0	223	443	50
256	448	0	270	443	50
320	448	0	321	443	50
384	448	0	374	443	50
448	448	0	429	444	50
512	448	0	484	444	49
576	448	0	541	445	49
640	448	0	598	445	48
704	448	0	655	446	48
768	448	0	712	446	47
832	448	0	769	447	46
896	448	0	827	448	45
960	448	0	885	449	44
1023	448	0	942	449	43
0	512	0	170	506	58
64	512	0	177	506	58
128	512	0	200	506	58
192	512	0	237	506	58
256	512	0	281	506	58
320	512	0	330	506	57
384	512	0	381	506	57
448	512	0	435	507	57
512	512	0	490	507	57
576	512	0	546	507	56
640	512	0	602	508	56
704	512	0	658	508	55
768	512	0	715	509	55
832	512	0	773	510	54
896	512	0	830	510	53
960	512	0	888	511	53
1023	512	0	944	512	52
0	576	0	191	569	65
64	576	0	197	569	65
128	576	0	218	569	65
192	576	0	251	569	65
256	576	0	293	569	65
320	576	0	340	569	65
384	576	0	390	570	65
448	576	0	442	570	64
512	576	0	496	570	64
576	576	0	551	570	64
640	576	0	607	571	63
704	576	0	663	571	63
768	576	0	719	572	62
832	576	0	776	572	62
896	576	0	833	573	61
960	576	0	891	573	61
1023	576	0	947	574	60
0	640	0	212	632	72
64	640	0	218	632	72
128	640	0	237	632	72
192	640	0	267	632	72
256	640	0	306	632	72
320	640	0	351	633	72
384	640	0	400	633	72
448	640	0	451	633	72
512	640	0	503	633	71
576	640	0	558	634	71
640	640	0	612	634	71
704	640	0	668	634	70
768	640	0	724	635	70
832	640	0	781	635	70
896	640	0	837	636	69
960	640	0	894	636	69
1023	640	0	951	637	68
0	704	0	234	695	80
64	704	0	239	695	80
128	704	0	255	696	80
192	704	0	284	696	80
256	704	0	320	696	79
320	704	0	363	696	79
384	704	0	410	696	79
448	704	0	460	696	79
512	704	0	511	696	79
576	704	0	565	697	79
640	704	0	619	697	78
704	704	0	674	697	78
768	704	0	729	698	78
832	704	0	785	698	77
896	704	0	842	698	77
960	704	0	898	699	76
1023	704	0	954	699	76
0	768	0	255	759	87
64	768	0	259	759	87
128	768	0	275	759	87
192	768	0	301	759	87
256	768	0	335	759	87
320	768	0	376	759	87
384	768	0	421	759	86
448	768	0	469	759	86
512	768	0	520	759	86
576	768	0	572	760	86
640	768	0	626	760	86
704	768	0	680	760	85
768	768	0	735	761	85
832	768	0	790	761	85
896	768	0	846	761	84
960	768	0	903	762	84
1023	768	0	958	762	83
0	832	0	276	822	94
64	832	0	280	822	94
128	832	0	294	822	94
192	832	0	318	822	94
256	832	0	351	822	94
320	832	0	390	822	94
384	832	0	433	822	94
448	832	0	480	822	94
512	832	0	529	823	93
576	832	0	581	823	93
640	832	0	633	823	93
704	832	0	687	823	93
768	832	0	741	824	92
832	832	0	796	824	92
896	832	0	852	824	92
960	832	0	908	825	91
1023	832	0	963	825	91
0	896	0	297	885	101
64	896	0	301	885	101
128	896	0	314	885	101
192	896	0	336	885	101
256	896	0	367	885	101
320	896	0	404	885	101
384	896	0	446	886	101
448	896	0	491	886	101
512	896	0	539	886	101
576	896	0	590	886	100
640	896	0	641	886	100
704	896	0	694	886	100
768	896	0	748	887	100
832	896	0	802	887	99
896	896	0	857	887	99
960	896	0	913	888	99
1023	896	0	968	888	98
0	960	0	318	948	109
64	960	0	322	948	109
128	960	0	334	948	109
192	960	0	355	948	108
256	960	0	384	949	108
320	960	0	419	949	108
384	960	0	459	949	108
448	960	0	503	949	108
512	960	0	550	949	108
576	960	0	599	949	108
640	960	0	650	949	108
704	960	0	702	950	107
768	960	0	755	950	107
832	960	0	809	950	107
896	960	0	864	950	107
960	960	0	919	951	106
1023	960	0	973	951	106
0	1023	0	339	1011	116
64	1023	0	343	1011	116
128	1023	0	354	1011	116
192	1023	0	373	1011	116
256	1023	0	401	1011	116
320	1023	0	434	1011	115
384	1023	0	473	1011	115
448	1023	0	516	1011	115
512	1023	0	561	1011	115
576	1023	0	609	1011	115
640	1023	0	659	1012	115
704	1023	0	710	1012	115
768	1023	0	763	1012	114
832	1023	0	816	1012	114
896	1023	0	870	1013	114
960	1023	0	925	1013	114
1023	1023	0	979	1013	113
0	0	64	14	11	63
64	0	64	60	12	63
128	0	64	117	16	63
192	0	64	176	21	63
256	0	64	234	26	63
320	0	64	292	31	63
384	0	64	351	37	62
448	0	64	409	43	62
512	0	64	468	49	62
576	0	64	526	55	62
640	0	64	585	61	61
704	0	64	643	66	61
768	0	64	702	72	60
832	0	64	760	78	60
896	0	64	819	84	59
960	0	64	877	90	58
1023	0	64	935	96	58
0	64	64	25	64	63
64	64	64	62	64	63
128	64	64	119	65	63
192	64	64	176	66	63
256	64	64	235	67	63
320	64	64	293	69	63
384	64	64	351	71	63
448	64	64	410	74	62
512	64	64	468	77	62
576	64	64	526	81	62
640	64	64	585	85	61
704	64	64	643	89	61
768	64	64	702	93	60
832	64	64	760	98	60
896	64	64	819	102	59
960	64	64	877	107	59
1023	64	64	935	112	58
0	128	64	44	127	64
64	128	64	71	127	64
128	128	64	123	127	64
192	128	64	179	127	64
256	128	64	237	128	64
320	128	64	294	129	64
384	128	64	352	130	64
448	128	64	411	132	63
512	128	64	469	133	63
576	128	64	527	135	63
640	128	64	586	137	62
704	128	64	644	140	62
768	128	64	702	142	61
832	128	64	761	145	61
896	128	64	819	148	60
960	128	64	877	151	60
1023	128	64	935	154	59
0	192	64	65	190	66
64	192	64	85	190	66
128	192	64	130	190	66
192	192	64	184	190	66
256	192	64	240	191	65
320	192	64	297	191	65
384	192	64	355	192	65
448	192	64	412	193	65
512	192	64	470	194	65
576	192	64	529	195	64
640	192	64	587	197	64
704	192	64	645	198	64
768	192	64	703	200	63
832	192	64	762	202	63
896	192	64	820	204	62
960	192	64	878	206	61
1023	192	64	936	208	61
0	256	64	86	253	68
64	256	64	101	253	68
128	256	64	141	253	68
192	256	64	191	253	68
256	256	64	245	254	68
320	256	64	301	254	68
384	256	64	358	255	67
448	256	64	415	255	67
512	256	64	473	256	67
576	256	64	531	257	67
640	256	64	588	258	66
704	256	64	647	259	66
768	256	64	705	260	65
832	256	64	763	261	65
896	256	64	821	263	64
960	256	64	879	264	64
1023	256	64	937	266	63
0	320	64	107	316	71
64	320	64	119	316	71
128	320	64	153	316	71
192	320	64	200	316	71
256	320	64	252	317	71
320	320	64	306	317	71
384	320	64	362	317	70
448	320	64	419	318	70
512	320	64	476	318	70
576	320	64	533	319	70
640	320	64	591	320	69
704	320	64	649	321	69
768	320	64	707	322	68
832	320	64	765	323	68
896	320	64	823	324	67
960	320	64	881	325	67
1023	320	64	938	326	66
0	384	64	128	379	74
64	384	64	138	379	74
128	384	64	168	380	74
192	384	64	211	380	74
256	384	64	260	380	74
320	384	64	313	380	74
384	384	64	368	380	74
448	384	64	423	381	74
512	384	64	480	381	73
576	384	64	537	382	73
640	384	64	594	382	73
704	384	64	651	383	73
768	384	64	709	384	72
832	384	64	767	385	72
896	384	64	825	386	71
960	384	64	883	387	71
1023	384	64	940	388	70
0	448	64	149	443	78
64	448	64	157	443	78
128	448	64	184	443	78
192	448	64	223	443	78
256	448	64	270	443	78
320	448	64	321	443	78
384	448	64	374	443	78
448	448	64	429	444	78
512	448	64	484	444	78
576	448	64	541	445	77
640	448	64	598	445	77
704	448	64	655	446	77
768	448	64	712	446	76
832	448	64	770	447	76
896	448	64	827	448	75
960	448	64	885	449	75
1023	448	64	942	449	74
0	512	64	170	506	83
64	512	64	177	506	83
128	512	64	201	506	83
192	512	64	237	506	83
256	512	64	281	506	83
320	512	64	330	506	83
384	512	64	382	507	82
448	512	64	435	507	82
512	512	64	490	507	82
576	512	64	546	508	82
640	512	64	602	508	82
704	512	64	659	508	81
768	512	64	716	509	81
832	512	64	773	510	81
896	512	64	830	510	80
960	512	64	888	511	80
1023	512	64	944	512	79
0	576	64	191	569	88
64	576	64	198	569	88
128	576	64	218	569	88
192	576	64	252	569	88
256	576	64	293	569	88
320	576	64	340	569	88
384	576	64	390	570	87
448	576	64	443	570	87
512	576	64	496	570	87
576	576	64	551	571	87
640	576	64	607	571	87
704	576	64	663	571	86
768	576	64	720	572	86
832	576	64	776	572	86
896	576	64	834	573	85
960	576	64	891	574	85
1023	576	64	947	574	84
0	640	64	213	632	93
64	640	64	218	632	93
128	640	64	237	632	93
192	640	64	267	632	93
256	640	64	306	633	93
320	640	64	351	633	93
384	640	64	400	633	93
448	640	64	451	633	92
512	640	64	504	633	92
576	640	64	558	634	92
640	640	64	613	634	92
704	640	64	668	634	92
768	640	64	724	635	91
832	640	64	781	635	91
896	640	64	837	636	91
960	640	64	894	636	90
1023	640	64	951	637	90
0	704	64	234	696	98
64	704	64	239	696	98
128	704	64	256	696	98
192	704	64	284	696	98
256	704	64	320	696	98
320	704	64	363	696	98
384	704	64	410	696	98
448	704	64	460	696	98
512	704	64	511	696	98
576	704	64	565	697	98
640	704	64	619	697	97
704	704	64	674	697	97
768	704	64	729	698	97
832	704	64	785	698	97
896	704	64	842	699	96
960	704	64	898	699	96
1023	704	64	954	700	95
0	768	64	255	759	104
64	768	64	259	759	104
128	768	64	275	759	104
192	768	64	301	759	104
256	768	64	335	759	104
320	768	64	376	759	104
384	768	64	421	759	104
448	768	64	470	759	104
512	768	64	520	760	104
576	768	64	572	760	103
640	768	64	626	760	103
704	768	64	680	760	103
768	768	64	735	761	103
832	768	64	791	761	102
896	768	64	846	761	102
960	768	64	903	762	102
1023	768	64	958	762	101
0	832	64	276	822	110
64	832	64	280	822	110
128	832	64	294	822	110
192	832	64	318	822	110
256	832	64	351	822	110
320	832	64	390	822	110
384	832	64	433	822	110
448	832	64	480	822	110
512	832	64	529	823	110
576	832	64	581	823	109
640	832	64	633	823	109
704	832	64	687	823	109
768	832	64	741	824	109
832	832	64	796	824	108
896	832	64	852	824	108
960	832	64	908	825	108
1023	832	64	963	825	107
0	896	64	297	885	116
64	896	64	301	885	116
128	896	64	314	885	116
192	896	64	337	885	116
256	896	64	367	885	116
320	896	64	404	885	116
384	896	64	446	886	116
448	896	64	491	886	116
512	896	64	540	886	116
576	896	64	590	886	115
640	896	64	641	886	115
704	896	64	694	887	115
768	896	64	748	887	115
832	896	64	802	887	115
896	896	64	857	887	114
960	896	64	913	888	114
1023	896	64	968	888	114
0	960	64	319	948	122
64	960	64	322	948	122
128	960	64	334	948	122
192	960	64	355	948	122
256	960	64	384	949	122
320	960	64	419	949	122
384	960	64	459	949	122
448	960	64	503	949	122
512	960	64	550	949	122
576	960	64	599	949	122
640	960	64	650	949	122
704	960	64	702	950	121
768	960	64	755	950	121
832	960	64	809	950	121
896	960	64	864	950	121
960	960	64	919	951	120
1023	960	64	973	951	120
0	1023	64	340	1011	129
64	1023	64	343	1011	129
128	1023	64	354	1011	129
192	1023	64	374	1011	129
256	1023	64	401	1011	129
320	1023	64	434	1011	128
384	1023	64	473	1011	128
448	1023	64	516	1011	128
512	1023	64	561	1011	128
576	1023	64	609	1011	128
640	1023	64	659	1012	128
704	1023	64	711	1012	128
768	1023	64	763	1012	127
832	1023	64	816	1012	127
896	1023	64	870	1013	127
960	1023	64	925	1013	127
1023	1023	64	979	1013	126
0	0	128	28	22	126
64	0	128	64	23	126
128	0	128	119	25	126
192	0	128	177	28	126
256	0	128	235	32	126
320	0	128	293	36	126
384	0	128	351	41	126
448	0	128	410	46	126
512	0	128	468	52	126
576	0	128	527	57	125
640	0	128	585	63	125
704	0	128	643	69	125
768	0	128	702	74	125
832	0	128	760	80	125
896	0	128	819	86	124
960	0	128	877	92	124
1023	0	128	935	97	124
0	64	128	34	66	126
64	64	128	66	66	126
128	64	128	120	67	126
192	64	128	178	68	126
256	64	128	235	69	126
320	64	128	294	71	126
384	64	128	352	73	126
448	64	128	410	76	126
512	64	128	468	79	126
576	64	128	527	83	125
640	64	128	585	86	125
704	64	128	644	90	125
768	64	128	702	95	125
832	64	128	760	99	125
896	64	128	819	104	124
960	64	128	877	108	124
1023	64	128	935	113	124
0	128	128	50	128	126
64	128	128	74	128	126
128	128	128	125	128	126
192	128	128	180	128	126
256	128	128	237	129	126
320	128	128	295	130	126
384	128	128	353	131	126
448	128	128	411	133	126
512	128	128	469	134	126
576	128	128	527	136	126
640	128	128	586	138	126
704	128	128	644	140	126
768	128	128	702	143	125
832	128	128	761	146	125
896	128	128	819	149	125
960	128	128	878	152	125
1023	128	128	935	155	124
0	192	128	68	190	127
64	192	128	87	190	127
128	192	128	132	191	127
192	192	128	185	191	127
256	192	128	241	191	127
320	192	128	298	192	127
384	192	128	355	193	127
448	192	128	413	194	127
512	192	128	471	195	127
576	192	128	529	196	127
640	192	128	587	197	126
704	192	128	645	199	126
768	192	128	703	200	126
832	192	128	762	202	126
896	192	128	820	204	126
960	192	128	878	206	125
1023	192	128	936	208	125
0	256	128	88	253	128
64	256	128	103	253	128
128	256	128	142	254	128
192	256	128	192	254	128
256	256	128	246	254	128
320	256	128	302	254	128
384	256	128	358	255	128
448	256	128	416	256	128
512	256	128	473	256	128
576	256	128	531	257	128
640	256	128	589	258	127
704	256	128	647	259	127
768	256	128	705	261	127
832	256	128	763	262	127
896	256	128	821	263	127
960	256	128	879	265	126
1023	256	128	937	267	126
0	320	128	109	317	130
64	320	128	121	317	130
128	320	128	155	317	130
192	320	128	201	317	130
256	320	128	253	317	130
320	320	128	307	317	129
384	320	128	363	318	129
448	320	128	419	318	129
512	320	128	476	319	129
576	320	128	534	319	129
640	320	128	591	320	129
704	320	128	649	321	129
768	320	128	707	322	128
832	320	128	765	323	128
896	320	128	823	324	128
960	320	128	881	325	128
1023	320	128	938	327	127
0	384	128	129	380	131
64	384	128	139	380	131
128	384	128	169	380	131
192	384	128	212	380	131
256	384	128	261	380	131
320	384	128	314	380	131
384	384	128	368	381	131
448	384	128	424	381	131
512	384	128	480	381	131
576	384	128	537	382	131
640	384	128	594	383	131
704	384	128	652	383	130
768	384	128	709	384	130
832	384	128	767	385	130
896	384	128	825	386	130
960	384	128	883	387	130
1023	384	128	940	388	129
0	448	128	150	443	133
64	448	128	159	443	133
128	448	128	185	443	133
192	448	128	224	443	133
256	448	128	271	443	133
320	448	128	321	443	133
384	448	128	375	444	133
448	448	128	429	444	133
512	448	128	485	444	133
576	448	128	541	445	133
640	448	128	598	445	133
704	448	128	655	446	133
768	448	128	712	447	132
832	448	128	770	447	132
896	448	128	827	448	132
960	448	128	885	449	132
1023	448	128	942	450	131
0	512	128	171	506	136
64	512	128	178	506	136
128	512	128	202	506	136
192	512	128	238	506	136
256	512	128	282	506	136
320	512	128	330	506	136
384	512	128	382	507	136
448	512	128	436	507	136
512	512	128	490	507	135
576	512	128	546	508	135
640	512	128	602	508	135
704	512	128	659	509	135
768	512	128	716	509	135
832	512	128	773	510	135
896	512	128	830	510	134
960	512	128	888	511	134
1023	512	128	945	512	134
0	576	128	192	569	139
64	576	128	199	569	139
128	576	128	219	569	139
192	576	128	252	569	139
256	576	128	294	569	139
320	576	128	340	570	138
384	576	128	391	570	138
448	576	128	443	570	138
512	576	128	497	570	138
576	576	128	552	571	138
640	576	128	607	571	138
704	576	128	663	571	138
768	576	128	720	572	138
832	576	128	777	572	137
896	576	128	834	573	137
960	576	128	891	574	137
1023	576	128	947	574	137
0	640	128	213	632	142
64	640	128	219	632	142
128	640	128	238	632	142
192	640	128	268	633	142
256	640	128	307	633	142
320	640	128	352	633	142
384	640	128	400	633	141
448	640	128	451	633	141
512	640	128	504	633	141
576	640	128	558	634	141
640	640	128	613	634	141
704	640	128	668	634	141
768	640	128	724	635	141
832	640	128	781	635	140
896	640	128	838	636	140
960	640	128	895	636	140
1023	640	128	951	637	140
0	704	128	235	696	145
64	704	128	240	696	145
128	704	128	256	696	145
192	704	128	284	696	145
256	704	128	321	696	145
320	704	128	364	696	145
384	704	128	410	696	145
448	704	128	460	696	145
512	704	128	512	697	145
576	704	128	565	697	145
640	704	128	619	697	144
704	704	128	674	697	144
768	704	128	730	698	144
832	704	128	785	698	144
896	704	128	842	699	144
960	704	128	899	699	143
1023	704	128	955	700	143
0	768	128	256	759	149
64	768	128	260	759	149
128	768	128	276	759	149
192	768	128	301	759	149
256	768	128	336	759	149
320	768	128	376	759	149
384	768	128	422	759	149
448	768	128	470	759	148
512	768	128	520	760	148
576	768	128	573	760	148
640	768	128	626	760	148
704	768	128	680	760	148
768	768	128	735	761	148
832	768	128	791	761	148
896	768	128	847	762	147
960	768	128	903	762	147
1023	768	128	959	762	147
0	832	128	277	822	153
64	832	128	281	822	153
128	832	128	295	822	153
192	832	128	319	822	153
256	832	128	351	822	153
320	832	128	390	822	153
384	832	128	434	822	152
448	832	128	480	823	152
512	832	128	530	823	152
576	832	128	581	823	152
640	832	128	633	823	152
704	832	128	687	824	152
768	832	128	741	824	152
832	832	128	796	824	152
896	832	128	852	825	151
960	832	128	908	825	151
1023	832	128	963	825	151
0	896	128	298	885	157
64	896	128	302	885	157
128	896	128	315	885	157
192	896	128	337	885	157
256	896	128	368	885	157
320	896	128	404	886	157
384	896	128	446	886	157
448	896	128	492	886	157
512	896	128	540	886	156
576	896	128	590	886	156
640	896	128	642	886	156
704	896	128	694	887	156
768	896	128	748	887	156
832	896	128	803	887	156
896	896	128	858	888	156
960	896	128	913	888	155
1023	896	128	968	888	155
0	960	128	319	948	161
64	960	128	323	948	161
128	960	128	335	949	161
192	960	128	356	949	161
256	960	128	384	949	161
320	960	128	419	949	161
384	960	128	460	949	161
448	960	128	504	949	161
512	960	128	551	949	161
576	960	128	600	949	161
640	960	128	650	949	161
704	960	128	702	950	161
768	960	128	755	950	160
832	960	128	809	950	160
896	960	128	864	951	160
960	960	128	919	951	160
1023	960	128	973	951	160
0	1023	128	340	1011	166
64	1023	128	343	1011	166
128	1023	128	354	1011	166
192	1023	128	374	1011	166
256	1023	128	401	1011	166
320	1023	128	435	1011	166
384	1023	128	473	1011	166
448	1023	128	516	1011	165
512	1023	128	562	1011	165
576	1023	128	610	1011	165
640	1023	128	659	1012	165
704	1023	128	711	1012	165
768	1023	128	763	1012	165
832	1023	128	816	1012	165
896	1023	128	870	1013	165
960	1023	128	925	1013	164
1023	1023	128	979	1013	164
0	0	192	43	33	189
64	0	192	70	34	189
128	0	192	123	35	189
192	0	192	179	37	189
256	0	192	236	40	189
320	0	192	294	43	189
384	0	192	352	47	189
448	0	192	411	52	189
512	0	192	469	57	189
576	0	192	527	62	189
640	0	192	585	67	188
704	0	192	644	72	188
768	0	192	702	78	188
832	0	192	761	83	188
896	0	192	819	89	188
960	0	192	877	94	188
1023	0	192	935	100	188
0	64	192	47	70	189
64	64	192	73	70	189
128	64	192	124	70	189
192	64	192	180	71	189
256	64	192	237	73	189
320	64	192	295	75	189
384	64	192	353	77	189
448	64	192	411	79	189
512	64	192	469	82	189
576	64	192	527	86	189
640	64	192	586	89	189
704	64	192	644	93	188
768	64	192	702	97	188
832	64	192	761	101	188
896	64	192	819	106	188
960	64	192	878	110	188
1023	64	192	935	115	188
0	128	192	58	129	189
64	128	192	80	130	189
128	128	192	128	130	189
192	128	192	182	130	189
256	128	192	239	131	189
320	128	192	296	132	189
384	128	192	354	133	189
448	128	192	412	134	189
512	128	192	470	136	189
576	128	192	528	138	189
640	128	192	586	140	189
704	128	192	645	142	189
768	128	192	703	144	189
832	128	192	761	147	188
896	128	192	820	150	188
960	128	192	878	153	188
1023	128	192	935	156	188
0	192	192	75	192	190
64	192	192	92	192	190
128	192	192	135	192	190
192	192	192	187	192	190
256	192	192	242	192	190
320	192	192	299	193	190
384	192	192	356	194	190
448	192	192	414	195	189
512	192	192	471	196	189
576	192	192	529	197	189
640	192	192	587	198	189
704	192	192	646	200	189
768	192	192	704	201	189
832	192	192	762	203	189
896	192	192	820	205	189
960	192	192	879	207	189
1023	192	192	936	209	188
0	256	192	93	254	190
64	256	192	107	254	190
128	256	192	145	254	190
192	256	192	194	255	190
256	256	192	247	255	190
320	256	192	303	255	190
384	256	192	359	256	190
448	256	192	416	256	190
512	256	192	474	257	190
576	256	192	531	258	190
640	256	192	589	259	190
704	256	192	647	260	190
768	256	192	705	261	190
832	256	192	763	263	190
896	256	192	822	264	189
960	256	192	880	266	189
1023	256	192	937	267	189
0	320	192	112	317	191
64	320	192	124	317	191
128	320	192	157	317	191
192	320	192	203	317	191
256	320	192	254	318	191
320	320	192	308	318	191
384	320	192	364	318	191
448	320	192	420	319	191
512	320	192	477	319	191
576	320	192	534	320	191
640	320	192	592	321	191
704	320	192	649	322	191
768	320	192	707	323	191
832	320	192	765	324	190
896	320	192	823	325	190
960	320	192	881	326	190
1023	320	192	938	327	190
0	384	192	132	380	192
64	384	192	142	380	192
128	384	192	171	380	192
192	384	192	213	380	192
256	384	192	262	381	192
320	384	192	315	381	192
384	384	192	369	381	192
448	384	192	424	382	192
512	384	192	481	382	192
576	384	192	538	382	192
640	384	192	595	383	192
704	384	192	652	384	192
768	384	192	710	385	192
832	384	192	767	385	191
896	384	192	825	386	191
960	384	192	883	387	191
1023	384	192	940	388	191
0	448	192	153	443	194
64	448	192	161	443	194
128	448	192	187	443	194
192	448	192	226	443	194
256	448	192	272	444	194
320	448	192	322	444	194
384	448	192	375	444	194
448	448	192	430	444	193
512	448	192	485	445	193
576	448	192	542	445	193
640	448	192	598	446	193
704	448	192	655	446	193
768	448	192	713	447	193
832	448	192	770	448	193
896	448	192	828	448	193
960	448	192	885	449	193
1023	448	192	942	450	192
0	512	192	173	506	195
64	512	192	181	506	195
128	512	192	203	506	195
192	512	192	239	507	195
256	512	192	283	507	195
320	512	192	331	507	195
384	512	192	383	507	195
448	512	192	436	507	195
512	512	192	491	508	195
576	512	192	547	508	195
640	512	192	603	508	195
704	512	192	659	509	195
768	512	192	716	509	195
832	512	192	773	510	194
896	512	192	831	511	194
960	512	192	888	511	194
1023	512	192	945	512	194
0	576	192	194	570	197
64	576	192	200	570	197
128	576	192	221	570	197
192	576	192	254	570	197
256	576	192	295	570	197
320	576	192	341	570	197
384	576	192	391	570	197
448	576	192	444	570	197
512	576	192	497	571	197
576	576	192	552	571	197
640	576	192	608	571	197
704	576	192	664	572	196
768	576	192	720	572	196
832	576	192	777	573	196
896	576	192	834	573	196
960	576	192	891	574	196
1023	576	192	948	575	196
0	640	192	215	633	199
64	640	192	221	633	199
128	640	192	239	633	199
192	640	192	269	633	199
256	640	192	308	633	199
320	640	192	352	633	199
384	640	192	401	633	199
448	640	192	452	633	199
512	640	192	504	634	199
576	640	192	558	634	199
640	640	192	613	634	199
704	640	192	669	635	198
768	640	192	725	635	198
832	640	192	781	636	198
896	640	192	838	636	198
960	640	192	895	637	198
1023	640	192	951	637	198
0	704	192	236	696	201
64	704	192	241	696	201
128	704	192	258	696	201
192	704	192	286	696	201
256	704	192	322	696	201
320	704	192	364	696	201
384	704	192	411	696	201
448	704	192	461	697	201
512	704	192	512	697	201
576	704	192	565	697	201
640	704	192	619	697	201
704	704	192	674	698	201
768	704	192	730	698	201
832	704	192	786	698	201
896	704	192	842	699	200
960	704	192	899	699	200
1023	704	192	955	700	200
0	768	192	257	759	204
64	768	192	261	759	204
128	768	192	277	759	204
192	768	192	303	759	204
256	768	192	337	759	204
320	768	192	377	759	204
384	768	192	422	759	204
448	768	192	471	760	204
512	768	192	521	760	204
576	768	192	573	760	203
640	768	192	626	760	203
704	768	192	681	761	203
768	768	192	736	761	203
832	768	192	791	761	203
896	768	192	847	762	203
960	768	192	903	762	203
1023	768	192	959	763	203
0	832	192	278	822	207
64	832	192	282	822	207
128	832	192	296	822	207
192	832	192	320	822	206
256	832	192	352	822	206
320	832	192	391	823	206
384	832	192	434	823	206
448	832	192	481	823	206
512	832	192	530	823	206
576	832	192	581	823	206
640	832	192	634	823	206
704	832	192	687	824	206
768	832	192	742	824	206
832	832	192	797	824	206
896	832	192	852	825	206
960	832	192	908	825	205
1023	832	192	963	826	205
0	896	192	299	885	209
64	896	192	303	885	209
128	896	192	316	885	209
192	896	192	338	886	209
256	896	192	368	886	209
320	896	192	405	886	209
384	896	192	447	886	209
448	896	192	492	886	209
512	896	192	540	886	209
576	896	192	590	886	209
640	896	192	642	887	209
704	896	192	695	887	209
768	896	192	749	887	209
832	896	192	803	887	209
896	896	192	858	888	209
960	896	192	913	888	208
1023	896	192	968	888	208
0	960	192	320	949	213
64	960	192	324	949	213
128	960	192	336	949	213
192	960	192	356	949	213
256	960	192	385	949	213
320	960	192	420	949	212
384	960	192	460	949	212
448	960	192	504	949	212
512	960	192	551	949	212
576	960	192	600	949	212
640	960	192	651	950	212
704	960	192	703	950	212
768	960	192	756	950	212
832	960	192	810	950	212
896	960	192	864	951	212
960	960	192	919	951	212
1023	960	192	974	951	211
0	1023	192	341	1011	216
64	1023	192	344	1011	216
128	1023	192	355	1011	216
192	1023	192	375	1011	216
256	1023	192	402	1011	216
320	1023	192	435	1011	216
384	1023	192	474	1011	216
448	1023	192	517	1011	216
512	1023	192	562	1011	216
576	1023	192	610	1012	216
640	1023	192	660	1012	215
704	1023	192	711	1012	215
768	1023	192	763	1012	215
832	1023	192	817	1012	215
896	1023	192	871	1013	215
960	1023	192	925	1013	215
1023	1023	192	979	1013	215
0	0	256	57	44	252
64	0	256	79	44	252
128	0	256	127	45	252
192	0	256	182	47	252
256	0	256	239	49	252
320	0	256	296	52	252
384	0	256	354	55	252
448	0	256	412	59	252
512	0	256	470	63	252
576	0	256	528	68	252
640	0	256	586	72	252
704	0	256	644	77	252
768	0	256	703	82	251
832	0	256	761	87	251
896	0	256	820	93	251
960	0	256	878	98	251
1023	0	256	935	103	251
0	64	256	60	75	252
64	64	256	81	75	252
128	64	256	128	76	252
192	64	256	183	76	252
256	64	256	239	78	252
320	64	256	296	79	252
384	64	256	354	81	252
448	64	256	412	84	252
512	64	256	470	87	252
576	64	256	528	90	252
640	64	256	586	93	252
704	64	256	645	97	252
768	64	256	703	101	252
832	64	256	761	105	251
896	64	256	820	109	251
960	64	256	878	113	251
1023	64	256	935	118	251
0	128	256	69	132	252
64	128	256	88	132	252
128	128	256	132	132	252
192	128	256	185	133	252
256	128	256	241	133	252
320	128	256	298	134	252
384	128	256	355	135	252
448	128	256	413	137	252
512	128	256	471	138	252
576	128	256	529	140	252
640	128	256	587	142	252
704	128	256	645	144	252
768	128	256	703	147	252
832	128	256	762	149	252
896	128	256	820	152	251
960	128	256	878	155	251
1023	128	256	936	158	251
0	192	256	83	193	252
64	192	256	98	193	252
128	192	256	139	193	252
192	192	256	190	194	252
256	192	256	244	194	252
320	192	256	300	195	252
384	192	256	357	195	252
448	192	256	415	196	252
512	192	256	472	197	252
576	192	256	530	198	252
640	192	256	588	200	252
704	192	256	646	201	252
768	192	256	704	203	252
832	192	256	763	205	252
896	192	256	821	207	252
960	192	256	879	209	252
1023	192	256	937	211	252
0	256	256	99	255	253
64	256	256	112	255	253
128	256	256	149	256	253
192	256	256	197	256	253
256	256	256	249	256	253
320	256	256	304	256	253
384	256	256	361	257	253
448	256	256	417	258	253
512	256	256	475	258	253
576	256	256	532	259	253
640	256	256	590	260	253
704	256	256	648	261	253
768	256	256	706	262	252
832	256	256	764	264	252
896	256	256	822	265	252
960	256	256	880	267	252
1023	256	256	938	268	252
0	320	256	118	318	254
64	320	256	128	318	254
128	320	256	161	318	254
192	320	256	205	318	254
256	320	256	256	319	254
320	320	256	310	319	253
384	320	256	365	319	253
448	320	256	421	320	253
512	320	256	478	320	253
576	320	256	535	321	253
640	320	256	592	322	253
704	320	256	650	323	253
768	320	256	708	323	253
832	320	256	766	324	253
896	320	256	824	326	253
960	320	256	882	327	253
1023	320	256	939	328	253
0	384	256	137	381	254
64	384	256	146	381	254
128	384	256	174	381	254
192	384	256	216	381	254
256	384	256	264	381	254
320	384	256	316	382	254
384	384	256	370	382	254
448	384	256	426	382	254
512	384	256	482	383	254
576	384	256	538	383	254
640	384	256	595	384	254
704	384	256	653	384	254
768	384	256	710	385	254
832	384	256	768	386	254
896	384	256	826	387	254
960	384	256	884	388	254
1023	384	256	941	389	253
0	448	256	157	444	255
64	448	256	164	444	255
128	448	256	190	444	255
192	448	256	228	444	255
256	448	256	274	444	255
320	448	256	324	444	255
384	448	256	377	445	255
448	448	256	431	445	255
512	448	256	486	445	255
576	448	256	542	446	255
640	448	256	599	446	255
704	448	256	656	447	255
768	448	256	713	447	255
832	448	256	771	448	255
896	448	256	828	449	255
960	448	256	886	450	254
1023	448	256	943	451	254
0	512	256	177	507	256
64	512	256	184	507	256
128	512	256	206	507	256
192	512	256	241	507	256
256	512	256	284	507	256
320	512	256	333	507	256
384	512	256	384	508	256
448	512	256	437	508	256
512	512	256	492	508	256
576	512	256	547	509	256
640	512	256	603	509	256
704	512	256	660	509	256
768	512	256	717	510	256
832	512	256	774	511	256
896	512	256	831	511	256
960	512	256	889	512	256
1023	512	256	945	513	255
0	576	256	197	570	258
64	576	256	203	570	258
128	576	256	223	570	258
192	576	256	256	570	258
256	576	256	296	570	258
320	576	256	343	570	258
384	576	256	393	571	258
448	576	256	445	571	258
512	576	256	498	571	258
576	576	256	553	571	257
640	576	256	608	572	257
704	576	256	664	572	257
768	576	256	721	573	257
832	576	256	777	573	257
896	576	256	834	574	257
960	576	256	892	574	257
1023	576	256	948	575	257
0	640	256	218	633	259
64	640	256	223	633	259
128	640	256	241	633	259
192	640	256	271	633	259
256	640	256	310	633	259
320	640	256	354	633	259
384	640	256	402	634	259
448	640	256	453	634	259
512	640	256	505	634	259
576	640	256	559	634	259
640	640	256	614	635	259
704	640	256	669	635	259
768	640	256	725	635	259
832	640	256	782	636	259
896	640	256	838	636	259
960	640	256	895	637	258
1023	640	256	951	638	258
0	704	256	238	696	261
64	704	256	243	696	261
128	704	256	260	696	261
192	704	256	287	696	261
256	704	256	323	696	261
320	704	256	366	697	261
384	704	256	412	697	261
448	704	256	462	697	261
512	704	256	513	697	261
576	704	256	566	697	261
640	704	256	620	698	261
704	704	256	675	698	260
768	704	256	730	698	260
832	704	256	786	699	260
896	704	256	843	699	260
960	704	256	899	700	260
1023	704	256	955	700	260
0	768	256	259	759	263
64	768	256	263	759	263
128	768	256	279	759	263
192	768	256	304	759	263
256	768	256	338	760	263
320	768	256	379	760	263
384	768	256	423	760	263
448	768	256	471	760	263
512	768	256	522	760	262
576	768	256	574	760	262
640	768	256	627	761	262
704	768	256	681	761	262
768	768	256	736	761	262
832	768	256	792	762	262
896	768	256	847	762	262
960	768	256	904	763	262
1023	768	256	959	763	262
0	832	256	280	823	265
64	832	256	284	823	265
128	832	256	298	823	265
192	832	256	322	823	265
256	832	256	354	823	265
320	832	256	392	823	265
384	832	256	435	823	265
448	832	256	482	823	265
512	832	256	531	823	264
576	832	256	582	823	264
640	832	256	635	824	264
704	832	256	688	824	264
768	832	256	742	824	264
832	832	256	797	825	264
896	832	256	853	825	264
960	832	256	909	825	264
1023	832	256	964	826	264
0	896	256	301	886	267
64	896	256	304	886	267
128	896	256	317	886	267
192	896	256	339	886	267
256	896	256	370	886	267
320	896	256	406	886	267
384	896	256	448	886	267
448	896	256	493	886	267
512	896	256	541	886	267
576	896	256	591	887	267
640	896	256	643	887	267
704	896	256	695	887	266
768	896	256	749	887	266
832	896	256	803	888	266
896	896	256	858	888	266
960	896	256	914	888	266
1023	896	256	969	889	266
0	960	256	322	949	269
64	960	256	325	949	269
128	960	256	337	949	269
192	960	256	358	949	269
256	960	256	386	949	269
320	960	256	421	949	269
384	960	256	461	949	269
448	960	256	505	949	269
512	960	256	552	949	269
576	960	256	601	950	269
640	960	256	651	950	269
704	960	256	703	950	269
768	960	256	756	950	269
832	960	256	810	951	269
896	960	256	865	951	269
960	960	256	920	951	268
1023	960	256	974	952	268
0	1023	256	342	1011	272
64	1023	256	346	1011	272
128	1023	256	357	1011	272
192	1023	256	376	1011	272
256	1023	256	403	1011	272
320	1023	256	436	1011	272
384	1023	256	475	1011	272
448	1023	256	517	1012	272
512	1023	256	563	1012	272
576	1023	256	611	1012	271
640	1023	256	661	1012	271
704	1023	256	712	1012	271
768	1023	256	764	1012	271
832	1023	256	817	1013	271
896	1023	256	871	1013	271
960	1023	256	926	1013	271
1023	1023	256	980	1014	271
0	0	320	71	55	315
64	0	320	89	55	315
128	0	320	133	56	315
192	0	320	186	57	315
256	0	320	241	59	315
320	0	320	298	61	315
384	0	320	355	64	315
448	0	320	413	67	315
512	0	320	471	71	315
576	0	320	529	75	315
640	0	320	587	79	315
704	0	320	645	83	315
768	0	320	704	88	315
832	0	320	762	93	315
896	0	320	820	98	314
960	0	320	878	103	314
1023	0	320	936	108	314
0	64	320	73	81	315
64	64	320	91	82	315
128	64	320	134	82	315
192	64	320	187	83	315
256	64	320	242	84	315
320	64	320	299	85	315
384	64	320	356	87	315
448	64	320	413	90	315
512	64	320	471	92	315
576	64	320	529	95	315
640	64	320	587	98	315
704	64	320	646	102	315
768	64	320	704	105	315
832	64	320	762	109	315
896	64	320	820	113	314
960	64	320	879	117	314
1023	64	320	936	122	314
0	128	320	81	135	315
64	128	320	97	135	315
128	128	320	138	136	315
192	128	320	189	136	315
256	128	320	244	137	315
320	128	320	300	138	315
384	128	320	357	139	315
448	128	320	414	140	315
512	128	320	472	141	315
576	128	320	530	143	315
640	128	320	588	145	315
704	128	320	646	147	315
768	128	320	704	150	315
832	128	320	762	152	315
896	128	320	821	155	315
960	128	320	879	158	314
1023	128	320	936	161	314
0	192	320	92	195	315
64	192	320	106	195	315
128	192	320	145	195	315
192	192	320	194	196	315
256	192	320	247	196	315
320	192	320	303	197	315
384	192	320	359	197	315
448	192	320	416	198	315
512	192	320	474	199	315
576	192	320	531	200	315
640	192	320	589	202	315
704	192	320	647	203	315
768	192	320	705	205	315
832	192	320	763	207	315
896	192	320	822	209	315
960	192	320	880	211	315
1023	192	320	937	213	315
0	256	320	107	257	316
64	256	320	119	257	316
128	256	320	154	257	316
192	256	320	200	257	316
256	256	320	252	258	316
320	256	320	307	258	316
384	256	320	362	258	316
448	256	320	419	259	316
512	256	320	476	260	316
576	256	320	533	261	316
640	256	320	591	262	315
704	256	320	649	263	315
768	256	320	707	264	315
832	256	320	765	265	315
896	256	320	823	267	315
960	256	320	881	268	315
1023	256	320	938	270	315
0	320	320	124	319	316
64	320	320	134	319	316
128	320	320	165	319	316
192	320	320	209	319	316
256	320	320	259	320	316
320	320	320	312	320	316
384	320	320	367	320	316
448	320	320	422	321	316
512	320	320	479	321	316
576	320	320	536	322	316
640	320	320	593	323	316
704	320	320	651	324	316
768	320	320	709	325	316
832	320	320	766	326	316
896	320	320	824	327	316
960	320	320	882	328	316
1023	320	320	939	329	315
0	384	320	142	382	317
64	384	320	151	382	317
128	384	320	179	382	317
192	384	320	219	382	317
256	384	320	267	382	317
320	384	320	318	382	317
384	384	320	372	383	317
448	384	320	427	383	317
512	384	320	483	384	317
576	384	320	539	384	317
640	384	320	596	385	317
704	384	320	654	385	316
768	384	320	711	386	316
832	384	320	769	387	316
896	384	320	826	388	316
960	384	320	884	389	316
1023	384	320	941	390	316
0	448	320	161	445	318
64	448	320	169	445	318
128	448	320	193	445	318
192	448	320	231	445	318
256	448	320	276	445	317
320	448	320	326	445	317
384	448	320	378	445	317
448	448	320	432	446	317
512	448	320	488	446	317
576	448	320	544	447	317
640	448	320	600	447	317
704	448	320	657	448	317
768	448	320	714	448	317
832	448	320	771	449	317
896	448	320	829	450	317
960	448	320	886	451	317
1023	448	320	943	451	317
0	512	320	181	508	318
64	512	320	187	508	318
128	512	320	209	508	318
192	512	320	244	508	318
256	512	320	287	508	318
320	512	320	335	508	318
384	512	320	386	508	318
448	512	320	439	509	318
512	512	320	493	509	318
576	512	320	548	509	318
640	512	320	604	510	318
704	512	320	661	510	318
768	512	320	717	511	318
832	512	320	774	511	318
896	512	320	832	512	318
960	512	320	889	513	318
1023	512	320	946	513	318
0	576	320	201	571	319
64	576	320	207	571	319
128	576	320	226	571	319
192	576	320	258	571	319
256	576	320	299	571	319
320	576	320	345	571	319
384	576	320	394	571	319
448	576	320	446	571	319
512	576	320	499	572	319
576	576	320	554	572	319
640	576	320	609	572	319
704	576	320	665	573	319
768	576	320	721	573	319
832	576	320	778	574	319
896	576	320	835	574	319
960	576	320	892	575	319
1023	576	320	949	576	319
0	640	320	221	634	321
64	640	320	226	634	321
128	640	320	244	634	321
192	640	320	274	634	321
256	640	320	312	634	321
320	640	320	356	634	320
384	640	320	404	634	320
448	640	320	454	634	320
512	640	320	507	635	320
576	640	320	560	635	320
640	640	320	615	635	320
704	640	320	670	636	320
768	640	320	726	636	320
832	640	320	782	636	320
896	640	320	839	637	320
960	640	320	896	637	320
1023	640	320	952	638	320
0	704	320	241	697	322
64	704	320	246	697	322
128	704	320	262	697	322
192	704	320	290	697	322
256	704	320	325	697	322
320	704	320	368	697	322
384	704	320	414	697	322
448	704	320	463	697	322
512	704	320	514	698	322
576	704	320	567	698	322
640	704	320	621	698	322
704	704	320	676	698	322
768	704	320	731	699	321
832	704	320	787	699	321
896	704	320	843	700	321
960	704	320	900	700	321
1023	704	320	956	701	321
0	768	320	262	760	323
64	768	320	266	760	323
128	768	320	281	760	323
192	768	320	306	760	323
256	768	320	340	760	323
320	768	320	380	760	323
384	768	320	425	760	323
448	768	320	473	760	323
512	768	320	523	761	323
576	768	320	575	761	323
640	768	320	628	761	323
704	768	320	682	761	323
768	768	320	737	762	323
832	768	320	792	762	323
896	768	320	848	762	323
960	768	320	904	763	323
1023	768	320	960	763	323
0	832	320	282	823	325
64	832	320	286	823	325
128	832	320	300	823	325
192	832	320	324	823	325
256	832	320	355	823	325
320	832	320	394	823	325
384	832	320	437	823	325
448	832	320	483	823	325
512	832	320	532	824	325
576	832	320	583	824	325
640	832	320	635	824	325
704	832	320	689	824	325
768	832	320	743	825	324
832	832	320	798	825	324
896	832	320	853	825	324
960	832	320	909	826	324
1023	832	320	964	826	324
0	896	320	303	886	327
64	896	320	307	886	327
128	896	320	319	886	327
192	896	320	341	886	327
256	896	320	371	886	326
320	896	320	408	886	326
384	896	320	449	886	326
448	896	320	494	887	326
512	896	320	542	887	326
576	896	320	592	887	326
640	896	320	644	887	326
704	896	320	696	887	326
768	896	320	750	888	326
832	896	320	804	888	326
896	896	320	859	888	326
960	896	320	914	889	326
1023	896	320	969	889	326
0	960	320	324	949	328
64	960	320	327	949	328
128	960	320	339	949	328
192	960	320	360	949	328
256	960	320	388	949	328
320	960	320	423	949	328
384	960	320	463	950	328
448	960	320	506	950	328
512	960	320	553	950	328
576	960	320	602	950	328
640	960	320	652	950	328
704	960	320	704	950	328
768	960	320	757	951	328
832	960	320	811	951	328
896	960	320	865	951	328
960	960	320	920	952	328
1023	960	320	975	952	328
0	1023	320	344	1011	330
64	1023	320	347	1011	330
128	1023	320	358	1011	330
192	1023	320	378	1011	330
256	1023	320	405	1012	330
320	1023	320	438	1012	330
384	1023	320	476	1012	330
448	1023	320	519	1012	330
512	1023	320	564	1012	330
576	1023	320	612	1012	330
640	1023	320	661	1012	330
704	1023	320	712	1013	330
768	1023	320	765	1013	330
832	1023	320	818	1013	330
896	1023	320	872	1013	330
960	1023	320	926	1014	330
1023	1023	320	980	1014	330
0	0	384	85	66	378
64	0	384	100	66	378
128	0	384	141	67	378
192	0	384	191	68	378
256	0	384	245	69	378
320	0	384	301	71	378
384	0	384	358	74	378
448	0	384	415	76	378
512	0	384	473	79	378
576	0	384	530	83	378
640	0	384	588	87	378
704	0	384	646	91	378
768	0	384	705	95	378
832	0	384	763	99	378
896	0	384	821	104	378
960	0	384	879	108	377
1023	0	384	937	113	377
0	64	384	87	89	378
64	64	384	102	89	378
128	64	384	142	89	378
192	64	384	192	90	378
256	64	384	246	91	378
320	64	384	301	92	378
384	64	384	358	94	378
448	64	384	415	96	378
512	64	384	473	99	378
576	64	384	531	101	378
640	64	384	589	104	378
704	64	384	647	107	378
768	64	384	705	111	378
832	64	384	763	114	378
896	64	384	821	118	378
960	64	384	879	122	377
1023	64	384	937	127	377
0	128	384	93	140	378
64	128	384	107	140	378
128	128	384	145	140	378
192	128	384	194	140	378
256	128	384	247	141	378
320	128	384	303	142	378
384	128	384	359	143	378
448	128	384	416	144	378
512	128	384	474	145	378
576	128	384	531	147	378
640	128	384	589	149	378
704	128	384	647	151	378
768	128	384	705	153	378
832	128	384	763	156	378
896	128	384	822	159	378
960	128	384	880	161	378
1023	128	384	937	164	378
0	192	384	103	198	378
64	192	384	116	198	378
128	192	384	151	198	378
192	192	384	198	198	378
256	192	384	251	199	378
320	192	384	305	199	378
384	192	384	361	200	378
448	192	384	418	201	378
512	192	384	475	202	378
576	192	384	533	203	378
640	192	384	590	204	378
704	192	384	648	206	378
768	192	384	706	207	378
832	192	384	764	209	378
896	192	384	822	211	378
960	192	384	881	213	378
1023	192	384	938	215	378
0	256	384	117	259	379
64	256	384	128	259	379
128	256	384	160	259	379
192	256	384	205	259	379
256	256	384	256	259	379
320	256	384	309	260	379
384	256	384	365	260	378
448	256	384	421	261	378
512	256	384	478	262	378
576	256	384	535	263	378
640	256	384	592	264	378
704	256	384	650	265	378
768	256	384	708	266	378
832	256	384	766	267	378
896	256	384	824	268	378
960	256	384	882	270	378
1023	256	384	939	272	378
0	320	384	132	321	379
64	320	384	142	321	379
128	320	384	171	321	379
192	320	384	213	321	379
256	320	384	262	321	379
320	320	384	314	322	379
384	320	384	369	322	379
448	320	384	424	322	379
512	320	384	481	323	379
576	320	384	537	324	379
640	320	384	595	324	379
704	320	384	652	325	379
768	320	384	710	326	379
832	320	384	767	327	379
896	320	384	825	328	379
960	320	384	883	329	378
1023	320	384	940	331	378
0	384	384	149	383	379
64	384	384	157	383	379
128	384	384	184	383	379
192	384	384	223	383	379
256	384	384	270	383	379
320	384	384	321	384	379
384	384	384	374	384	379
448	384	384	429	384	379
512	384	384	485	385	379
576	384	384	541	385	379
640	384	384	598	386	379
704	384	384	655	387	379
768	384	384	712	387	379
832	384	384	770	388	379
896	384	384	827	389	379
960	384	384	885	390	379
1023	384	384	942	391	379
0	448	384	167	446	380
64	448	384	174	446	380
128	448	384	198	446	380
192	448	384	235	446	380
256	448	384	279	446	380
320	448	384	328	446	380
384	448	384	380	446	380
448	448	384	434	447	380
512	448	384	489	447	380
576	448	384	545	448	380
640	448	384	601	448	380
704	448	384	658	449	380
768	448	384	715	449	380
832	448	384	772	450	380
896	448	384	830	451	380
960	448	384	887	452	380
1023	448	384	944	452	379
0	512	384	186	508	381
64	512	384	192	508	381
128	512	384	214	508	381
192	512	384	248	509	381
256	512	384	290	509	381
320	512	384	337	509	381
384	512	384	388	509	381
448	512	384	441	509	381
512	512	384	495	510	381
576	512	384	550	510	381
640	512	384	606	511	381
704	512	384	662	511	380
768	512	384	718	512	380
832	512	384	775	512	380
896	512	384	833	513	380
960	512	384	890	513	380
1023	512	384	947	514	380
0	576	384	205	571	382
64	576	384	211	571	382
128	576	384	230	571	382
192	576	384	262	571	382
256	576	384	302	572	382
320	576	384	347	572	381
384	576	384	396	572	381
448	576	384	448	572	381
512	576	384	501	572	381
576	576	384	555	573	381
640	576	384	610	573	381
704	576	384	666	574	381
768	576	384	722	574	381
832	576	384	779	575	381
896	576	384	836	575	381
960	576	384	893	576	381
1023	576	384	949	576	381
0	640	384	225	634	382
64	640	384	230	634	382
128	640	384	248	634	382
192	640	384	277	634	382
256	640	384	314	634	382
320	640	384	358	635	382
384	640	384	406	635	382
448	640	384	456	635	382
512	640	384	508	635	382
576	640	384	562	636	382
640	640	384	616	636	382
704	640	384	671	636	382
768	640	384	727	637	382
832	640	384	783	637	382
896	640	384	840	638	382
960	640	384	897	638	382
1023	640	384	953	639	382
0	704	384	245	697	383
64	704	384	249	697	383
128	704	384	266	697	383
192	704	384	293	697	383
256	704	384	328	697	383
320	704	384	370	698	383
384	704	384	416	698	383
448	704	384	465	698	383
512	704	384	516	698	383
576	704	384	569	698	383
640	704	384	622	699	383
704	704	384	677	699	383
768	704	384	732	699	383
832	704	384	788	700	383
896	704	384	844	700	383
960	704	384	901	701	383
1023	704	384	956	701	383
0	768	384	265	760	385
64	768	384	269	760	385
128	768	384	284	760	385
192	768	384	309	760	385
256	768	384	343	760	385
320	768	384	382	761	385
384	768	384	427	761	385
448	768	384	474	761	385
512	768	384	524	761	385
576	768	384	576	761	384
640	768	384	629	762	384
704	768	384	683	762	384
768	768	384	738	762	384
832	768	384	793	763	384
896	768	384	849	763	384
960	768	384	905	763	384
1023	768	384	961	764	384
0	832	384	285	823	386
64	832	384	289	823	386
128	832	384	303	823	386
192	832	384	326	823	386
256	832	384	358	824	386
320	832	384	396	824	386
384	832	384	439	824	386
448	832	384	485	824	386
512	832	384	534	824	386
576	832	384	584	824	386
640	832	384	637	825	386
704	832	384	690	825	386
768	832	384	744	825	386
832	832	384	799	825	386
896	832	384	854	826	385
960	832	384	910	826	385
1023	832	384	965	827	385
0	896	384	306	886	387
64	896	384	309	887	387
128	896	384	322	887	387
192	896	384	344	887	387
256	896	384	374	887	387
320	896	384	410	887	387
384	896	384	451	887	387
448	896	384	496	887	387
512	896	384	544	887	387
576	896	384	593	887	387
640	896	384	645	888	387
704	896	384	697	888	387
768	896	384	751	888	387
832	896	384	805	888	387
896	896	384	860	889	387
960	896	384	915	889	387
1023	896	384	970	889	387
0	960	384	326	950	389
64	960	384	330	950	389
128	960	384	341	950	389
192	960	384	362	950	389
256	960	384	390	950	389
320	960	384	425	950	389
384	960	384	464	950	389
448	960	384	508	950	389
512	960	384	554	950	389
576	960	384	603	950	389
640	960	384	653	951	389
704	960	384	705	951	389
768	960	384	758	951	389
832	960	384	812	951	388
896	960	384	866	952	388
960	960	384	921	952	388
1023	960	384	975	952	388
0	1023	384	347	1012	390
64	1023	384	350	1012	390
128	1023	384	361	1012	390
192	1023	384	380	1012	390
256	1023	384	407	1012	390
320	1023	384	440	1012	390
384	1023	384	478	1012	390
448	1023	384	520	1012	390
512	1023	384	565	1012	390
576	1023	384	613	1012	390
640	1023	384	662	1013	390
704	1023	384	713	1013	390
768	1023	384	766	1013	390
832	1023	384	819	1013	390
896	1023	384	873	1014	390
960	1023	384	927	1014	390
1023	1023	384	981	1014	390
0	0	448	99	77	441
64	0	448	112	78	441
128	0	448	149	78	441
192	0	448	197	79	441
256	0	448	249	80	441
320	0	448	304	82	441
384	0	448	361	84	441
448	0	448	417	86	441
512	0	448	475	89	441
576	0	448	532	92	441
640	0	448	590	95	441
704	0	448	648	99	441
768	0	448	706	102	441
832	0	448	764	106	441
896	0	448	822	111	441
960	0	448	880	115	441
1023	0	448	938	119	440
0	64	448	101	97	441
64	64	448	114	97	441
128	64	448	150	97	441
192	64	448	197	98	441
256	64	448	250	99	441
320	64	448	305	100	441
384	64	448	361	102	441
448	64	448	418	104	441
512	64	448	475	106	441
576	64	448	532	108	441
640	64	448	590	111	441
704	64	448	648	114	441
768	64	448	706	117	441
832	64	448	764	121	441
896	64	448	822	124	441
960	64	448	880	128	441
1023	64	448	938	132	440
0	128	448	106	144	441
64	128	448	118	144	441
128	128	448	153	145	441
192	128	448	200	145	441
256	128	448	252	146	441
320	128	448	306	146	441
384	128	448	362	147	441
448	128	448	419	149	441
512	128	448	476	150	441
576	128	448	533	152	441
640	128	448	591	154	441
704	128	448	649	156	441
768	128	448	707	158	441
832	128	448	765	160	441
896	128	448	823	163	441
960	128	448	881	166	441
1023	128	448	938	169	441
0	192	448	115	201	441
64	192	448	126	201	441
128	192	448	159	201	441
192	192	448	204	202	441
256	192	448	255	202	441
320	192	448	309	203	441
384	192	448	364	203	441
448	192	448	420	204	441
512	192	448	477	205	441
576	192	448	534	206	441
640	192	448	592	207	441
704	192	448	650	209	441
768	192	448	707	210	441
832	192	448	765	212	441
896	192	448	823	214	441
960	192	448	881	216	441
1023	192	448	939	218	441
0	256	448	127	261	441
64	256	448	137	261	441
128	256	448	167	261	441
192	256	448	210	262	441
256	256	448	260	262	441
320	256	448	313	262	441
384	256	448	367	263	441
448	256	448	423	263	441
512	256	448	480	264	441
576	256	448	536	265	441
640	256	448	594	266	441
704	256	448	651	267	441
768	256	448	709	268	441
832	256	448	767	269	441
896	256	448	825	271	441
960	256	448	883	272	441
1023	256	448	940	274	441
0	320	448	141	323	442
64	320	448	150	323	442
128	320	448	178	323	442
192	320	448	218	323	442
256	320	448	266	323	442
320	320	448	318	323	442
384	320	448	371	324	442
448	320	448	427	324	442
512	320	448	483	325	442
576	320	448	539	325	442
640	320	448	596	326	442
704	320	448	653	327	442
768	320	448	711	328	442
832	320	448	768	329	441
896	320	448	826	330	441
960	320	448	884	331	441
1023	320	448	941	332	441
0	384	448	157	385	442
64	384	448	165	385	442
128	384	448	190	385	442
192	384	448	228	385	442
256	384	448	274	385	442
320	384	448	324	385	442
384	384	448	377	385	442
448	384	448	431	386	442
512	384	448	486	386	442
576	384	448	543	387	442
640	384	448	599	387	442
704	384	448	656	388	442
768	384	448	713	389	442
832	384	448	771	390	442
896	384	448	828	391	442
960	384	448	886	392	442
1023	384	448	943	393	442
0	448	448	174	447	443
64	448	448	181	447	443
128	448	448	204	447	443
192	448	448	239	447	443
256	448	448	283	447	443
320	448	448	332	447	443
384	448	448	383	448	443
448	448	448	436	448	443
512	448	448	491	448	443
576	448	448	547	449	443
640	448	448	603	449	442
704	448	448	659	450	442
768	448	448	716	451	442
832	448	448	773	451	442
896	448	448	831	452	442
960	448	448	888	453	442
1023	448	448	945	454	442
0	512	448	192	509	443
64	512	448	198	509	443
128	512	448	219	510	443
192	512	448	252	510	443
256	512	448	293	510	443
320	512	448	340	510	443
384	512	448	390	510	443
448	512	448	443	510	443
512	512	448	497	511	443
576	512	448	551	511	443
640	512	448	607	512	443
704	512	448	663	512	443
768	512	448	720	513	443
832	512	448	777	513	443
896	512	448	834	514	443
960	512	448	891	515	443
1023	512	448	947	515	443
0	576	448	211	572	444
64	576	448	216	572	444
128	576	448	235	572	444
192	576	448	266	572	444
256	576	448	305	572	444
320	576	448	350	573	444
384	576	448	399	573	444
448	576	448	450	573	444
512	576	448	503	573	444
576	576	448	557	574	444
640	576	448	612	574	444
704	576	448	668	574	444
768	576	448	724	575	444
832	576	448	780	575	444
896	576	448	837	576	444
960	576	448	894	577	444
1023	576	448	950	577	443
0	640	448	230	635	445
64	640	448	235	635	445
128	640	448	252	635	445
192	640	448	280	635	445
256	640	448	318	635	445
320	640	448	361	635	445
384	640	448	408	636	445
448	640	448	458	636	445
512	640	448	510	636	445
576	640	448	563	636	445
640	640	448	618	637	445
704	640	448	673	637	444
768	640	448	728	637	444
832	640	448	784	638	444
896	640	448	841	638	444
960	640	448	898	639	444
1023	640	448	954	640	444
0	704	448	249	698	446
64	704	448	254	698	446
128	704	448	270	698	446
192	704	448	296	698	446
256	704	448	331	698	446
320	704	448	372	698	446
384	704	448	418	698	446
448	704	448	467	699	445
512	704	448	518	699	445
576	704	448	570	699	445
640	704	448	624	699	445
704	704	448	678	700	445
768	704	448	733	700	445
832	704	448	789	701	445
896	704	448	845	701	445
960	704	448	902	701	445
1023	704	448	957	702	445
0	768	448	269	761	447
64	768	448	273	761	447
128	768	448	288	761	447
192	768	448	312	761	447
256	768	448	345	761	447
320	768	448	385	761	446
384	768	448	429	761	446
448	768	448	476	762	446
512	768	448	526	762	446
576	768	448	578	762	446
640	768	448	631	762	446
704	768	448	684	763	446
768	768	448	739	763	446
832	768	448	794	763	446
896	768	448	850	764	446
960	768	448	906	764	446
1023	768	448	961	765	446
0	832	448	289	824	448
64	832	448	293	824	448
128	832	448	306	824	448
192	832	448	329	824	448
256	832	448	361	824	448
320	832	448	398	824	448
384	832	448	441	824	448
448	832	448	487	825	448
512	832	448	535	825	447
576	832	448	586	825	447
640	832	448	638	825	447
704	832	448	691	825	447
768	832	448	745	826	447
832	832	448	800	826	447
896	832	448	855	826	447
960	832	448	911	827	447
1023	832	448	966	827	447
0	896	448	309	887	449
64	896	448	313	887	449
128	896	448	325	887	449
192	896	448	347	887	449
256	896	448	376	887	449
320	896	448	412	887	449
384	896	448	453	887	449
448	896	448	498	888	449
512	896	448	545	888	449
576	896	448	595	888	449
640	896	448	646	888	449
704	896	448	699	888	449
768	896	448	752	889	449
832	896	448	806	889	448
896	896	448	861	889	448
960	896	448	916	890	448
1023	896	448	971	890	448
0	960	448	329	950	450
64	960	448	333	950	450
128	960	448	344	950	450
192	960	448	365	950	450
256	960	448	393	950	450
320	960	448	427	950	450
384	960	448	466	950	450
448	960	448	510	951	450
512	960	448	556	951	450
576	960	448	604	951	450
640	960	448	655	951	450
704	960	448	706	951	450
768	960	448	759	952	450
832	960	448	813	952	450
896	960	448	867	952	450
960	960	448	922	953	450
1023	960	448	976	953	450
0	1023	448	350	1012	451
64	1023	448	353	1012	451
128	1023	448	363	1012	451
192	1023	448	383	1012	451
256	1023	448	409	1012	451
320	1023	448	442	1012	451
384	1023	448	480	1013	451
448	1023	448	522	1013	451
512	1023	448	567	1013	451
576	1023	448	614	1013	451
640	1023	448	664	1013	451
704	1023	448	715	1013	451
768	1023	448	767	1014	451
832	1023	448	820	1014	451
896	1023	448	873	1014	451
960	1023	448	928	1014	451
1023	1023	448	982	1015	451
0	0	512	114	88	504
64	0	512	125	89	504
128	0	512	158	89	504
192	0	512	203	90	504
256	0	512	254	91	504
320	0	512	308	92	504
384	0	512	364	94	504
448	0	512	420	96	504
512	0	512	477	98	504
576	0	512	534	101	504
640	0	512	592	104	504
704	0	512	649	107	504
768	0	512	707	111	504
832	0	512	765	114	504
896	0	512	823	118	504
960	0	512	881	122	504
1023	0	512	939	126	504
0	64	512	115	106	504
64	64	512	126	106	504
128	64	512	159	106	504
192	64	512	204	107	504
256	64	512	255	107	504
320	64	512	309	109	504
384	64	512	364	110	504
448	64	512	420	112	504
512	64	512	477	114	504
576	64	512	534	116	504
640	64	512	592	118	504
704	64	512	650	121	504
768	64	512	707	124	504
832	64	512	765	127	504
896	64	512	823	131	504
960	64	512	881	134	504
1023	64	512	939	138	504
0	128	512	119	150	504
64	128	512	130	150	504
128	128	512	162	150	504
192	128	512	206	151	504
256	128	512	257	151	504
320	128	512	310	152	504
384	128	512	365	153	504
448	128	512	421	154	504
512	128	512	478	155	504
576	128	512	535	157	504
640	128	512	593	159	504
704	128	512	650	161	504
768	128	512	708	163	504
832	128	512	766	165	504
896	128	512	824	168	504
960	128	512	882	170	504
1023	128	512	939	173	504
0	192	512	127	205	504
64	192	512	137	205	504
128	192	512	167	205	504
192	192	512	210	205	504
256	192	512	260	206	504
320	192	512	313	206	504
384	192	512	367	207	504
448	192	512	423	208	504
512	192	512	480	209	504
576	192	512	537	210	504
640	192	512	594	211	504
704	192	512	651	213	504
768	192	512	709	214	504
832	192	512	767	216	504
896	192	512	825	218	504
960	192	512	883	220	504
1023	192	512	940	222	504
0	256	512	138	264	504
64	256	512	147	264	504
128	256	512	175	264	504
192	256	512	216	264	504
256	256	512	265	265	504
320	256	512	316	265	504
384	256	512	370	265	504
448	256	512	426	266	504
512	256	512	482	267	504
576	256	512	539	268	504
640	256	512	596	269	504
704	256	512	653	270	504
768	256	512	710	271	504
832	256	512	768	272	504
896	256	512	826	273	504
960	256	512	884	275	504
1023	256	512	941	277	504
0	320	512	151	325	505
64	320	512	159	325	505
128	320	512	185	325	505
192	320	512	224	325	505
256	320	512	271	325	505
320	320	512	321	325	505
384	320	512	375	326	505
448	320	512	429	326	505
512	320	512	485	327	505
576	320	512	541	328	505
640	320	512	598	328	504
704	320	512	655	329	504
768	320	512	712	330	504
832	320	512	770	331	504
896	320	512	827	332	504
960	320	512	885	333	504
1023	320	512	942	335	504
0	384	512	165	386	505
64	384	512	173	386	505
128	384	512	197	386	505
192	384	512	234	386	505
256	384	512	278	387	505
320	384	512	328	387	505
384	384	512	380	387	505
448	384	512	434	388	505
512	384	512	489	388	505
576	384	512	545	389	505
640	384	512	601	389	505
704	384	512	658	390	505
768	384	512	715	391	505
832	384	512	772	391	505
896	384	512	829	392	505
960	384	512	887	393	505
1023	384	512	944	394	505
0	448	512	182	448	505
64	448	512	188	448	505
128	448	512	210	448	505
192	448	512	245	449	505
256	448	512	287	449	505
320	448	512	335	449	505
384	448	512	386	449	505
448	448	512	439	449	505
512	448	512	493	450	505
576	448	512	549	450	505
640	448	512	604	451	505
704	448	512	661	451	505
768	448	512	718	452	505
832	448	512	775	453	505
896	448	512	832	453	505
960	448	512	889	454	505
1023	448	512	946	455	505
0	512	512	199	511	506
64	512	512	205	511	506
128	512	512	225	511	506
192	512	512	257	511	506
256	512	512	298	511	506
320	512	512	344	511	506
384	512	512	393	511	506
448	512	512	445	512	506
512	512	512	499	512	506
576	512	512	553	512	506
640	512	512	609	513	506
704	512	512	665	513	506
768	512	512	721	514	506
832	512	512	778	514	506
896	512	512	835	515	506
960	512	512	892	516	506
1023	512	512	948	517	505
0	576	512	217	573	506
64	576	512	222	573	506
128	576	512	240	573	506
192	576	512	270	573	506
256	576	512	309	574	506
320	576	512	353	574	506
384	576	512	402	574	506
448	576	512	452	574	506
512	576	512	505	574	506
576	576	512	559	575	506
640	576	512	614	575	506
704	576	512	669	576	506
768	576	512	725	576	506
832	576	512	781	577	506
896	576	512	838	577	506
960	576	512	895	578	506
1023	576	512	951	578	506
0	640	512	235	636	507
64	640	512	240	636	507
128	640	512	257	636	507
192	640	512	285	636	507
256	640	512	321	636	507
320	640	512	364	636	507
384	640	512	411	637	507
448	640	512	460	637	507
512	640	512	512	637	507
576	640	512	565	637	507
640	640	512	619	638	507
704	640	512	674	638	507
768	640	512	730	638	507
832	640	512	786	639	507
896	640	512	842	639	507
960	640	512	899	640	507
1023	640	512	955	640	507
0	704	512	254	699	508
64	704	512	259	699	508
128	704	512	274	699	508
192	704	512	300	699	508
256	704	512	335	699	508
320	704	512	376	699	508
384	704	512	421	699	508
448	704	512	469	700	508
512	704	512	520	700	508
576	704	512	572	700	508
640	704	512	625	700	508
704	704	512	680	701	508
768	704	512	735	701	508
832	704	512	790	701	508
896	704	512	846	702	508
960	704	512	903	702	508
1023	704	512	958	703	507
0	768	512	274	762	509
64	768	512	278	762	509
128	768	512	292	762	509
192	768	512	316	762	509
256	768	512	349	762	509
320	768	512	388	762	509
384	768	512	432	762	509
448	768	512	479	762	509
512	768	512	528	763	509
576	768	512	580	763	509
640	768	512	632	763	509
704	768	512	686	763	509
768	768	512	740	764	508
832	768	512	795	764	508
896	768	512	851	764	508
960	768	512	907	765	508
1023	768	512	962	765	508
0	832	512	293	825	510
64	832	512	297	825	510
128	832	512	310	825	510
192	832	512	333	825	510
256	832	512	364	825	510
320	832	512	401	825	510
384	832	512	443	825	510
448	832	512	489	825	510
512	832	512	537	825	510
576	832	512	588	826	510
640	832	512	640	826	509
704	832	512	693	826	509
768	832	512	747	826	509
832	832	512	801	827	509
896	832	512	856	827	509
960	832	512	912	828	509
1023	832	512	967	828	509
0	896	512	313	888	511
64	896	512	317	888	511
128	896	512	329	888	511
192	896	512	350	888	511
256	896	512	379	888	511
320	896	512	415	888	511
384	896	512	456	888	511
448	896	512	500	888	511
512	896	512	547	888	511
576	896	512	597	889	510
640	896	512	648	889	510
704	896	512	700	889	510
768	896	512	753	889	510
832	896	512	807	890	510
896	896	512	862	890	510
960	896	512	917	890	510
1023	896	512	972	891	510
0	960	512	333	951	512
64	960	512	336	951	512
128	960	512	348	951	512
192	960	512	368	951	512
256	960	512	395	951	512
320	960	512	430	951	512
384	960	512	469	951	512
448	960	512	512	951	512
512	960	512	558	951	512
576	960	512	606	951	512
640	960	512	656	952	512
704	960	512	708	952	512
768	960	512	760	952	511
832	960	512	814	952	511
896	960	512	868	953	511
960	960	512	923	953	511
1023	960	512	977	953	511
0	1023	512	353	1013	513
64	1023	512	356	1013	513
128	1023	512	367	1013	513
192	1023	512	386	1013	513
256	1023	512	412	1013	513
320	1023	512	444	1013	513
384	1023	512	482	1013	513
448	1023	512	524	1013	513
512	1023	512	569	1013	513
576	1023	512	616	1013	513
640	1023	512	665	1014	513
704	1023	512	716	1014	513
768	1023	512	768	1014	513
832	1023	512	821	1014	513
896	1023	512	875	1015	513
960	1023	512	929	1015	512
1023	1023	512	983	1015	512
0	0	576	128	99	567
64	0	576	138	100	567
128	0	576	168	100	567
192	0	576	211	101	567
256	0	576	260	101	567
320	0	576	313	103	567
384	0	576	368	104	567
448	0	576	423	106	567
512	0	576	480	108	567
576	0	576	537	110	567
640	0	576	594	113	567
704	0	576	651	116	567
768	0	576	709	119	567
832	0	576	767	123	567
896	0	576	825	126	567
960	0	576	883	130	567
1023	0	576	940	134	567
0	64	576	129	115	567
64	64	576	139	115	567
128	64	576	169	115	567
192	64	576	211	116	567
256	64	576	261	116	567
320	64	576	313	117	567
384	64	576	368	119	567
448	64	576	424	120	567
512	64	576	480	122	567
576	64	576	537	124	567
640	64	576	594	126	567
704	64	576	652	129	567
768	64	576	709	132	567
832	64	576	767	135	567
896	64	576	825	138	567
960	64	576	883	141	567
1023	64	576	940	145	567
0	128	576	133	156	567
64	128	576	142	156	567
128	128	576	172	156	567
192	128	576	214	157	567
256	128	576	262	157	567
320	128	576	315	158	567
384	128	576	369	159	567
448	128	576	425	160	567
512	128	576	481	161	567
576	128	576	538	163	567
640	128	576	595	164	567
704	128	576	652	166	567
768	128	576	710	168	567
832	128	576	767	171	567
896	128	576	825	173	567
960	128	576	883	176	567
1023	128	576	940	178	567
0	192	576	140	209	567
64	192	576	149	209	567
128	192	576	177	209	567
192	192	576	218	210	567
256	192	576	265	210	567
320	192	576	317	211	567
384	192	576	371	211	567
448	192	576	426	212	567
512	192	576	482	213	567
576	192	576	539	214	567
640	192	576	596	215	567
704	192	576	653	217	567
768	192	576	711	218	567
832	192	576	768	220	567
896	192	576	826	222	567
960	192	576	884	224	567
1023	192	576	941	226	567
0	256	576	149	267	567
64	256	576	158	267	567
128	256	576	184	267	567
192	256	576	223	267	567
256	256	576	270	268	567
320	256	576	321	268	567
384	256	576	374	269	567
448	256	576	429	269	567
512	256	576	485	270	567
576	256	576	541	271	567
640	256	576	598	272	567
704	256	576	655	273	567
768	256	576	712	274	567
832	256	576	770	275	567
896	256	576	827	276	567
960	256	576	885	278	567
1023	256	576	942	280	567
0	320	576	161	327	568
64	320	576	169	327	568
128	320	576	193	327	568
192	320	576	231	327	568
256	320	576	276	328	568
320	320	576	326	328	568
384	320	576	378	328	568
448	320	576	432	329	567
512	320	576	488	329	567
576	320	576	544	330	567
640	320	576	600	331	567
704	320	576	657	332	567
768	320	576	714	332	567
832	320	576	771	333	567
896	320	576	829	335	567
960	320	576	886	336	567
1023	320	576	943	337	567
0	384	576	175	388	568
64	384	576	182	388	568
128	384	576	205	388	568
192	384	576	240	389	568
256	384	576	283	389	568
320	384	576	332	389	568
384	384	576	383	389	568
448	384	576	437	390	568
512	384	576	491	390	568
576	384	576	547	391	568
640	384	576	603	391	568
704	384	576	659	392	568
768	384	576	716	393	568
832	384	576	773	393	568
896	384	576	831	394	568
960	384	576	888	395	568
1023	384	576	945	396	567
0	448	576	190	450	568
64	448	576	196	450	568
128	448	576	217	450	568
192	448	576	251	450	568
256	448	576	292	450	568
320	448	576	339	451	568
384	448	576	390	451	568
448	448	576	442	451	568
512	448	576	496	452	568
576	448	576	551	452	568
640	448	576	607	452	568
704	448	576	663	453	568
768	448	576	719	454	568
832	448	576	776	454	568
896	448	576	833	455	568
960	448	576	891	456	568
1023	448	576	947	457	568
0	512	576	206	512	569
64	512	576	212	512	569
128	512	576	231	512	569
192	512	576	263	512	569
256	512	576	302	512	569
320	512	576	348	513	569
384	512	576	397	513	569
448	512	576	448	513	569
512	512	576	501	513	569
576	512	576	556	514	569
640	512	576	611	514	569
704	512	576	667	515	568
768	512	576	723	515	568
832	512	576	779	516	568
896	512	576	836	516	568
960	512	576	893	517	568
1023	512	576	950	518	568
0	576	576	224	575	569
64	576	576	229	575	569
128	576	576	247	575	569
192	576	576	276	575	569
256	576	576	314	575	569
320	576	576	357	575	569
384	576	576	405	575	569
448	576	576	455	575	569
512	576	576	508	576	569
576	576	576	561	576	569
640	576	576	616	576	569
704	576	576	671	577	569
768	576	576	727	577	569
832	576	576	783	578	569
896	576	576	840	578	569
960	576	576	896	579	569
1023	576	576	953	580	569
0	640	576	241	637	570
64	640	576	246	637	570
128	640	576	263	637	570
192	640	576	290	637	570
256	640	576	326	637	570
320	640	576	368	637	570
384	640	576	414	638	570
448	640	576	463	638	570
512	640	576	515	638	570
576	640	576	567	638	570
640	640	576	621	639	570
704	640	576	676	639	570
768	640	576	731	640	570
832	640	576	787	640	569
896	640	576	843	640	569
960	640	576	900	641	569
1023	640	576	956	642	569
0	704	576	260	700	570
64	704	576	264	700	570
128	704	576	279	700	570
192	704	576	305	700	570
256	704	576	339	700	570
320	704	576	379	700	570
384	704	576	424	700	570
448	704	576	472	700	570
512	704	576	522	701	570
576	704	576	574	701	570
640	704	576	627	701	570
704	704	576	682	702	570
768	704	576	736	702	570
832	704	576	792	702	570
896	704	576	848	703	570
960	704	576	904	703	570
1023	704	576	960	704	570
0	768	576	279	763	571
64	768	576	283	763	571
128	768	576	297	763	571
192	768	576	321	763	571
256	768	576	353	763	571
320	768	576	391	763	571
384	768	576	435	763	571
448	768	576	481	763	571
512	768	576	531	763	571
576	768	576	582	764	571
640	768	576	634	764	571
704	768	576	688	764	571
768	768	576	742	765	571
832	768	576	797	765	571
896	768	576	852	765	571
960	768	576	908	766	571
1023	768	576	964	766	571
0	832	576	298	826	572
64	832	576	302	826	572
128	832	576	315	826	572
192	832	576	337	826	572
256	832	576	368	826	572
320	832	576	404	826	572
384	832	576	446	826	572
448	832	576	492	826	572
512	832	576	540	826	572
576	832	576	590	826	572
640	832	576	642	827	572
704	832	576	694	827	572
768	832	576	748	827	572
832	832	576	803	828	572
896	832	576	858	828	572
960	832	576	913	828	572
1023	832	576	968	829	572
0	896	576	317	888	573
64	896	576	321	888	573
128	896	576	333	888	573
192	896	576	354	889	573
256	896	576	383	889	573
320	896	576	418	889	573
384	896	576	459	889	573
448	896	576	503	889	573
512	896	576	550	889	573
576	896	576	599	889	573
640	896	576	650	889	573
704	896	576	702	890	573
768	896	576	755	890	573
832	896	576	809	890	573
896	896	576	863	891	572
960	896	576	918	891	572
1023	896	576	973	891	572
0	960	576	337	951	574
64	960	576	340	951	574
128	960	576	352	951	574
192	960	576	371	951	574
256	960	576	399	952	574
320	960	576	433	952	574
384	960	576	472	952	574
448	960	576	514	952	574
512	960	576	560	952	574
576	960	576	608	952	574
640	960	576	658	952	574
704	960	576	710	953	574
768	960	576	762	953	573
832	960	576	815	953	573
896	960	576	869	953	573
960	960	576	924	954	573
1023	960	576	978	954	573
0	1023	576	357	1013	575
64	1023	576	360	1013	575
128	1023	576	370	1013	575
192	1023	576	389	1013	575
256	1023	576	415	1014	575
320	1023	576	447	1014	575
384	1023	576	485	1014	575
448	1023	576	526	1014	575
512	1023	576	571	1014	575
576	1023	576	618	1014	575
640	1023	576	667	1014	575
704	1023	576	718	1015	575
768	1023	576	770	1015	574
832	1023	576	822	1015	574
896	1023	576	876	1015	574
960	1023	576	930	1016	574
1023	1023	576	984	1016	574
0	0	640	142	111	630
64	0	640	151	111	630
128	0	640	178	111	630
192	0	640	219	111	630
256	0	640	267	112	630
320	0	640	318	113	630
384	0	640	372	115	630
448	0	640	427	116	630
512	0	640	483	118	630
576	0	640	539	120	630
640	0	640	596	123	630
704	0	640	654	125	630
768	0	640	711	128	630
832	0	640	769	131	630
896	0	640	826	135	630
960	0	640	884	138	630
1023	0	640	941	142	630
0	64	640	143	124	630
64	64	640	152	124	630
128	64	640	179	125	630
192	64	640	219	125	630
256	64	640	267	126	630
320	64	640	318	127	630
384	64	640	372	128	630
448	64	640	427	129	630
512	64	640	483	131	630
576	64	640	540	133	630
640	64	640	596	135	630
704	64	640	654	137	630
768	64	640	711	140	630
832	64	640	769	143	630
896	64	640	826	146	630
960	64	640	884	149	630
1023	64	640	941	152	630
0	128	640	146	163	630
64	128	640	155	163	630
128	128	640	182	163	630
192	128	640	222	163	630
256	128	640	269	164	630
320	128	640	320	165	630
384	128	640	373	165	630
448	128	640	428	167	630
512	128	640	484	168	630
576	128	640	540	169	630
640	128	640	597	171	630
704	128	640	654	173	630
768	128	640	712	175	630
832	128	640	769	177	630
896	128	640	827	179	630
960	128	640	885	182	630
1023	128	640	942	184	630
0	192	640	153	214	630
64	192	640	161	214	630
128	192	640	187	214	630
192	192	640	225	214	630
256	192	640	272	215	630
320	192	640	322	215	630
384	192	640	375	216	630
448	192	640	430	217	630
512	192	640	485	218	630
576	192	640	542	219	630
640	192	640	598	220	630
704	192	640	655	221	630
768	192	640	713	223	630
832	192	640	770	224	630
896	192	640	828	226	630
960	192	640	885	228	630
1023	192	640	942	230	630
0	256	640	161	271	630
64	256	640	169	271	630
128	256	640	193	271	630
192	256	640	231	271	630
256	256	640	276	271	630
320	256	640	326	272	630
384	256	640	378	272	630
448	256	640	432	273	630
512	256	640	488	273	630
576	256	640	544	274	630
640	256	640	600	275	630
704	256	640	657	276	630
768	256	640	714	277	630
832	256	640	771	279	630
896	256	640	829	280	630
960	256	640	886	281	630
1023	256	640	943	283	630
0	320	640	172	330	630
64	320	640	179	330	630
128	320	640	202	330	630
192	320	640	238	330	630
256	320	640	282	330	630
320	320	640	331	331	630
384	320	640	382	331	630
448	320	640	436	332	630
512	320	640	491	332	630
576	320	640	546	333	630
640	320	640	602	333	630
704	320	640	659	334	630
768	320	640	716	335	630
832	320	640	773	336	630
896	320	640	830	337	630
960	320	640	888	338	630
1023	320	640	945	340	630
0	384	640	185	391	631
64	384	640	191	391	631
128	384	640	213	391	631
192	384	640	247	391	631
256	384	640	289	391	631
320	384	640	337	391	631
384	384	640	387	392	631
448	384	640	440	392	631
512	384	640	494	392	631
576	384	640	549	393	631
640	384	640	605	393	631
704	384	640	662	394	631
768	384	640	718	395	631
832	384	640	775	396	631
896	384	640	832	397	630
960	384	640	890	398	630
1023	384	640	946	399	630
0	448	640	199	452	631
64	448	640	205	452	631
128	448	640	225	452	631
192	448	640	257	452	631
256	448	640	298	452	631
320	448	640	344	452	631
384	448	640	394	453	631
448	448	640	445	453	631
512	448	640	499	453	631
576	448	640	554	454	631
640	448	640	609	454	631
704	448	640	665	455	631
768	448	640	721	456	631
832	448	640	778	456	631
896	448	640	835	457	631
960	448	640	892	458	631
1023	448	640	949	459	631
0	512	640	215	514	631
64	512	640	220	514	631
128	512	640	239	514	631
192	512	640	269	514	631
256	512	640	308	514	631
320	512	640	352	514	631
384	512	640	401	514	631
448	512	640	452	515	631
512	512	640	504	515	631
576	512	640	558	515	631
640	512	640	613	516	631
704	512	640	669	516	631
768	512	640	725	517	631
832	512	640	781	517	631
896	512	640	838	518	631
960	512	640	895	519	631
1023	512	640	951	520	631
0	576	640	231	576	632
64	576	640	236	576	632
128	576	640	253	576	632
192	576	640	282	576	632
256	576	640	319	576	632
320	576	640	362	576	632
384	576	640	409	577	632
448	576	640	459	577	632
512	576	640	510	577	632
576	576	640	564	577	632
640	576	640	618	578	632
704	576	640	673	578	632
768	576	640	729	579	632
832	576	640	785	579	632
896	576	640	841	580	632
960	576	640	898	580	632
1023	576	640	954	581	632
0	640	640	248	638	632
64	640	640	253	638	632
128	640	640	269	638	632
192	640	640	295	639	632
256	640	640	331	639	632
320	640	640	372	639	632
384	640	640	418	639	632
448	640	640	466	639	632
512	640	640	517	639	632
576	640	640	570	640	632
640	640	640	623	640	632
704	640	640	678	640	632
768	640	640	733	641	632
832	640	640	789	641	632
896	640	640	845	642	632
960	640	640	901	642	632
1023	640	640	957	643	632
0	704	640	266	701	633
64	704	640	271	701	633
128	704	640	285	701	633
192	704	640	310	701	633
256	704	640	344	701	633
320	704	640	383	701	633
384	704	640	428	701	633
448	704	640	475	702	633
512	704	640	525	702	633
576	704	640	577	702	633
640	704	640	630	702	633
704	704	640	684	703	633
768	704	640	738	703	633
832	704	640	793	704	633
896	704	640	849	704	633
960	704	640	905	704	633
1023	704	640	961	705	633
0	768	640	285	764	634
64	768	640	289	764	634
128	768	640	302	764	634
192	768	640	326	764	634
256	768	640	357	764	634
320	768	640	395	764	634
384	768	640	438	764	634
448	768	640	485	764	634
512	768	640	533	764	634
576	768	640	584	765	633
640	768	640	636	765	633
704	768	640	690	765	633
768	768	640	744	766	633
832	768	640	799	766	633
896	768	640	854	766	633
960	768	640	910	767	633
1023	768	640	965	767	633
0	832	640	303	826	634
64	832	640	307	826	634
128	832	640	320	826	634
192	832	640	342	827	634
256	832	640	372	827	634
320	832	640	408	827	634
384	832	640	450	827	634
448	832	640	495	827	634
512	832	640	542	827	634
576	832	640	592	827	634
640	832	640	644	828	634
704	832	640	696	828	634
768	832	640	750	828	634
832	832	640	804	829	634
896	832	640	859	829	634
960	832	640	915	829	634
1023	832	640	969	830	634
0	896	640	323	889	635
64	896	640	326	889	635
128	896	640	338	889	635
192	896	640	358	889	635
256	896	640	387	889	635
320	896	640	422	890	635
384	896	640	462	890	635
448	896	640	506	890	635
512	896	640	552	890	635
576	896	640	601	890	635
640	896	640	652	890	635
704	896	640	704	891	635
768	896	640	757	891	635
832	896	640	810	891	635
896	896	640	865	892	635
960	896	640	920	892	635
1023	896	640	974	892	635
0	960	640	342	952	636
64	960	640	345	952	636
128	960	640	356	952	636
192	960	640	376	952	636
256	960	640	403	952	636
320	960	640	436	952	636
384	960	640	475	952	636
448	960	640	517	953	636
512	960	640	563	953	636
576	960	640	611	953	636
640	960	640	660	953	636
704	960	640	711	953	636
768	960	640	764	954	636
832	960	640	817	954	636
896	960	640	871	954	636
960	960	640	925	955	636
1023	960	640	980	955	636
0	1023	640	361	1014	637
64	1023	640	364	1014	637
128	1023	640	375	1014	637
192	1023	640	393	1014	637
256	1023	640	419	1014	637
320	1023	640	451	1014	637
384	1023	640	488	1014	637
448	1023	640	529	1015	637
512	1023	640	574	1015	637
576	1023	640	620	1015	637
640	1023	640	669	1015	637
704	1023	640	720	1015	637
768	1023	640	771	1015	637
832	1023	640	824	1016	637
896	1023	640	877	1016	637
960	1023	640	932	1016	636
1023	1023	640	985	1017	636
0	0	704	156	122	693
64	0	704	164	122	693
128	0	704	189	122	693
192	0	704	228	122	693
256	0	704	273	123	693
320	0	704	324	124	693
384	0	704	377	125	693
448	0	704	431	127	693
512	0	704	486	128	693
576	0	704	542	130	693
640	0	704	599	133	693
704	0	704	656	135	693
768	0	704	713	138	693
832	0	704	771	141	693
896	0	704	828	144	693
960	0	704	886	147	693
1023	0	704	943	150	693
0	64	704	157	134	693
64	64	704	165	134	693
128	64	704	190	134	693
192	64	704	228	135	693
256	64	704	274	135	693
320	64	704	324	136	693
384	64	704	377	137	693
448	64	704	431	139	693
512	64	704	487	140	693
576	64	704	543	142	693
640	64	704	599	144	693
704	64	704	656	146	693
768	64	704	713	148	693
832	64	704	771	151	693
896	64	704	828	154	693
960	64	704	886	157	693
1023	64	704	943	160	693
0	128	704	160	170	693
64	128	704	168	170	693
128	128	704	193	170	693
192	128	704	230	171	693
256	128	704	276	171	693
320	128	704	325	172	693
384	128	704	378	172	693
448	128	704	432	173	693
512	128	704	487	175	693
576	128	704	543	176	693
640	128	704	600	178	693
704	128	704	657	179	693
768	128	704	714	181	693
832	128	704	771	183	693
896	128	704	829	185	693
960	128	704	886	188	693
1023	128	704	943	190	693
0	192	704	166	219	693
64	192	704	173	219	693
128	192	704	197	219	693
192	192	704	234	220	693
256	192	704	278	220	693
320	192	704	328	221	693
384	192	704	380	221	693
448	192	704	434	222	693
512	192	704	489	223	693
576	192	704	545	224	693
640	192	704	601	225	693
704	192	704	658	226	693
768	192	704	715	228	693
832	192	704	772	229	693
896	192	704	829	231	693
960	192	704	887	233	693
1023	192	704	944	235	693
0	256	704	174	275	693
64	256	704	181	275	693
128	256	704	204	275	693
192	256	704	239	275	693
256	256	704	283	275	693
320	256	704	331	276	693
384	256	704	383	276	693
448	256	704	436	277	693
512	256	704	491	277	693
576	256	704	547	278	693
640	256	704	603	279	693
704	256	704	659	280	693
768	256	704	716	281	693
832	256	704	773	282	693
896	256	704	831	284	693
960	256	704	888	285	693
1023	256	704	945	287	693
0	320	704	184	333	693
64	320	704	190	333	693
128	320	704	212	333	693
192	320	704	246	333	693
256	320	704	288	334	693
320	320	704	336	334	693
384	320	704	387	334	693
448	320	704	440	335	693
512	320	704	494	335	693
576	320	704	549	336	693
640	320	704	605	337	693
704	320	704	661	337	693
768	320	704	718	338	693
832	320	704	775	339	693
896	320	704	832	340	693
960	320	704	890	341	693
1023	320	704	946	343	693
0	384	704	195	393	694
64	384	704	202	393	694
128	384	704	222	393	694
192	384	704	255	393	694
256	384	704	296	394	694
320	384	704	342	394	694
384	384	704	392	394	694
448	384	704	444	394	694
512	384	704	498	395	694
576	384	704	552	395	694
640	384	704	608	396	694
704	384	704	664	397	694
768	384	704	720	397	693
832	384	704	777	398	693
896	384	704	834	399	693
960	384	704	891	400	693
1023	384	704	948	401	693
0	448	704	209	454	694
64	448	704	215	454	694
128	448	704	234	454	694
192	448	704	265	454	694
256	448	704	304	454	694
320	448	704	349	455	694
384	448	704	398	455	694
448	448	704	449	455	694
512	448	704	502	456	694
576	448	704	556	456	694
640	448	704	611	457	694
704	448	704	667	457	694
768	448	704	723	458	694
832	448	704	780	458	694
896	448	704	837	459	694
960	448	704	894	460	694
1023	448	704	950	461	694
0	512	704	224	516	694
64	512	704	229	516	694
128	512	704	247	516	694
192	512	704	276	516	694
256	512	704	314	516	694
320	512	704	357	516	694
384	512	704	405	516	694
448	512	704	455	517	694
512	512	704	508	517	694
576	512	704	561	517	694
640	512	704	616	518	694
704	512	704	671	518	694
768	512	704	727	519	694
832	512	704	783	519	694
896	512	704	840	520	694
960	512	704	896	521	694
1023	512	704	953	521	694
0	576	704	239	578	695
64	576	704	244	578	695
128	576	704	261	578	695
192	576	704	288	578	695
256	576	704	324	578	695
320	576	704	366	578	695
384	576	704	413	578	695
448	576	704	462	578	695
512	576	704	514	579	695
576	576	704	567	579	695
640	576	704	621	579	695
704	576	704	675	580	695
768	576	704	731	580	695
832	576	704	787	581	694
896	576	704	843	581	694
960	576	704	899	582	694
1023	576	704	955	583	694
0	640	704	256	640	695
64	640	704	260	640	695
128	640	704	276	640	695
192	640	704	302	640	695
256	640	704	336	640	695
320	640	704	377	640	695
384	640	704	422	640	695
448	640	704	470	641	695
512	640	704	521	641	695
576	640	704	573	641	695
640	640	704	626	641	695
704	640	704	680	642	695
768	640	704	735	642	695
832	640	704	791	643	695
896	640	704	847	643	695
960	640	704	903	644	695
1023	640	704	959	644	695
0	704	704	273	702	696
64	704	704	277	702	696
128	704	704	292	702	696
192	704	704	316	702	696
256	704	704	349	702	696
320	704	704	388	703	696
384	704	704	431	703	696
448	704	704	479	703	696
512	704	704	528	703	696
576	704	704	579	703	696
640	704	704	632	704	696
704	704	704	686	704	695
768	704	704	740	704	695
832	704	704	795	705	695
896	704	704	851	705	695
960	704	704	907	706	695
1023	704	704	962	706	695
0	768	704	291	765	696
64	768	704	295	765	696
128	768	704	308	765	696
192	768	704	331	765	696
256	768	704	362	765	696
320	768	704	400	765	696
384	768	704	442	765	696
448	768	704	488	765	696
512	768	704	536	766	696
576	768	704	587	766	696
640	768	704	639	766	696
704	768	704	692	766	696
768	768	704	746	767	696
832	768	704	801	767	696
896	768	704	856	767	696
960	768	704	911	768	696
1023	768	704	966	768	696
0	832	704	309	827	697
64	832	704	313	827	697
128	832	704	325	828	697
192	832	704	347	828	697
256	832	704	377	828	697
320	832	704	412	828	697
384	832	704	453	828	697
448	832	704	498	828	697
512	832	704	546	828	697
576	832	704	595	828	697
640	832	704	646	829	697
704	832	704	699	829	697
768	832	704	752	829	697
832	832	704	806	830	697
896	832	704	861	830	697
960	832	704	916	830	697
1023	832	704	971	831	697
0	896	704	328	890	697
64	896	704	331	890	697
128	896	704	343	890	697
192	896	704	363	890	697
256	896	704	391	890	697
320	896	704	426	890	697
384	896	704	465	891	697
448	896	704	509	891	697
512	896	704	555	891	697
576	896	704	604	891	697
640	896	704	654	891	697
704	896	704	706	892	697
768	896	704	759	892	697
832	896	704	812	892	697
896	896	704	867	892	697
960	896	704	921	893	697
1023	896	704	976	893	697
0	960	704	347	953	698
64	960	704	350	953	698
128	960	704	361	953	698
192	960	704	380	953	698
256	960	704	407	953	698
320	960	704	440	953	698
384	960	704	478	953	698
448	960	704	520	954	698
512	960	704	566	954	698
576	960	704	613	954	698
640	960	704	663	954	698
704	960	704	714	954	698
768	960	704	766	955	698
832	960	704	819	955	698
896	960	704	873	955	698
960	960	704	927	955	698
1023	960	704	981	956	698
0	1023	704	366	1015	699
64	1023	704	369	1015	699
128	1023	704	379	1015	699
192	1023	704	397	1015	699
256	1023	704	423	1015	699
320	1023	704	454	1015	699
384	1023	704	491	1015	699
448	1023	704	532	1015	699
512	1023	704	576	1016	699
576	1023	704	623	1016	699
640	1023	704	672	1016	699
704	1023	704	722	1016	699
768	1023	704	773	1016	699
832	1023	704	826	1017	699
896	1023	704	879	1017	699
960	1023	704	933	1017	699
1023	1023	704	987	1018	699
0	0	768	170	133	756
64	0	768	178	133	756
128	0	768	201	133	756
192	0	768	237	133	756
256	0	768	281	134	756
320	0	768	330	135	756
384	0	768	382	136	756
448	0	768	435	137	756
512	0	768	490	139	756
576	0	768	546	141	756
640	0	768	602	143	756
704	0	768	659	145	756
768	0	768	716	147	756
832	0	768	773	150	756
896	0	768	830	153	756
960	0	768	888	156	756
1023	0	768	944	159	756
0	64	768	171	144	756
64	64	768	178	144	756
128	64	768	202	144	756
192	64	768	237	145	756
256	64	768	281	145	756
320	64	768	330	146	756
384	64	768	382	147	756
448	64	768	436	148	756
512	64	768	490	150	756
576	64	768	546	151	756
640	64	768	602	153	756
704	64	768	659	155	756
768	64	768	716	157	756
832	64	768	773	160	756
896	64	768	830	162	756
960	64	768	888	165	756
1023	64	768	945	168	756
0	128	768	174	178	756
64	128	768	181	178	756
128	128	768	204	178	756
192	128	768	239	178	756
256	128	768	283	179	756
320	128	768	332	179	756
384	128	768	383	180	756
448	128	768	436	181	756
512	128	768	491	182	756
576	128	768	547	183	756
640	128	768	603	185	756
704	128	768	659	186	756
768	128	768	716	188	756
832	128	768	773	190	756
896	128	768	831	192	756
960	128	768	888	195	756
1023	128	768	945	197	756
0	192	768	179	225	756
64	192	768	186	225	756
128	192	768	208	225	756
192	192	768	243	225	756
256	192	768	286	226	756
320	192	768	334	226	756
384	192	768	385	227	756
448	192	768	438	227	756
512	192	768	493	228	756
576	192	768	548	229	756
640	192	768	604	230	756
704	192	768	660	232	756
768	192	768	717	233	756
832	192	768	774	235	756
896	192	768	831	236	756
960	192	768	889	238	756
1023	192	768	946	240	756
0	256	768	186	279	756
64	256	768	193	279	756
128	256	768	214	279	756
192	256	768	248	279	756
256	256	768	290	280	756
320	256	768	337	280	756
384	256	768	388	280	756
448	256	768	441	281	756
512	256	768	495	282	756
576	256	768	550	282	756
640	256	768	606	283	756
704	256	768	662	284	756
768	256	768	719	285	756
832	256	768	775	287	756
896	256	768	833	288	756
960	256	768	890	289	756
1023	256	768	947	291	756
0	320	768	195	337	756
64	320	768	202	337	756
128	320	768	222	337	756
192	320	768	255	337	756
256	320	768	296	337	756
320	320	768	342	337	756
384	320	768	392	338	756
448	320	768	444	338	756
512	320	768	498	339	756
576	320	768	552	339	756
640	320	768	608	340	756
704	320	768	664	341	756
768	320	768	720	342	756
832	320	768	777	343	756
896	320	768	834	344	756
960	320	768	891	345	756
1023	320	768	948	346	756
0	384	768	207	396	757
64	384	768	212	396	757
128	384	768	232	396	757
192	384	768	263	396	757
256	384	768	302	396	757
320	384	768	348	397	757
384	384	768	397	397	757
448	384	768	448	397	757
512	384	768	501	398	757
576	384	768	556	398	756
640	384	768	611	399	756
704	384	768	667	399	756
768	384	768	723	400	756
832	384	768	779	401	756
896	384	768	836	402	756
960	384	768	893	403	756
1023	384	768	950	404	756
0	448	768	219	457	757
64	448	768	225	457	757
128	448	768	243	457	757
192	448	768	272	457	757
256	448	768	311	457	757
320	448	768	355	457	757
384	448	768	403	457	757
448	448	768	453	458	757
512	448	768	506	458	757
576	448	768	560	458	757
640	448	768	614	459	757
704	448	768	670	459	757
768	448	768	726	460	757
832	448	768	782	461	757
896	448	768	839	461	757
960	448	768	896	462	757
1023	448	768	952	463	757
0	512	768	233	518	757
64	512	768	238	518	757
128	512	768	255	518	757
192	512	768	283	518	757
256	512	768	320	518	757
320	512	768	363	518	757
384	512	768	410	518	757
448	512	768	459	519	757
512	512	768	511	519	757
576	512	768	564	519	757
640	512	768	619	520	757
704	512	768	674	520	757
768	512	768	729	521	757
832	512	768	785	521	757
896	512	768	842	522	757
960	512	768	898	523	757
1023	512	768	954	523	757
0	576	768	248	579	757
64	576	768	253	579	757
128	576	768	269	579	757
192	576	768	295	580	757
256	576	768	330	580	757
320	576	768	372	580	757
384	576	768	418	580	757
448	576	768	466	580	757
512	576	768	517	581	757
576	576	768	570	581	757
640	576	768	623	581	757
704	576	768	678	582	757
768	576	768	733	582	757
832	576	768	789	583	757
896	576	768	845	583	757
960	576	768	901	584	757
1023	576	768	957	584	757
0	640	768	264	641	758
64	640	768	268	641	758
128	640	768	283	641	758
192	640	768	308	642	758
256	640	768	342	642	758
320	640	768	382	642	758
384	640	768	426	642	758
448	640	768	474	642	758
512	640	768	524	642	758
576	640	768	576	643	758
640	640	768	629	643	758
704	640	768	683	643	758
768	640	768	738	644	758
832	640	768	793	644	758
896	640	768	849	645	758
960	640	768	905	645	758
1023	640	768	960	646	758
0	704	768	281	704	758
64	704	768	285	704	758
128	704	768	299	704	758
192	704	768	322	704	758
256	704	768	354	704	758
320	704	768	393	704	758
384	704	768	436	704	758
448	704	768	482	704	758
512	704	768	532	705	758
576	704	768	583	705	758
640	704	768	635	705	758
704	704	768	688	705	758
768	704	768	743	706	758
832	704	768	798	706	758
896	704	768	853	707	758
960	704	768	909	707	758
1023	704	768	964	708	758
0	768	768	298	766	759
64	768	768	302	766	759
128	768	768	315	766	759
192	768	768	337	766	759
256	768	768	368	766	759
320	768	768	405	766	759
384	768	768	446	767	759
448	768	768	492	767	759
512	768	768	540	767	759
576	768	768	590	767	759
640	768	768	642	767	759
704	768	768	694	768	759
768	768	768	748	768	759
832	768	768	803	768	759
896	768	768	858	769	759
960	768	768	913	769	759
1023	768	768	968	770	759
0	832	768	316	829	759
64	832	768	319	829	759
128	832	768	332	829	759
192	832	768	353	829	759
256	832	768	382	829	759
320	832	768	417	829	759
384	832	768	458	829	759
448	832	768	502	829	759
512	832	768	549	829	759
576	832	768	598	830	759
640	832	768	649	830	759
704	832	768	701	830	759
768	832	768	754	830	759
832	832	768	808	831	759
896	832	768	863	831	759
960	832	768	918	831	759
1023	832	768	973	832	759
0	896	768	334	891	760
64	896	768	337	891	760
128	896	768	349	891	760
192	896	768	369	891	760
256	896	768	396	891	760
320	896	768	430	892	760
384	896	768	469	892	760
448	896	768	512	892	760
512	896	768	558	892	760
576	896	768	607	892	760
640	896	768	657	892	760
704	896	768	708	893	760
768	896	768	761	893	760
832	896	768	814	893	760
896	896	768	868	894	760
960	896	768	923	894	760
1023	896	768	977	894	760
0	960	768	353	954	761
64	960	768	356	954	761
128	960	768	367	954	761
192	960	768	385	954	761
256	960	768	412	954	761
320	960	768	444	954	761
384	960	768	482	954	761
448	960	768	524	954	761
512	960	768	569	955	761
576	960	768	616	955	761
640	960	768	665	955	761
704	960	768	716	955	761
768	960	768	768	956	761
832	960	768	821	956	761
896	960	768	875	956	761
960	960	768	929	956	760
1023	960	768	983	957	760
0	1023	768	371	1016	761
64	1023	768	374	1016	761
128	1023	768	384	1016	761
192	1023	768	402	1016	761
256	1023	768	427	1016	761
320	1023	768	459	1016	761
384	1023	768	495	1016	761
448	1023	768	536	1016	761
512	1023	768	579	1016	761
576	1023	768	626	1017	761
640	1023	768	674	1017	761
704	1023	768	724	1017	761
768	1023	768	776	1017	761
832	1023	768	828	1017	761
896	1023	768	881	1018	761
960	1023	768	935	1018	761
1023	1023	768	988	1018	761
0	0	832	185	144	819
64	0	832	191	144	819
128	0	832	213	144	819
192	0	832	247	144	819
256	0	832	289	145	819
320	0	832	337	146	819
384	0	832	387	147	819
448	0	832	440	148	819
512	0	832	494	149	819
576	0	832	549	151	819
640	0	832	605	153	819
704	0	832	662	155	819
768	0	832	718	157	819
832	0	832	775	160	819
896	0	832	832	162	819
960	0	832	890	165	819
1023	0	832	946	168	819
0	64	832	185	154	819
64	64	832	192	154	819
128	64	832	213	154	819
192	64	832	247	155	819
256	64	832	289	155	819
320	64	832	337	156	819
384	64	832	388	157	819
448	64	832	440	158	819
512	64	832	494	159	819
576	64	832	550	161	819
640	64	832	605	162	819
704	64	832	662	164	819
768	64	832	718	166	819
832	64	832	775	169	819
896	64	832	832	171	819
960	64	832	890	174	819
1023	64	832	946	177	819
0	128	832	188	186	819
64	128	832	194	186	819
128	128	832	215	186	819
192	128	832	249	186	819
256	128	832	291	186	819
320	128	832	338	187	819
384	128	832	389	188	819
448	128	832	441	189	819
512	128	832	495	190	819
576	128	832	550	191	819
640	128	832	606	192	819
704	128	832	662	194	819
768	128	832	719	196	819
832	128	832	776	198	819
896	128	832	833	200	819
960	128	832	890	202	819
1023	128	832	947	204	819
0	192	832	192	231	819
64	192	832	199	231	819
128	192	832	219	231	819
192	192	832	252	231	819
256	192	832	294	232	819
320	192	832	340	232	819
384	192	832	391	233	819
448	192	832	443	233	819
512	192	832	497	234	819
576	192	832	552	235	819
640	192	832	607	236	819
704	192	832	663	238	819
768	192	832	720	239	819
832	192	832	777	240	819
896	192	832	834	242	819
960	192	832	891	244	819
1023	192	832	947	246	819
0	256	832	199	284	819
64	256	832	205	284	819
128	256	832	225	284	819
192	256	832	257	284	819
256	256	832	298	284	819
320	256	832	344	285	819
384	256	832	393	285	819
448	256	832	445	286	819
512	256	832	499	286	819
576	256	832	553	287	819
640	256	832	609	288	819
704	256	832	665	289	819
768	256	832	721	290	819
832	256	832	778	291	819
896	256	832	835	292	819
960	256	832	892	294	819
1023	256	832	948	295	819
0	320	832	208	340	819
64	320	832	213	340	819
128	320	832	233	340	819
192	320	832	264	341	819
256	320	832	303	341	819
320	320	832	348	341	819
384	320	832	397	341	819
448	320	832	449	342	819
512	320	832	502	342	819
576	320	832	556	343	819
640	320	832	611	344	819
704	320	832	667	345	819
768	320	832	723	345	819
832	320	832	780	346	819
896	320	832	836	347	819
960	320	832	893	348	819
1023	320	832	950	350	819
0	384	832	218	399	820
64	384	832	223	399	819
128	384	832	242	399	819
192	384	832	271	399	819
256	384	832	310	399	819
320	384	832	354	400	819
384	384	832	402	400	819
448	384	832	453	400	819
512	384	832	505	401	819
576	384	832	559	401	819
640	384	832	614	402	819
704	384	832	669	403	819
768	384	832	725	403	819
832	384	832	782	404	819
896	384	832	838	405	819
960	384	832	895	406	819
1023	384	832	952	407	819
0	448	832	230	459	820
64	448	832	235	459	820
128	448	832	252	459	820
192	448	832	281	459	820
256	448	832	318	459	820
320	448	832	361	460	820
384	448	832	408	460	820
448	448	832	458	460	820
512	448	832	510	461	820
576	448	832	563	461	820
640	448	832	618	461	820
704	448	832	673	462	820
768	448	832	728	463	820
832	448	832	784	463	820
896	448	832	841	464	820
960	448	832	898	465	820
1023	448	832	954	466	820
0	512	832	243	520	820
64	512	832	248	520	820
128	512	832	264	520	820
192	512	832	291	520	820
256	512	832	327	520	820
320	512	832	369	520	820
384	512	832	415	521	820
448	512	832	464	521	820
512	512	832	515	521	820
576	512	832	568	522	820
640	512	832	622	522	820
704	512	832	676	522	820
768	512	832	732	523	820
832	512	832	788	524	820
896	512	832	844	524	820
960	512	832	900	525	820
1023	512	832	956	526	820
0	576	832	257	581	820
64	576	832	262	581	820
128	576	832	277	581	820
192	576	832	303	582	820
256	576	832	337	582	820
320	576	832	378	582	820
384	576	832	423	582	820
448	576	832	471	582	820
512	576	832	521	582	820
576	576	832	573	583	820
640	576	832	627	583	820
704	576	832	681	584	820
768	576	832	736	584	820
832	576	832	791	585	820
896	576	832	847	585	820
960	576	832	903	586	820
1023	576	832	959	586	820
0	640	832	273	643	821
64	640	832	277	643	821
128	640	832	291	643	821
192	640	832	316	643	821
256	640	832	348	643	821
320	640	832	387	644	821
384	640	832	431	644	821
448	640	832	478	644	821
512	640	832	528	644	821
576	640	832	579	644	821
640	640	832	632	645	821
704	640	832	686	645	821
768	640	832	740	646	821
832	640	832	795	646	821
896	640	832	851	646	821
960	640	832	907	647	821
1023	640	832	962	648	820
0	704	832	289	705	821
64	704	832	293	705	821
128	704	832	306	705	821
192	704	832	329	705	821
256	704	832	360	705	821
320	704	832	398	706	821
384	704	832	441	706	821
448	704	832	487	706	821
512	704	832	535	706	821
576	704	832	586	706	821
640	704	832	638	707	821
704	704	832	691	707	821
768	704	832	745	707	821
832	704	832	800	708	821
896	704	832	855	708	821
960	704	832	911	709	821
1023	704	832	966	709	821
0	768	832	306	768	822
64	768	832	309	768	822
128	768	832	322	768	822
192	768	832	344	768	822
256	768	832	374	768	822
320	768	832	410	768	822
384	768	832	451	768	822
448	768	832	496	768	822
512	768	832	544	768	822
576	768	832	593	769	822
640	768	832	645	769	822
704	768	832	697	769	821
768	768	832	751	769	821
832	768	832	805	770	821
896	768	832	860	770	821
960	768	832	915	771	821
1023	768	832	970	771	821
0	832	832	323	830	822
64	832	832	326	830	822
128	832	832	338	830	822
192	832	832	359	830	822
256	832	832	387	830	822
320	832	832	422	830	822
384	832	832	462	830	822
448	832	832	506	830	822
512	832	832	552	831	822
576	832	832	601	831	822
640	832	832	652	831	822
704	832	832	704	831	822
768	832	832	757	832	822
832	832	832	811	832	822
896	832	832	865	832	822
960	832	832	920	833	822
1023	832	832	974	833	822
0	896	832	341	892	823
64	896	832	344	892	823
128	896	832	355	893	823
192	896	832	375	893	823
256	896	832	402	893	823
320	896	832	435	893	823
384	896	832	474	893	823
448	896	832	516	893	823
512	896	832	562	893	823
576	896	832	610	893	823
640	896	832	660	894	823
704	896	832	711	894	823
768	896	832	763	894	823
832	896	832	817	894	823
896	896	832	871	895	822
960	896	832	925	895	822
1023	896	832	979	895	822
0	960	832	359	955	823
64	960	832	362	955	823
128	960	832	372	955	823
192	960	832	391	955	823
256	960	832	417	955	823
320	960	832	449	955	823
384	960	832	486	955	823
448	960	832	528	956	823
512	960	832	572	956	823
576	960	832	619	956	823
640	960	832	668	956	823
704	960	832	719	956	823
768	960	832	770	957	823
832	960	832	823	957	823
896	960	832	877	957	823
960	960	832	931	958	823
1023	960	832	985	958	823
0	1023	832	377	1017	824
64	1023	832	380	1017	824
128	1023	832	390	1017	824
192	1023	832	408	1017	824
256	1023	832	432	1017	824
320	1023	832	463	1017	824
384	1023	832	499	1017	824
448	1023	832	539	1017	824
512	1023	832	583	1017	824
576	1023	832	629	1018	824
640	1023	832	677	1018	824
704	1023	832	727	1018	824
768	1023	832	778	1018	824
832	1023	832	830	1018	824
896	1023	832	883	1019	824
960	1023	832	937	1019	824
1023	1023	832	990	1019	824
0	0	896	199	155	882
64	0	896	205	155	882
128	0	896	225	155	882
192	0	896	257	155	882
256	0	896	298	156	882
320	0	896	344	157	882
384	0	896	393	158	882
448	0	896	445	159	882
512	0	896	499	160	882
576	0	896	553	161	882
640	0	896	609	163	882
704	0	896	665	165	882
768	0	896	721	167	882
832	0	896	778	169	882
896	0	896	835	172	882
960	0	896	892	174	882
1023	0	896	948	177	882
0	64	896	199	164	882
64	64	896	205	164	882
128	64	896	225	164	882
192	64	896	257	165	882
256	64	896	298	165	882
320	64	896	344	166	882
384	64	896	394	167	882
448	64	896	446	168	882
512	64	896	499	169	882
576	64	896	554	171	882
640	64	896	609	172	882
704	64	896	665	174	882
768	64	896	721	176	882
832	64	896	778	178	882
896	64	896	835	180	882
960	64	896	892	183	882
1023	64	896	949	185	882
0	128	896	202	194	882
64	128	896	208	194	882
128	128	896	227	194	882
192	128	896	259	194	882
256	128	896	299	195	882
320	128	896	345	195	882
384	128	896	395	196	882
448	128	896	446	197	882
512	128	896	500	198	882
576	128	896	554	199	882
640	128	896	610	200	882
704	128	896	665	202	882
768	128	896	722	203	882
832	128	896	778	205	882
896	128	896	835	207	882
960	128	896	892	209	882
1023	128	896	949	212	882
0	192	896	206	237	882
64	192	896	212	237	882
128	192	896	231	238	882
192	192	896	262	238	882
256	192	896	302	238	882
320	192	896	347	239	882
384	192	896	397	239	882
448	192	896	448	240	882
512	192	896	501	241	882
576	192	896	556	242	882
640	192	896	611	243	882
704	192	896	666	244	882
768	192	896	723	245	882
832	192	896	779	247	882
896	192	896	836	248	882
960	192	896	893	250	882
1023	192	896	950	252	882
0	256	896	212	289	882
64	256	896	218	289	882
128	256	896	236	289	882
192	256	896	267	289	882
256	256	896	306	289	882
320	256	896	351	290	882
384	256	896	399	290	882
448	256	896	451	291	882
512	256	896	503	291	882
576	256	896	557	292	882
640	256	896	612	293	882
704	256	896	668	294	882
768	256	896	724	295	882
832	256	896	781	296	882
896	256	896	837	297	882
960	256	896	894	299	882
1023	256	896	951	300	882
0	320	896	220	344	882
64	320	896	225	344	882
128	320	896	243	345	882
192	320	896	273	345	882
256	320	896	311	345	882
320	320	896	355	345	882
384	320	896	403	346	882
448	320	896	454	346	882
512	320	896	506	346	882
576	320	896	560	347	882
640	320	896	615	348	882
704	320	896	670	349	882
768	320	896	726	349	882
832	320	896	782	350	882
896	320	896	839	351	882
960	320	896	896	352	882
1023	320	896	952	354	882
0	384	896	230	402	882
64	384	896	235	403	882
128	384	896	252	403	882
192	384	896	281	403	882
256	384	896	318	403	882
320	384	896	361	403	882
384	384	896	408	403	882
448	384	896	458	404	882
512	384	896	510	404	882
576	384	896	563	405	882
640	384	896	618	405	882
704	384	896	673	406	882
768	384	896	728	407	882
832	384	896	784	407	882
896	384	896	841	408	882
960	384	896	898	409	882
1023	384	896	954	410	882
0	448	896	241	462	883
64	448	896	246	462	883
128	448	896	262	462	883
192	448	896	289	462	883
256	448	896	325	462	883
320	448	896	367	463	883
384	448	896	414	463	883
448	448	896	463	463	883
512	448	896	514	463	883
576	448	896	567	464	883
640	448	896	621	464	883
704	448	896	676	465	883
768	448	896	731	465	883
832	448	896	787	466	883
896	448	896	843	467	882
960	448	896	900	468	882
1023	448	896	956	469	882
0	512	896	253	522	883
64	512	896	258	522	883
128	512	896	274	523	883
192	512	896	300	523	883
256	512	896	334	523	883
320	512	896	375	523	883
384	512	896	420	523	883
448	512	896	469	523	883
512	512	896	519	524	883
576	512	896	572	524	883
640	512	896	625	524	883
704	512	896	680	525	883
768	512	896	735	525	883
832	512	896	790	526	883
896	512	896	846	527	883
960	512	896	902	527	883
1023	512	896	958	528	883
0	576	896	267	584	883
64	576	896	271	584	883
128	576	896	286	584	883
192	576	896	311	584	883
256	576	896	344	584	883
320	576	896	384	584	883
384	576	896	428	584	883
448	576	896	476	584	883
512	576	896	525	585	883
576	576	896	577	585	883
640	576	896	630	585	883
704	576	896	684	586	883
768	576	896	738	586	883
832	576	896	794	587	883
896	576	896	849	587	883
960	576	896	906	588	883
1023	576	896	961	588	883
0	640	896	282	645	884
64	640	896	286	645	884
128	640	896	300	645	884
192	640	896	323	645	884
256	640	896	355	645	884
320	640	896	393	645	884
384	640	896	437	646	884
448	640	896	483	646	884
512	640	896	532	646	884
576	640	896	583	646	883
640	640	896	635	647	883
704	640	896	689	647	883
768	640	896	743	647	883
832	640	896	798	648	883
896	640	896	853	648	883
960	640	896	909	649	883
1023	640	896	964	649	883
0	704	896	297	707	884
64	704	896	301	707	884
128	704	896	314	707	884
192	704	896	337	707	884
256	704	896	367	707	884
320	704	896	404	707	884
384	704	896	446	707	884
448	704	896	491	708	884
512	704	896	539	708	884
576	704	896	590	708	884
640	704	896	641	708	884
704	704	896	694	709	884
768	704	896	748	709	884
832	704	896	802	709	884
896	704	896	857	710	884
960	704	896	913	710	884
1023	704	896	968	711	884
0	768	896	314	769	884
64	768	896	317	769	884
128	768	896	329	769	884
192	768	896	351	769	884
256	768	896	380	769	884
320	768	896	415	769	884
384	768	896	456	769	884
448	768	896	500	770	884
512	768	896	548	770	884
576	768	896	597	770	884
640	768	896	648	770	884
704	768	896	700	771	884
768	768	896	753	771	884
832	768	896	807	771	884
896	768	896	862	772	884
960	768	896	917	772	884
1023	768	896	972	773	884
0	832	896	330	831	885
64	832	896	334	831	885
128	832	896	345	831	885
192	832	896	365	831	885
256	832	896	393	831	885
320	832	896	428	832	885
384	832	896	467	832	885
448	832	896	510	832	885
512	832	896	556	832	885
576	832	896	605	832	885
640	832	896	655	833	885
704	832	896	707	833	885
768	832	896	759	833	885
832	832	896	813	833	885
896	832	896	867	834	885
960	832	896	922	834	885
1023	832	896	976	835	885
0	896	896	348	894	885
64	896	896	351	894	885
128	896	896	362	894	885
192	896	896	381	894	885
256	896	896	408	894	885
320	896	896	441	894	885
384	896	896	479	894	885
448	896	896	521	894	885
512	896	896	566	894	885
576	896	896	614	895	885
640	896	896	663	895	885
704	896	896	714	895	885
768	896	896	766	895	885
832	896	896	819	896	885
896	896	896	873	896	885
960	896	896	927	896	885
1023	896	896	981	897	885
0	960	896	366	956	886
64	960	896	368	956	886
128	960	896	379	956	886
192	960	896	397	956	886
256	960	896	422	956	886
320	960	896	454	957	886
384	960	896	491	957	886
448	960	896	532	957	886
512	960	896	576	957	886
576	960	896	623	957	886
640	960	896	671	957	886
704	960	896	722	958	886
768	960	896	773	958	886
832	960	896	826	958	886
896	960	896	879	958	886
960	960	896	933	959	886
1023	960	896	987	959	886
0	1023	896	383	1018	886
64	1023	896	386	1018	886
128	1023	896	396	1018	886
192	1023	896	413	1018	886
256	1023	896	438	1018	886
320	1023	896	468	1018	886
384	1023	896	504	1018	886
448	1023	896	543	1018	886
512	1023	896	587	1019	886
576	1023	896	632	1019	886
640	1023	896	680	1019	886
704	1023	896	730	1019	886
768	1023	896	781	1019	886
832	1023	896	833	1020	886
896	1023	896	885	1020	886
960	1023	896	939	1020	886
1023	1023	896	992	1021	886
0	0	960	213	166	945
64	0	960	218	166	945
128	0	960	237	166	945
192	0	960	268	166	945
256	0	960	307	167	945
320	0	960	351	168	945
384	0	960	400	168	945
448	0	960	451	169	945
512	0	960	504	171	945
576	0	960	558	172	945
640	0	960	613	174	945
704	0	960	668	175	945
768	0	960	724	177	945
832	0	960	781	179	945
896	0	960	837	182	945
960	0	960	894	184	945
1023	0	960	951	187	945
0	64	960	214	175	945
64	64	960	219	175	945
128	64	960	238	175	945
192	64	960	268	175	945
256	64	960	307	176	945
320	64	960	352	176	945
384	64	960	400	177	945
448	64	960	451	178	945
512	64	960	504	179	945
576	64	960	558	180	945
640	64	960	613	182	945
704	64	960	668	184	945
768	64	960	724	185	945
832	64	960	781	187	945
896	64	960	838	190	945
960	64	960	895	192	945
1023	64	960	951	194	945
0	128	960	216	202	945
64	128	960	221	202	945
128	128	960	240	203	945
192	128	960	270	203	945
256	128	960	308	203	945
320	128	960	353	204	945
384	128	960	401	204	945
448	128	960	452	205	945
512	128	960	505	206	945
576	128	960	559	207	945
640	128	960	613	209	945
704	128	960	669	210	945
768	128	960	725	212	945
832	128	960	781	213	945
896	128	960	838	215	945
960	128	960	895	217	945
1023	128	960	951	219	945
0	192	960	220	244	945
64	192	960	225	244	945
128	192	960	243	244	945
192	192	960	273	245	945
256	192	960	311	245	945
320	192	960	355	245	945
384	192	960	403	246	945
448	192	960	454	247	945
512	192	960	506	247	945
576	192	960	560	248	945
640	192	960	615	249	945
704	192	960	670	250	945
768	192	960	726	252	945
832	192	960	782	253	945
896	192	960	839	255	945
960	192	960	896	256	945
1023	192	960	952	258	945
0	256	960	225	294	945
64	256	960	231	294	945
128	256	960	248	294	945
192	256	960	277	295	945
256	256	960	315	295	945
320	256	960	358	295	945
384	256	960	406	296	945
448	256	960	456	296	945
512	256	960	508	297	945
576	256	960	562	297	945
640	256	960	616	298	945
704	256	960	671	299	945
768	256	960	727	300	945
832	256	960	783	301	945
896	256	960	840	303	945
960	256	960	897	304	945
1023	256	960	953	305	945
0	320	960	233	349	945
64	320	960	238	349	945
128	320	960	255	349	945
192	320	960	283	349	945
256	320	960	320	349	945
320	320	960	363	350	945
384	320	960	409	350	945
448	320	960	459	350	945
512	320	960	511	351	945
576	320	960	564	351	945
640	320	960	618	352	945
704	320	960	673	353	945
768	320	960	729	354	945
832	320	960	785	355	945
896	320	960	841	356	945
960	320	960	898	357	945
1023	320	960	954	358	945
0	384	960	242	406	945
64	384	960	247	406	945
128	384	960	263	406	945
192	384	960	290	406	945
256	384	960	326	406	945
320	384	960	368	407	945
384	384	960	414	407	945
448	384	960	463	407	945
512	384	960	515	408	945
576	384	960	567	408	945
640	384	960	621	409	945
704	384	960	676	409	945
768	384	960	731	410	945
832	384	960	787	411	945
896	384	960	843	412	945
960	384	960	900	413	945
1023	384	960	956	414	945
0	448	960	252	465	946
64	448	960	257	465	946
128	448	960	273	465	946
192	448	960	299	465	946
256	448	960	333	465	946
320	448	960	374	466	946
384	448	960	420	466	946
448	448	960	468	466	946
512	448	960	519	467	946
576	448	960	571	467	946
640	448	960	625	467	946
704	448	960	679	468	946
768	448	960	734	469	945
832	448	960	790	469	945
896	448	960	846	470	945
960	448	960	902	471	945
1023	448	960	958	472	945
0	512	960	264	525	946
64	512	960	269	525	946
128	512	960	283	525	946
192	512	960	309	525	946
256	512	960	342	525	946
320	512	960	382	526	946
384	512	960	426	526	946
448	512	960	474	526	946
512	512	960	524	526	946
576	512	960	576	527	946
640	512	960	629	527	946
704	512	960	683	528	946
768	512	960	738	528	946
832	512	960	793	529	946
896	512	960	849	529	946
960	512	960	905	530	946
1023	512	960	960	531	946
0	576	960	277	586	946
64	576	960	281	586	946
128	576	960	295	586	946
192	576	960	319	586	946
256	576	960	352	586	946
320	576	960	390	586	946
384	576	960	434	586	946
448	576	960	481	587	946
512	576	960	530	587	946
576	576	960	581	587	946
640	576	960	634	588	946
704	576	960	687	588	946
768	576	960	742	589	946
832	576	960	797	589	946
896	576	960	852	590	946
960	576	960	908	590	946
1023	576	960	963	591	946
0	640	960	291	647	946
64	640	960	295	647	946
128	640	960	309	647	946
192	640	960	331	647	946
256	640	960	362	647	946
320	640	960	400	648	946
384	640	960	442	648	946
448	640	960	488	648	946
512	640	960	537	648	946
576	640	960	587	648	946
640	640	960	639	649	946
704	640	960	692	649	946
768	640	960	746	649	946
832	640	960	801	650	946
896	640	960	856	650	946
960	640	960	911	651	946
1023	640	960	967	652	946
0	704	960	306	709	947
64	704	960	310	709	947
128	704	960	323	709	947
192	704	960	344	709	947
256	704	960	374	709	947
320	704	960	410	709	947
384	704	960	451	709	947
448	704	960	496	709	947
512	704	960	544	710	947
576	704	960	594	710	947
640	704	960	645	710	947
704	704	960	697	711	947
768	704	960	751	711	947
832	704	960	805	711	947
896	704	960	860	712	947
960	704	960	915	712	947
1023	704	960	970	713	947
0	768	960	322	771	947
64	768	960	325	771	947
128	768	960	337	771	947
192	768	960	358	771	947
256	768	960	387	771	947
320	768	960	422	771	947
384	768	960	461	771	947
448	768	960	505	771	947
512	768	960	552	772	947
576	768	960	601	772	947
640	768	960	652	772	947
704	768	960	703	772	947
768	768	960	756	773	947
832	768	960	810	773	947
896	768	960	865	773	947
960	768	960	920	774	947
1023	768	960	974	774	947
0	832	960	338	833	948
64	832	960	342	833	948
128	832	960	353	833	948
192	832	960	372	833	948
256	832	960	400	833	948
320	832	960	433	833	948
384	832	960	472	833	948
448	832	960	515	833	948
512	832	960	561	834	948
576	832	960	609	834	948
640	832	960	659	834	948
704	832	960	710	834	947
768	832	960	762	835	947
832	832	960	816	835	947
896	832	960	870	835	947
960	832	960	924	836	947
1023	832	960	979	836	947
0	896	960	355	895	948
64	896	960	358	895	948
128	896	960	369	895	948
192	896	960	388	895	948
256	896	960	414	895	948
320	896	960	446	895	948
384	896	960	484	896	948
448	896	960	525	896	948
512	896	960	570	896	948
576	896	960	617	896	948
640	896	960	666	896	948
704	896	960	717	896	948
768	896	960	769	897	948
832	896	960	822	897	948
896	896	960	875	897	948
960	896	960	930	898	948
1023	896	960	984	898	948
0	960	960	373	958	949
64	960	960	375	958	949
128	960	960	386	958	949
192	960	960	403	958	949
256	960	960	428	958	949
320	960	960	460	958	949
384	960	960	496	958	949
448	960	960	536	958	949
512	960	960	580	958	949
576	960	960	626	958	949
640	960	960	675	959	949
704	960	960	725	959	948
768	960	960	776	959	948
832	960	960	828	959	948
896	960	960	881	960	948
960	960	960	935	960	948
1023	960	960	989	960	948
0	1023	960	390	1019	949
64	1023	960	393	1019	949
128	1023	960	402	1019	949
192	1023	960	419	1019	949
256	1023	960	443	1019	949
320	1023	960	473	1019	949
384	1023	960	508	1019	949
448	1023	960	548	1020	949
512	1023	960	591	1020	949
576	1023	960	636	1020	949
640	1023	960	684	1020	949
704	1023	960	733	1020	949
768	1023	960	783	1021	949
832	1023	960	835	1021	949
896	1023	960	888	1021	949
960	1023	960	941	1021	949
1023	1023	960	994	1022	949
0	0	1023	227	177	1007
64	0	1023	232	177	1007
128	0	1023	250	177	1007
192	0	1023	278	177	1007
256	0	1023	316	178	1007
320	0	1023	359	178	1007
384	0	1023	407	179	1007
448	0	1023	457	180	1007
512	0	1023	509	181	1007
576	0	1023	562	182	1007
640	0	1023	617	184	1007
704	0	1023	672	186	1007
768	0	1023	728	187	1007
832	0	1023	784	189	1007
896	0	1023	840	192	1007
960	0	1023	897	194	1007
1023	0	1023	953	196	1007
0	64	1023	227	185	1007
64	64	1023	233	185	1007
128	64	1023	250	185	1007
192	64	1023	279	185	1007
256	64	1023	316	186	1007
320	64	1023	359	186	1007
384	64	1023	407	187	1007
448	64	1023	457	188	1007
512	64	1023	509	189	1007
576	64	1023	562	190	1007
640	64	1023	617	192	1007
704	64	1023	672	193	1007
768	64	1023	728	195	1007
832	64	1023	784	197	1007
896	64	1023	840	199	1007
960	64	1023	897	201	1007
1023	64	1023	953	203	1007
0	128	1023	229	211	1007
64	128	1023	235	211	1007
128	128	1023	252	211	1007
192	128	1023	280	212	1007
256	128	1023	317	212	1007
320	128	1023	361	212	1007
384	128	1023	408	213	1007
448	128	1023	458	214	1007
512	128	1023	510	215	1007
576	128	1023	563	216	1007
640	128	1023	617	217	1007
704	128	1023	673	218	1007
768	128	1023	728	220	1007
832	128	1023	784	221	1007
896	128	1023	841	223	1007
960	128	1023	898	225	1007
1023	128	1023	954	227	1007
0	192	1023	233	251	1007
64	192	1023	238	251	1007
128	192	1023	255	251	1007
192	192	1023	283	252	1007
256	192	1023	320	252	1007
320	192	1023	363	252	1007
384	192	1023	410	253	1007
448	192	1023	459	253	1007
512	192	1023	511	254	1007
576	192	1023	564	255	1007
640	192	1023	619	256	1007
704	192	1023	674	257	1007
768	192	1023	729	258	1007
832	192	1023	785	260	1007
896	192	1023	842	261	1007
960	192	1023	898	263	1007
1023	192	1023	954	264	1007
0	256	1023	238	300	1007
64	256	1023	243	300	1007
128	256	1023	260	300	1007
192	256	1023	287	300	1007
256	256	1023	324	300	1007
320	256	1023	366	301	1007
384	256	1023	412	301	1007
448	256	1023	462	302	1007
512	256	1023	513	302	1007
576	256	1023	566	303	1007
640	256	1023	620	304	1007
704	256	1023	675	305	1007
768	256	1023	731	306	1007
832	256	1023	786	307	1007
896	256	1023	843	308	1007
960	256	1023	899	309	1007
1023	256	1023	955	311	1007
0	320	1023	245	353	1007
64	320	1023	250	353	1007
128	320	1023	266	354	1007
192	320	1023	293	354	1007
256	320	1023	328	354	1007
320	320	1023	370	354	1007
384	320	1023	416	354	1007
448	320	1023	465	355	1007
512	320	1023	516	355	1007
576	320	1023	569	356	1007
640	320	1023	622	357	1007
704	320	1023	677	357	1007
768	320	1023	732	358	1007
832	320	1023	788	359	1007
896	320	1023	844	360	1007
960	320	1023	901	361	1007
1023	320	1023	957	362	1007
0	384	1023	254	410	1007
64	384	1023	258	410	1007
128	384	1023	274	410	1007
192	384	1023	300	410	1007
256	384	1023	335	410	1007
320	384	1023	375	411	1007
384	384	1023	421	411	1007
448	384	1023	469	411	1007
512	384	1023	520	412	1007
576	384	1023	572	412	1007
640	384	1023	625	413	1007
704	384	1023	680	413	1007
768	384	1023	735	414	1007
832	384	1023	790	415	1007
896	384	1023	846	416	1007
960	384	1023	903	417	1007
1023	384	1023	958	417	1007
0	448	1023	264	468	1008
64	448	1023	268	468	1008
128	448	1023	283	468	1008
192	448	1023	308	469	1008
256	448	1023	342	469	1008
320	448	1023	382	469	1008
384	448	1023	426	469	1008
448	448	1023	474	469	1008
512	448	1023	524	470	1008
576	448	1023	576	470	1008
640	448	1023	629	471	1007
704	448	1023	683	471	1007
768	448	1023	738	472	1007
832	448	1023	793	472	1007
896	448	1023	849	473	1007
960	448	1023	905	474	1007
1023	448	1023	960	475	1007
0	512	1023	275	528	1008
64	512	1023	279	528	1008
128	512	1023	294	528	1008
192	512	1023	318	528	1008
256	512	1023	350	528	1008
320	512	1023	389	528	1008
384	512	1023	433	529	1008
448	512	1023	480	529	1008
512	512	1023	529	529	1008
576	512	1023	580	530	1008
640	512	1023	633	530	1008
704	512	1023	686	530	1008
768	512	1023	741	531	1008
832	512	1023	796	531	1008
896	512	1023	851	532	1008
960	512	1023	907	533	1008
1023	512	1023	963	534	1008
0	576	1023	288	588	1008
64	576	1023	292	588	1008
128	576	1023	305	588	1008
192	576	1023	328	588	1008
256	576	1023	360	589	1008
320	576	1023	397	589	1008
384	576	1023	440	589	1008
448	576	1023	486	589	1008
512	576	1023	535	589	1008
576	576	1023	585	590	1008
640	576	1023	638	590	1008
704	576	1023	691	591	1008
768	576	1023	745	591	1008
832	576	1023	800	591	1008
896	576	1023	855	592	1008
960	576	1023	910	593	1008
1023	576	1023	966	593	1008
0	640	1023	301	649	1008
64	640	1023	305	649	1008
128	640	1023	318	649	1008
192	640	1023	340	649	1008
256	640	1023	370	650	1008
320	640	1023	407	650	1008
384	640	1023	448	650	1008
448	640	1023	493	650	1008
512	640	1023	541	650	1008
576	640	1023	591	651	1008
640	640	1023	643	651	1008
704	640	1023	696	651	1008
768	640	1023	749	652	1008
832	640	1023	804	652	1008
896	640	1023	859	653	1008
960	640	1023	914	653	1008
1023	640	1023	969	654	1008
0	704	1023	316	711	1009
64	704	1023	319	711	1009
128	704	1023	331	711	1009
192	704	1023	352	711	1009
256	704	1023	381	711	1009
320	704	1023	417	711	1009
384	704	1023	457	711	1009
448	704	1023	502	711	1009
512	704	1023	549	712	1009
576	704	1023	598	712	1009
640	704	1023	649	712	1009
704	704	1023	701	713	1009
768	704	1023	754	713	1009
832	704	1023	808	713	1009
896	704	1023	863	714	1009
960	704	1023	918	714	1008
1023	704	1023	973	715	1008
0	768	1023	331	773	1009
64	768	1023	334	773	1009
128	768	1023	346	773	1009
192	768	1023	366	773	1009
256	768	1023	394	773	1009
320	768	1023	428	773	1009
384	768	1023	467	773	1009
448	768	1023	510	773	1009
512	768	1023	557	773	1009
576	768	1023	605	774	1009
640	768	1023	655	774	1009
704	768	1023	707	774	1009
768	768	1023	760	774	1009
832	768	1023	813	775	1009
896	768	1023	867	775	1009
960	768	1023	922	776	1009
1023	768	1023	977	776	1009
0	832	1023	347	835	1009
64	832	1023	350	835	1009
128	832	1023	361	835	1009
192	832	1023	380	835	1009
256	832	1023	407	835	1009
320	832	1023	440	835	1009
384	832	1023	478	835	1009
448	832	1023	520	835	1009
512	832	1023	565	835	1009
576	832	1023	613	835	1009
640	832	1023	662	836	1009
704	832	1023	713	836	1009
768	832	1023	766	836	1009
832	832	1023	819	837	1009
896	832	1023	872	837	1009
960	832	1023	927	837	1009
1023	832	1023	981	838	1009
0	896	1023	363	897	1010
64	896	1023	366	897	1010
128	896	1023	376	897	1010
192	896	1023	395	897	1010
256	896	1023	420	897	1010
320	896	1023	452	897	1010
384	896	1023	489	897	1010
448	896	1023	530	897	1010
512	896	1023	575	897	1010
576	896	1023	621	898	1010
640	896	1023	670	898	1010
704	896	1023	721	898	1010
768	896	1023	772	898	1010
832	896	1023	825	899	1010
896	896	1023	878	899	1010
960	896	1023	932	899	1010
1023	896	1023	986	900	1010
0	960	1023	380	959	1010
64	960	1023	383	959	1010
128	960	1023	393	959	1010
192	960	1023	410	959	1010
256	960	1023	435	959	1010
320	960	1023	465	959	1010
384	960	1023	501	959	1010
448	960	1023	541	959	1010
512	960	1023	584	960	1010
576	960	1023	630	960	1010
640	960	1023	678	960	1010
704	960	1023	728	960	1010
768	960	1023	779	960	1010
832	960	1023	831	961	1010
896	960	1023	884	961	1010
960	960	1023	938	961	1010
1023	960	1023	991	962	1010
0	1023	1023	397	1020	1011
64	1023	1023	400	1020	1011
128	1023	1023	409	1020	1011
192	1023	1023	426	1021	1011
256	1023	1023	449	1021	1011
320	1023	1023	479	1021	1011
384	1023	1023	514	1021	1011
448	1023	1023	553	1021	1011
512	1023	1023	595	1021	1011
576	1023	1023	640	1021	1011
640	1023	1023	687	1021	1011
704	1023	1023	736	1022	1011
768	1023	1023	786	1022	1011
832	1023	1023	838	1022	1011
896	1023	1023	890	1022	1011
960	1023	1023	944	1023	1011
1023	1023	1023	997	1023	1011
