0	0	0	0	0	0
0	0	64	16	9	63
0	0	128	32	19	128
0	0	192	48	28	192
0	0	256	63	37	255
0	0	320	79	47	319
0	0	384	95	56	382
0	0	448	111	65	447
0	0	512	126	74	509
0	0	576	143	84	578
0	0	640	158	93	638
0	0	704	173	102	701
0	0	768	188	111	762
0	0	832	204	120	824
0	0	896	219	130	887
0	0	960	234	139	949
0	0	1023	249	147	1009
0	64	0	16	62	8
0	64	64	22	64	63
0	64	128	35	65	128
0	64	192	49	68	192
0	64	256	65	72	255
0	64	320	80	76	319
0	64	384	95	82	382
0	64	448	111	88	447
0	64	512	127	95	509
0	64	576	143	103	577
0	64	640	158	110	638
0	64	704	173	118	700
0	64	768	188	126	761
0	64	832	204	133	823
0	64	896	220	141	887
0	64	960	235	150	949
0	64	1023	250	158	1008
0	128	0	32	126	17
0	128	64	35	128	65
0	128	128	44	129	129
0	128	192	56	130	193
0	128	256	69	132	255
0	128	320	83	135	319
0	128	384	98	138	382
0	128	448	114	141	447
0	128	512	129	145	509
0	128	576	145	150	577
0	128	640	160	154	638
0	128	704	175	160	700
0	128	768	190	165	760
0	128	832	205	171	824
0	128	896	221	177	887
0	128	960	236	184	949
0	128	1023	250	190	1008
0	192	0	47	189	26
0	192	64	50	192	67
0	192	128	56	193	130
0	192	192	66	193	194
0	192	256	77	194	256
0	192	320	90	196	319
0	192	384	104	198	383
0	192	448	118	201	448
0	192	512	133	203	510
0	192	576	149	206	578
0	192	640	163	209	638
0	192	704	178	213	701
0	192	768	192	217	761
0	192	832	207	221	824
0	192	896	223	225	887
0	192	960	238	230	949
0	192	1023	252	235	1008
0	256	0	63	251	34
0	256	64	65	254	70
0	256	128	70	255	131
0	256	192	77	256	195
0	256	256	87	257	256
0	256	320	98	258	320
0	256	384	111	260	383
0	256	448	124	261	448
0	256	512	138	263	510
0	256	576	153	266	578
0	256	640	167	268	639
0	256	704	182	270	701
0	256	768	196	273	761
0	256	832	211	277	825
0	256	896	225	279	887
0	256	960	240	283	948
0	256	1023	254	287	1008
0	320	0	78	314	42
0	320	64	80	317	74
0	320	128	84	319	134
0	320	192	90	319	196
0	320	256	99	320	258
0	320	320	109	321	321
0	320	384	120	322	384
0	320	448	132	323	448
0	320	512	145	325	510
0	320	576	160	327	578
0	320	640	173	328	639
0	320	704	187	330	701
0	320	768	200	333	761
0	320	832	215	335	825
0	320	896	230	337	888
0	320	960	244	340	950
0	320	1023	258	343	1010
0	384	0	94	376	51
0	384	64	96	380	79
0	384	128	99	381	136
0	384	192	104	382	198
0	384	256	111	382	259
0	384	320	120	383	322
0	384	384	130	384	385
0	384	448	142	385	449
0	384	512	154	387	512
0	384	576	167	389	580
0	384	640	180	389	640
0	384	704	193	391	702
0	384	768	206	393	762
0	384	832	220	395	826
0	384	896	235	397	888
0	384	960	248	398	950
0	384	1023	262	401	1009
0	448	0	110	439	59
0	448	64	111	443	85
0	448	128	114	444	139
0	448	192	119	445	200
0	448	256	125	446	260
0	448	320	133	447	323
0	448	384	142	448	386
0	448	448	152	448	450
0	448	512	163	449	512
0	448	576	176	451	580
0	448	640	188	452	641
0	448	704	200	453	703
0	448	768	213	455	763
0	448	832	227	456	826
0	448	896	240	457	889
0	448	960	254	459	951
0	448	1023	268	461	1011
0	512	0	125	501	68
0	512	64	127	507	91
0	512	128	130	507	142
0	512	192	134	508	202
0	512	256	139	509	262
0	512	320	146	509	325
0	512	384	154	511	387
0	512	448	164	511	451
0	512	512	174	512	514
0	512	576	186	514	581
0	512	640	197	514	642
0	512	704	209	515	704
0	512	768	221	516	764
0	512	832	234	518	827
0	512	896	247	519	891
0	512	960	261	520	952
0	512	1023	274	521	1011
0	576	0	142	569	77
0	576	64	144	574	97
0	576	128	146	575	147
0	576	192	149	575	205
0	576	256	154	577	265
0	576	320	161	577	327
0	576	384	168	578	389
0	576	448	176	578	453
0	576	512	186	579	514
0	576	576	197	581	582
0	576	640	207	581	642
0	576	704	219	581	705
0	576	768	230	583	765
0	576	832	243	584	828
0	576	896	255	585	891
0	576	960	268	586	953
0	576	1023	281	588	1013
0	640	0	157	629	85
0	640	64	159	634	104
0	640	128	161	634	151
0	640	192	164	635	208
0	640	256	168	636	267
0	640	320	174	637	329
0	640	384	181	638	391
0	640	448	188	637	454
0	640	512	197	639	516
0	640	576	208	640	584
0	640	640	217	640	644
0	640	704	228	641	707
0	640	768	239	642	767
0	640	832	251	643	829
0	640	896	263	643	892
0	640	960	276	644	954
0	640	1023	288	645	1013
0	704	0	173	692	93
0	704	64	175	698	111
0	704	128	177	699	155
0	704	192	179	699	211
0	704	256	183	700	269
0	704	320	188	701	331
0	704	384	195	702	393
0	704	448	202	702	456
0	704	512	210	703	518
0	704	576	220	705	586
0	704	640	229	704	646
0	704	704	239	705	708
0	704	768	250	705	768
0	704	832	261	707	831
0	704	896	273	707	894
0	704	960	285	708	956
0	704	1023	297	709	1016
0	768	0	188	751	101
0	768	64	190	757	117
0	768	128	191	758	160
0	768	192	194	759	215
0	768	256	198	760	272
0	768	320	202	761	334
0	768	384	208	762	396
0	768	448	215	762	459
0	768	512	222	763	520
0	768	576	231	763	587
0	768	640	240	763	648
0	768	704	250	763	710
0	768	768	260	765	770
0	768	832	271	766	833
0	768	896	282	766	896
0	768	960	293	766	957
0	768	1023	305	768	1017
0	832	0	204	814	110
0	832	64	206	821	125
0	832	128	207	822	166
0	832	192	210	823	218
0	832	256	213	824	275
0	832	320	217	824	335
0	832	384	223	825	397
0	832	448	229	825	460
0	832	512	236	826	521
0	832	576	244	827	589
0	832	640	252	827	649
0	832	704	262	827	711
0	832	768	271	828	771
0	832	832	282	829	834
0	832	896	292	829	897
0	832	960	303	830	959
0	832	1023	315	831	1018
0	896	0	219	876	118
0	896	64	221	883	132
0	896	128	223	884	171
0	896	192	225	884	222
0	896	256	228	885	278
0	896	320	232	886	338
0	896	384	237	887	399
0	896	448	243	887	462
0	896	512	249	888	523
0	896	576	257	889	590
0	896	640	265	889	650
0	896	704	274	889	712
0	896	768	283	890	772
0	896	832	293	891	835
0	896	896	303	891	898
0	896	960	313	891	960
0	896	1023	324	893	1020
0	960	0	235	937	126
0	960	64	236	944	139
0	960	128	238	945	176
0	960	192	240	946	227
0	960	256	243	947	281
0	960	320	246	947	341
0	960	384	251	948	401
0	960	448	257	949	464
0	960	512	263	949	525
0	960	576	270	950	592
0	960	640	278	950	652
0	960	704	286	950	714
0	960	768	294	951	774
0	960	832	304	952	837
0	960	896	313	951	899
0	960	960	324	951	961
0	960	1023	334	952	1020
0	1023	0	249	997	134
0	1023	64	252	1004	147
0	1023	128	253	1005	182
0	1023	192	255	1006	231
0	1023	256	257	1007	285
0	1023	320	261	1007	344
0	1023	384	265	1009	404
0	1023	448	270	1009	466
0	1023	512	276	1009	527
0	1023	576	283	1010	594
0	1023	640	290	1009	653
0	1023	704	298	1010	716
0	1023	768	307	1010	775
0	1023	832	315	1010	838
0	1023	896	324	1009	900
0	1023	960	334	1010	963
0	1023	1023	344	1010	1022
64	0	0	63	7	0
64	0	64	64	11	63
64	0	128	68	20	128
64	0	192	76	29	192
64	0	256	86	38	254
64	0	320	97	47	318
64	0	384	110	56	381
64	0	448	124	65	446
64	0	512	138	74	508
64	0	576	153	84	576
64	0	640	167	93	637
64	0	704	181	102	700
64	0	768	195	111	759
64	0	832	210	120	823
64	0	896	225	130	886
64	0	960	240	139	948
64	0	1023	255	147	1008
64	64	0	63	63	8
64	64	64	64	64	63
64	64	128	69	66	128
64	64	192	77	68	192
64	64	256	86	72	254
64	64	320	98	77	318
64	64	384	110	82	381
64	64	448	124	89	446
64	64	512	138	95	508
64	64	576	154	103	577
64	64	640	167	110	637
64	64	704	182	117	700
64	64	768	196	125	759
64	64	832	211	133	823
64	64	896	226	141	886
64	64	960	240	150	948
64	64	1023	254	158	1008
64	128	0	67	128	17
64	128	64	69	129	65
64	128	128	73	130	129
64	128	192	80	131	192
64	128	256	90	133	254
64	128	320	100	135	318
64	128	384	113	138	382
64	128	448	126	142	446
64	128	512	140	146	509
64	128	576	155	151	577
64	128	640	168	155	637
64	128	704	183	160	699
64	128	768	197	166	759
64	128	832	212	171	823
64	128	896	226	178	886
64	128	960	241	184	948
64	128	1023	255	190	1007
64	192	0	75	191	26
64	192	64	76	193	67
64	192	128	80	193	129
64	192	192	86	194	193
64	192	256	95	195	255
64	192	320	105	197	319
64	192	384	117	199	382
64	192	448	130	201	447
64	192	512	143	203	508
64	192	576	158	207	577
64	192	640	171	210	638
64	192	704	185	214	700
64	192	768	199	217	760
64	192	832	214	222	823
64	192	896	228	226	885
64	192	960	243	230	947
64	192	1023	257	235	1007
64	256	0	84	253	34
64	256	64	85	256	70
64	256	128	89	256	131
64	256	192	95	257	194
64	256	256	103	258	256
64	256	320	112	259	319
64	256	384	123	261	383
64	256	448	135	262	447
64	256	512	148	264	509
64	256	576	162	267	577
64	256	640	175	269	637
64	256	704	189	271	701
64	256	768	202	275	760
64	256	832	217	277	823
64	256	896	231	280	886
64	256	960	245	284	948
64	256	1023	260	288	1008
64	320	0	95	316	43
64	320	64	97	319	74
64	320	128	100	320	133
64	320	192	105	320	195
64	320	256	112	321	257
64	320	320	121	322	320
64	320	384	131	323	383
64	320	448	142	325	448
64	320	512	154	326	510
64	320	576	168	328	578
64	320	640	180	330	638
64	320	704	194	331	700
64	320	768	207	334	760
64	320	832	221	337	824
64	320	896	235	339	887
64	320	960	249	342	949
64	320	1023	263	345	1009
64	384	0	108	379	51
64	384	64	109	382	79
64	384	128	112	382	136
64	384	192	117	383	197
64	384	256	123	383	258
64	384	320	131	384	321
64	384	384	140	386	384
64	384	448	151	387	449
64	384	512	162	388	510
64	384	576	175	390	578
64	384	640	187	391	639
64	384	704	200	393	702
64	384	768	213	394	761
64	384	832	227	397	825
64	384	896	240	397	887
64	384	960	253	400	949
64	384	1023	267	403	1009
64	448	0	121	441	60
64	448	64	123	444	85
64	448	128	125	446	139
64	448	192	129	446	199
64	448	256	135	447	260
64	448	320	142	448	323
64	448	384	151	449	385
64	448	448	160	450	449
64	448	512	171	451	511
64	448	576	183	453	579
64	448	640	194	453	640
64	448	704	207	454	702
64	448	768	219	456	762
64	448	832	233	458	825
64	448	896	246	459	888
64	448	960	259	461	950
64	448	1023	272	463	1010
64	512	0	136	505	68
64	512	64	137	508	91
64	512	128	139	509	142
64	512	192	143	510	202
64	512	256	148	510	262
64	512	320	154	511	324
64	512	384	162	513	387
64	512	448	171	513	451
64	512	512	181	514	513
64	512	576	192	515	580
64	512	640	203	516	641
64	512	704	215	517	704
64	512	768	227	518	764
64	512	832	240	520	827
64	512	896	252	520	889
64	512	960	265	522	951
64	512	1023	278	524	1010
64	576	0	151	572	77
64	576	64	152	576	97
64	576	128	155	577	147
64	576	192	158	577	205
64	576	256	162	578	264
64	576	320	168	578	326
64	576	384	175	580	388
64	576	448	183	580	452
64	576	512	193	581	514
64	576	576	203	583	582
64	576	640	214	583	642
64	576	704	224	583	704
64	576	768	236	585	764
64	576	832	248	586	828
64	576	896	260	587	891
64	576	960	273	588	952
64	576	1023	285	590	1012
64	640	0	166	632	85
64	640	64	167	635	104
64	640	128	168	636	150
64	640	192	171	637	208
64	640	256	176	638	266
64	640	320	181	638	328
64	640	384	188	640	390
64	640	448	195	640	454
64	640	512	204	641	516
64	640	576	214	642	583
64	640	640	223	642	643
64	640	704	234	643	706
64	640	768	245	645	766
64	640	832	257	645	828
64	640	896	268	645	891
64	640	960	281	646	953
64	640	1023	292	648	1013
64	704	0	181	696	93
64	704	64	182	700	111
64	704	128	183	700	155
64	704	192	187	701	211
64	704	256	190	702	269
64	704	320	195	703	330
64	704	384	201	704	393
64	704	448	208	704	456
64	704	512	216	704	517
64	704	576	226	706	585
64	704	640	234	706	645
64	704	704	245	707	707
64	704	768	255	708	767
64	704	832	266	709	830
64	704	896	277	709	893
64	704	960	289	709	954
64	704	1023	300	711	1014
64	768	0	195	755	101
64	768	64	197	759	117
64	768	128	198	760	160
64	768	192	200	760	214
64	768	256	204	762	272
64	768	320	209	763	333
64	768	384	214	763	395
64	768	448	221	764	458
64	768	512	228	764	519
64	768	576	237	766	587
64	768	640	245	766	647
64	768	704	255	766	709
64	768	768	265	767	769
64	768	832	276	768	832
64	768	896	287	768	895
64	768	960	298	769	957
64	768	1023	309	771	1017
64	832	0	211	819	110
64	832	64	212	823	125
64	832	128	213	824	165
64	832	192	216	825	218
64	832	256	219	825	275
64	832	320	223	826	335
64	832	384	228	828	397
64	832	448	234	827	460
64	832	512	241	828	521
64	832	576	250	830	588
64	832	640	258	829	648
64	832	704	267	829	710
64	832	768	276	830	770
64	832	832	286	832	833
64	832	896	297	832	896
64	832	960	308	832	958
64	832	1023	319	834	1018
64	896	0	226	881	118
64	896	64	227	885	132
64	896	128	229	886	170
64	896	192	231	886	222
64	896	256	234	887	278
64	896	320	238	888	337
64	896	384	243	889	398
64	896	448	248	890	462
64	896	512	254	889	522
64	896	576	263	891	589
64	896	640	270	891	650
64	896	704	279	891	712
64	896	768	288	892	771
64	896	832	297	894	834
64	896	896	307	892	896
64	896	960	318	893	958
64	896	1023	328	894	1018
64	960	0	241	941	126
64	960	64	242	946	139
64	960	128	244	947	176
64	960	192	245	948	226
64	960	256	248	948	281
64	960	320	252	949	340
64	960	384	257	950	401
64	960	448	262	950	463
64	960	512	268	951	524
64	960	576	275	952	591
64	960	640	282	951	650
64	960	704	291	953	713
64	960	768	299	953	773
64	960	832	308	954	835
64	960	896	318	953	898
64	960	960	328	954	960
64	960	1023	338	955	1020
64	1023	0	256	1002	135
64	1023	64	257	1007	147
64	1023	128	258	1007	182
64	1023	192	261	1008	231
64	1023	256	263	1009	285
64	1023	320	266	1009	343
64	1023	384	271	1011	403
64	1023	448	276	1010	465
64	1023	512	281	1011	526
64	1023	576	289	1012	593
64	1023	640	295	1011	652
64	1023	704	302	1011	714
64	1023	768	311	1013	775
64	1023	832	320	1013	837
64	1023	896	329	1013	900
64	1023	960	339	1013	962
64	1023	1023	349	1013	1021
128	0	0	124	13	0
128	0	64	124	16	63
128	0	128	126	22	128
128	0	192	130	30	192
128	0	256	135	39	254
128	0	320	142	48	318
128	0	384	151	57	381
128	0	448	160	66	446
128	0	512	171	75	508
128	0	576	183	85	577
128	0	640	194	94	637
128	0	704	207	103	700
128	0	768	218	112	759
128	0	832	232	121	822
128	0	896	245	130	885
128	0	960	259	139	947
128	0	1023	272	147	1006
128	64	0	124	64	8
128	64	64	124	65	63
128	64	128	126	66	128
128	64	192	130	69	192
128	64	256	136	72	254
128	64	320	143	77	318
128	64	384	151	83	381
128	64	448	161	89	446
128	64	512	171	95	508
128	64	576	184	103	577
128	64	640	195	110	637
128	64	704	207	118	700
128	64	768	219	126	759
128	64	832	232	133	823
128	64	896	246	141	886
128	64	960	259	149	947
128	64	1023	271	158	1006
128	128	0	126	128	17
128	128	64	126	130	65
128	128	128	128	130	128
128	128	192	132	131	192
128	128	256	138	133	254
128	128	320	144	136	318
128	128	384	153	139	382
128	128	448	162	142	446
128	128	512	172	146	508
128	128	576	185	151	576
128	128	640	196	155	637
128	128	704	208	160	700
128	128	768	220	166	760
128	128	832	233	172	823
128	128	896	246	177	885
128	128	960	260	184	947
128	128	1023	273	190	1007
128	192	0	130	191	26
128	192	64	130	193	67
128	192	128	132	193	130
128	192	192	136	194	193
128	192	256	141	195	255
128	192	320	148	197	319
128	192	384	156	199	382
128	192	448	165	201	446
128	192	512	175	204	508
128	192	576	187	207	577
128	192	640	198	210	637
128	192	704	210	214	700
128	192	768	222	218	760
128	192	832	235	222	822
128	192	896	248	226	886
128	192	960	261	231	947
128	192	1023	274	236	1007
128	256	0	135	254	34
128	256	64	135	255	70
128	256	128	137	256	131
128	256	192	141	257	194
128	256	256	146	258	256
128	256	320	153	259	319
128	256	384	160	261	383
128	256	448	169	262	447
128	256	512	179	264	509
128	256	576	191	267	577
128	256	640	201	269	638
128	256	704	213	271	700
128	256	768	225	275	760
128	256	832	238	277	823
128	256	896	251	280	886
128	256	960	264	284	948
128	256	1023	276	288	1008
128	320	0	142	316	43
128	320	64	142	319	74
128	320	128	144	319	133
128	320	192	148	320	195
128	320	256	152	321	257
128	320	320	158	322	320
128	320	384	166	324	383
128	320	448	175	325	447
128	320	512	184	326	509
128	320	576	196	329	578
128	320	640	206	330	638
128	320	704	217	332	700
128	320	768	229	334	760
128	320	832	241	337	823
128	320	896	254	339	887
128	320	960	266	341	947
128	320	1023	280	344	1007
128	384	0	150	379	51
128	384	64	150	381	79
128	384	128	152	382	136
128	384	192	156	383	197
128	384	256	160	384	258
128	384	320	166	384	321
128	384	384	173	386	384
128	384	448	181	386	448
128	384	512	190	388	510
128	384	576	201	390	578
128	384	640	211	391	638
128	384	704	223	392	701
128	384	768	234	395	761
128	384	832	246	396	824
128	384	896	259	398	887
128	384	960	271	400	949
128	384	1023	283	403	1008
128	448	0	159	442	60
128	448	64	160	445	85
128	448	128	162	446	139
128	448	192	165	446	199
128	448	256	169	447	259
128	448	320	174	448	322
128	448	384	181	449	385
128	448	448	189	450	449
128	448	512	198	451	511
128	448	576	208	453	579
128	448	640	218	453	639
128	448	704	229	454	702
128	448	768	240	456	762
128	448	832	252	458	825
128	448	896	264	459	888
128	448	960	276	461	950
128	448	1023	288	464	1010
128	512	0	170	505	68
128	512	64	171	508	90
128	512	128	172	509	142
128	512	192	175	509	201
128	512	256	179	510	262
128	512	320	185	511	324
128	512	384	191	512	386
128	512	448	198	512	450
128	512	512	206	514	512
128	512	576	217	515	580
128	512	640	226	515	640
128	512	704	236	516	703
128	512	768	247	519	763
128	512	832	258	519	826
128	512	896	270	520	889
128	512	960	282	522	950
128	512	1023	294	524	1010
128	576	0	182	573	77
128	576	64	183	576	98
128	576	128	184	576	146
128	576	192	187	577	204
128	576	256	191	578	264
128	576	320	196	578	326
128	576	384	202	580	388
128	576	448	209	580	452
128	576	512	216	581	513
128	576	576	226	582	581
128	576	640	235	583	642
128	576	704	245	584	704
128	576	768	255	585	764
128	576	832	266	587	827
128	576	896	277	586	889
128	576	960	289	587	951
128	576	1023	301	589	1011
128	640	0	194	631	85
128	640	64	195	635	104
128	640	128	196	636	150
128	640	192	198	636	207
128	640	256	202	638	266
128	640	320	207	639	328
128	640	384	212	639	390
128	640	448	219	640	454
128	640	512	226	640	515
128	640	576	235	642	583
128	640	640	244	642	643
128	640	704	253	643	705
128	640	768	263	644	765
128	640	832	274	645	828
128	640	896	285	646	891
128	640	960	296	647	953
128	640	1023	307	648	1013
128	704	0	207	697	94
128	704	64	208	700	111
128	704	128	209	701	155
128	704	192	211	701	211
128	704	256	215	702	269
128	704	320	219	703	330
128	704	384	224	704	392
128	704	448	230	704	455
128	704	512	237	705	517
128	704	576	246	706	585
128	704	640	254	706	645
128	704	704	263	707	707
128	704	768	273	708	767
128	704	832	283	708	829
128	704	896	293	709	893
128	704	960	304	710	954
128	704	1023	315	711	1014
128	768	0	219	755	101
128	768	64	220	759	117
128	768	128	222	760	160
128	768	192	224	761	214
128	768	256	227	761	272
128	768	320	231	762	333
128	768	384	236	764	394
128	768	448	242	764	458
128	768	512	249	765	519
128	768	576	257	766	587
128	768	640	265	766	647
128	768	704	273	766	709
128	768	768	282	767	769
128	768	832	292	769	832
128	768	896	302	769	895
128	768	960	313	770	957
128	768	1023	323	771	1016
128	832	0	233	820	110
128	832	64	234	823	125
128	832	128	235	824	165
128	832	192	237	825	218
128	832	256	240	826	275
128	832	320	244	826	335
128	832	384	249	828	397
128	832	448	254	828	460
128	832	512	260	828	520
128	832	576	268	829	588
128	832	640	276	830	648
128	832	704	284	830	710
128	832	768	292	831	770
128	832	832	303	832	833
128	832	896	312	831	895
128	832	960	322	831	957
128	832	1023	332	833	1017
128	896	0	247	881	118
128	896	64	248	885	132
128	896	128	249	886	171
128	896	192	251	887	222
128	896	256	254	887	278
128	896	320	257	888	337
128	896	384	262	889	398
128	896	448	267	890	461
128	896	512	273	890	522
128	896	576	280	891	589
128	896	640	287	891	649
128	896	704	295	892	712
128	896	768	304	893	771
128	896	832	312	893	834
128	896	896	321	893	896
128	896	960	332	893	958
128	896	1023	342	895	1018
128	960	0	261	942	127
128	960	64	261	946	140
128	960	128	263	947	176
128	960	192	264	947	226
128	960	256	267	948	281
128	960	320	270	949	340
128	960	384	274	950	400
128	960	448	279	950	463
128	960	512	285	951	524
128	960	576	292	952	591
128	960	640	299	951	650
128	960	704	306	952	712
128	960	768	314	954	773
128	960	832	323	954	835
128	960	896	332	954	898
128	960	960	341	954	960
128	960	1023	351	955	1019
128	1023	0	274	1002	135
128	1023	64	275	1006	146
128	1023	128	276	1007	181
128	1023	192	278	1008	230
128	1023	256	281	1009	284
128	1023	320	284	1010	343
128	1023	384	288	1010	403
128	1023	448	292	1010	465
128	1023	512	298	1011	526
128	1023	576	305	1012	593
128	1023	640	310	1012	652
128	1023	704	318	1012	714
128	1023	768	325	1012	774
128	1023	832	334	1013	837
128	1023	896	343	1013	900
128	1023	960	352	1013	961
128	1023	1023	361	1013	1021
192	0	0	184	20	0
192	0	64	184	21	63
192	0	128	185	26	127
192	0	192	188	33	192
192	0	256	191	41	254
192	0	320	196	49	318
192	0	384	202	58	381
192	0	448	208	67	445
192	0	512	216	76	508
192	0	576	226	86	576
192	0	640	234	94	636
192	0	704	245	103	699
192	0	768	254	112	759
192	0	832	265	121	822
192	0	896	276	130	885
192	0	960	288	139	947
192	0	1023	300	148	1007
192	64	0	184	65	7
192	64	64	184	66	63
192	64	128	185	67	128
192	64	192	188	70	192
192	64	256	192	74	254
192	64	320	196	78	318
192	64	384	202	84	381
192	64	448	209	90	446
192	64	512	217	96	508
192	64	576	226	104	576
192	64	640	235	111	636
192	64	704	245	119	700
192	64	768	255	127	759
192	64	832	266	133	822
192	64	896	277	142	885
192	64	960	289	150	947
192	64	1023	300	158	1007
192	128	0	186	129	17
192	128	64	185	130	64
192	128	128	187	131	128
192	128	192	189	132	192
192	128	256	193	134	254
192	128	320	198	136	318
192	128	384	203	139	381
192	128	448	210	142	446
192	128	512	218	146	508
192	128	576	227	151	576
192	128	640	236	156	637
192	128	704	245	161	699
192	128	768	256	166	760
192	128	832	266	172	822
192	128	896	277	178	885
192	128	960	289	184	947
192	128	1023	301	190	1007
192	192	0	188	191	25
192	192	64	188	193	67
192	192	128	189	194	129
192	192	192	191	194	193
192	192	256	195	196	255
192	192	320	200	198	319
192	192	384	205	199	381
192	192	448	212	202	446
192	192	512	220	204	508
192	192	576	229	208	577
192	192	640	238	210	637
192	192	704	247	214	699
192	192	768	257	218	759
192	192	832	268	222	822
192	192	896	279	226	885
192	192	960	291	231	947
192	192	1023	302	236	1007
192	256	0	191	254	34
192	256	64	192	256	70
192	256	128	193	256	131
192	256	192	195	257	194
192	256	256	198	258	255
192	256	320	203	259	319
192	256	384	209	261	382
192	256	448	215	263	447
192	256	512	223	264	509
192	256	576	232	267	577
192	256	640	240	269	637
192	256	704	250	272	700
192	256	768	260	274	759
192	256	832	271	278	823
192	256	896	282	281	886
192	256	960	293	285	948
192	256	1023	305	288	1008
192	320	0	196	317	43
192	320	64	196	319	74
192	320	128	197	320	133
192	320	192	200	321	195
192	320	256	203	321	257
192	320	320	208	322	320
192	320	384	213	324	383
192	320	448	219	325	447
192	320	512	227	326	509
192	320	576	236	329	577
192	320	640	244	330	638
192	320	704	253	332	701
192	320	768	263	335	760
192	320	832	274	336	823
192	320	896	285	339	886
192	320	960	296	341	948
192	320	1023	307	344	1007
192	384	0	201	379	51
192	384	64	202	381	79
192	384	128	203	382	136
192	384	192	205	382	197
192	384	256	208	383	257
192	384	320	213	384	320
192	384	384	218	386	384
192	384	448	225	387	448
192	384	512	232	388	510
192	384	576	241	390	578
192	384	640	249	391	638
192	384	704	258	392	701
192	384	768	267	394	760
192	384	832	278	397	824
192	384	896	288	398	887
192	384	960	299	400	949
192	384	1023	311	403	1008
192	448	0	208	442	60
192	448	64	209	445	85
192	448	128	210	445	138
192	448	192	212	447	199
192	448	256	215	447	259
192	448	320	220	448	322
192	448	384	225	449	385
192	448	448	231	450	449
192	448	512	238	451	511
192	448	576	246	452	579
192	448	640	254	454	639
192	448	704	263	455	702
192	448	768	272	456	762
192	448	832	283	457	824
192	448	896	293	459	887
192	448	960	304	460	949
192	448	1023	315	463	1009
192	512	0	216	505	68
192	512	64	217	508	90
192	512	128	218	509	142
192	512	192	220	509	201
192	512	256	223	510	261
192	512	320	227	510	323
192	512	384	232	512	386
192	512	448	238	513	450
192	512	512	245	514	512
192	512	576	253	515	580
192	512	640	261	516	640
192	512	704	269	516	702
192	512	768	278	518	762
192	512	832	289	520	826
192	512	896	299	521	888
192	512	960	309	522	950
192	512	1023	320	524	1010
192	576	0	226	573	77
192	576	64	226	576	97
192	576	128	227	576	146
192	576	192	229	577	204
192	576	256	232	578	264
192	576	320	236	579	326
192	576	384	241	580	388
192	576	448	247	580	452
192	576	512	253	581	513
192	576	576	261	583	581
192	576	640	268	583	641
192	576	704	277	583	703
192	576	768	286	585	764
192	576	832	295	586	826
192	576	896	305	587	889
192	576	960	316	588	951
192	576	1023	326	590	1010
192	640	0	235	632	85
192	640	64	236	636	104
192	640	128	237	636	150
192	640	192	239	637	207
192	640	256	241	637	266
192	640	320	245	638	327
192	640	384	250	639	390
192	640	448	255	640	453
192	640	512	262	641	515
192	640	576	269	642	583
192	640	640	276	642	643
192	640	704	285	643	705
192	640	768	293	644	765
192	640	832	303	646	828
192	640	896	312	646	891
192	640	960	322	647	953
192	640	1023	332	647	1011
192	704	0	245	696	93
192	704	64	246	700	110
192	704	128	247	701	155
192	704	192	249	701	210
192	704	256	252	702	269
192	704	320	255	703	330
192	704	384	260	703	392
192	704	448	265	704	455
192	704	512	271	705	516
192	704	576	278	706	584
192	704	640	285	706	644
192	704	704	293	706	706
192	704	768	301	707	766
192	704	832	310	709	829
192	704	896	320	709	892
192	704	960	330	710	954
192	704	1023	340	712	1014
192	768	0	256	756	101
192	768	64	257	759	117
192	768	128	258	759	160
192	768	192	260	761	214
192	768	256	262	761	271
192	768	320	266	762	332
192	768	384	270	763	394
192	768	448	275	764	458
192	768	512	281	764	518
192	768	576	288	765	586
192	768	640	294	765	646
192	768	704	302	766	709
192	768	768	310	767	769
192	768	832	319	767	831
192	768	896	328	767	894
192	768	960	337	768	956
192	768	1023	347	770	1015
192	832	0	268	820	110
192	832	64	268	823	125
192	832	128	269	824	165
192	832	192	271	824	218
192	832	256	273	825	274
192	832	320	277	826	334
192	832	384	281	827	396
192	832	448	285	827	459
192	832	512	291	827	520
192	832	576	298	829	587
192	832	640	304	828	647
192	832	704	311	829	709
192	832	768	319	831	770
192	832	832	328	831	832
192	832	896	336	831	895
192	832	960	346	832	957
192	832	1023	355	833	1017
192	896	0	279	881	118
192	896	64	280	885	132
192	896	128	281	885	170
192	896	192	282	886	222
192	896	256	285	887	277
192	896	320	288	887	337
192	896	384	292	888	398
192	896	448	296	888	460
192	896	512	302	889	522
192	896	576	308	891	589
192	896	640	314	890	648
192	896	704	321	890	710
192	896	768	329	891	770
192	896	832	338	893	833
192	896	896	346	893	896
192	896	960	355	893	958
192	896	1023	364	894	1017
192	960	0	291	942	127
192	960	64	292	946	139
192	960	128	293	947	176
192	960	192	294	947	226
192	960	256	296	948	281
192	960	320	300	949	340
192	960	384	303	949	400
192	960	448	308	950	463
192	960	512	313	951	524
192	960	576	319	952	591
192	960	640	325	952	650
192	960	704	331	952	712
192	960	768	339	952	772
192	960	832	347	954	835
192	960	896	355	954	897
192	960	960	364	954	960
192	960	1023	373	955	1019
192	1023	0	303	1002	135
192	1023	64	304	1006	147
192	1023	128	305	1007	181
192	1023	192	306	1007	230
192	1023	256	308	1008	284
192	1023	320	311	1009	342
192	1023	384	315	1010	402
192	1023	448	319	1010	465
192	1023	512	324	1011	526
192	1023	576	330	1012	593
192	1023	640	336	1012	652
192	1023	704	342	1012	714
192	1023	768	349	1012	774
192	1023	832	357	1013	837
192	1023	896	365	1013	899
192	1023	960	374	1013	961
192	1023	1023	382	1013	1021
256	0	0	243	26	0
256	0	64	243	27	63
256	0	128	244	31	127
256	0	192	245	37	191
256	0	256	248	44	253
256	0	320	251	52	317
256	0	384	256	60	381
256	0	448	261	69	445
256	0	512	267	77	508
256	0	576	275	87	576
256	0	640	281	95	636
256	0	704	289	104	699
256	0	768	297	113	759
256	0	832	307	122	822
256	0	896	316	131	885
256	0	960	326	140	947
256	0	1023	336	149	1006
256	64	0	243	66	5
256	64	64	243	68	63
256	64	128	244	69	128
256	64	192	246	71	192
256	64	256	248	75	254
256	64	320	252	79	317
256	64	384	256	85	381
256	64	448	261	91	446
256	64	512	267	97	507
256	64	576	275	105	576
256	64	640	282	111	636
256	64	704	289	119	698
256	64	768	298	126	759
256	64	832	307	134	822
256	64	896	316	143	885
256	64	960	326	150	947
256	64	1023	336	159	1006
256	128	0	244	129	16
256	128	64	244	131	64
256	128	128	244	131	128
256	128	192	246	132	192
256	128	256	249	134	254
256	128	320	252	137	317
256	128	384	257	140	381
256	128	448	262	143	445
256	128	512	268	147	508
256	128	576	276	152	576
256	128	640	282	156	636
256	128	704	290	161	699
256	128	768	298	167	758
256	128	832	308	172	822
256	128	896	317	179	885
256	128	960	327	184	946
256	128	1023	336	191	1005
256	192	0	246	192	25
256	192	64	246	194	67
256	192	128	246	194	129
256	192	192	248	195	193
256	192	256	251	196	254
256	192	320	254	198	318
256	192	384	259	200	381
256	192	448	263	202	445
256	192	512	269	204	507
256	192	576	277	208	576
256	192	640	284	210	636
256	192	704	292	214	699
256	192	768	300	218	759
256	192	832	309	222	822
256	192	896	318	226	884
256	192	960	328	231	947
256	192	1023	338	236	1006
256	256	0	248	254	34
256	256	64	248	256	70
256	256	128	249	256	131
256	256	192	251	257	194
256	256	256	254	258	255
256	256	320	257	260	319
256	256	384	261	261	382
256	256	448	266	262	446
256	256	512	272	264	508
256	256	576	279	267	576
256	256	640	286	269	637
256	256	704	293	271	699
256	256	768	302	275	760
256	256	832	311	278	822
256	256	896	320	281	885
256	256	960	330	284	947
256	256	1023	340	288	1006
256	320	0	252	317	42
256	320	64	252	319	74
256	320	128	252	320	133
256	320	192	254	320	195
256	320	256	257	321	256
256	320	320	260	322	319
256	320	384	264	324	382
256	320	448	269	325	447
256	320	512	275	326	509
256	320	576	283	329	577
256	320	640	289	330	637
256	320	704	297	332	699
256	320	768	305	334	759
256	320	832	314	337	823
256	320	896	323	339	886
256	320	960	333	342	948
256	320	1023	343	345	1007
256	384	0	256	379	51
256	384	64	256	382	79
256	384	128	257	382	135
256	384	192	259	383	197
256	384	256	261	383	257
256	384	320	264	384	320
256	384	384	269	386	383
256	384	448	273	386	447
256	384	512	279	388	509
256	384	576	286	390	577
256	384	640	293	390	638
256	384	704	300	393	701
256	384	768	308	394	760
256	384	832	317	396	823
256	384	896	326	397	886
256	384	960	335	400	947
256	384	1023	345	403	1007
256	448	0	261	442	59
256	448	64	261	445	84
256	448	128	262	446	138
256	448	192	264	446	198
256	448	256	266	446	259
256	448	320	269	447	321
256	448	384	274	448	384
256	448	448	279	449	449
256	448	512	284	451	510
256	448	576	291	452	578
256	448	640	297	453	639
256	448	704	305	454	701
256	448	768	312	455	760
256	448	832	322	458	824
256	448	896	330	459	887
256	448	960	340	461	949
256	448	1023	349	463	1008
256	512	0	268	505	68
256	512	64	268	508	90
256	512	128	268	508	142
256	512	192	270	509	201
256	512	256	273	510	261
256	512	320	276	511	323
256	512	384	280	512	386
256	512	448	284	512	449
256	512	512	290	513	511
256	512	576	297	515	579
256	512	640	303	515	640
256	512	704	311	517	702
256	512	768	318	518	762
256	512	832	326	519	825
256	512	896	335	520	888
256	512	960	344	521	949
256	512	1023	354	524	1009
256	576	0	275	573	77
256	576	64	275	576	97
256	576	128	276	576	146
256	576	192	278	577	204
256	576	256	280	577	263
256	576	320	283	578	325
256	576	384	287	580	388
256	576	448	292	580	451
256	576	512	297	581	513
256	576	576	304	583	581
256	576	640	310	583	641
256	576	704	317	583	703
256	576	768	324	585	763
256	576	832	333	586	827
256	576	896	341	587	889
256	576	960	350	588	951
256	576	1023	360	590	1011
256	640	0	283	632	85
256	640	64	283	635	103
256	640	128	284	636	150
256	640	192	285	636	207
256	640	256	288	637	266
256	640	320	291	638	327
256	640	384	294	639	389
256	640	448	299	639	453
256	640	512	304	640	514
256	640	576	310	641	582
256	640	640	316	642	642
256	640	704	323	642	704
256	640	768	331	644	765
256	640	832	339	645	827
256	640	896	347	645	890
256	640	960	356	646	952
256	640	1023	365	648	1012
256	704	0	291	697	93
256	704	64	292	700	110
256	704	128	292	700	155
256	704	192	294	701	211
256	704	256	296	702	268
256	704	320	299	703	330
256	704	384	303	704	391
256	704	448	307	704	455
256	704	512	312	704	516
256	704	576	319	706	584
256	704	640	324	706	644
256	704	704	331	707	707
256	704	768	338	708	766
256	704	832	346	708	828
256	704	896	354	709	892
256	704	960	362	709	953
256	704	1023	371	711	1013
256	768	0	300	756	101
256	768	64	300	759	117
256	768	128	301	760	160
256	768	192	303	760	214
256	768	256	305	761	271
256	768	320	308	762	332
256	768	384	311	763	394
256	768	448	315	763	457
256	768	512	321	764	518
256	768	576	327	765	586
256	768	640	332	765	646
256	768	704	339	765	708
256	768	768	345	766	768
256	768	832	354	768	831
256	768	896	361	768	894
256	768	960	370	769	956
256	768	1023	379	770	1016
256	832	0	309	819	110
256	832	64	310	823	125
256	832	128	310	823	165
256	832	192	312	824	218
256	832	256	314	824	274
256	832	320	317	825	334
256	832	384	321	827	396
256	832	448	325	827	459
256	832	512	329	828	520
256	832	576	336	829	587
256	832	640	341	829	647
256	832	704	347	829	709
256	832	768	354	830	769
256	832	832	362	831	832
256	832	896	370	831	895
256	832	960	377	831	956
256	832	1023	386	832	1016
256	896	0	319	881	118
256	896	64	320	885	132
256	896	128	321	885	170
256	896	192	322	886	221
256	896	256	324	886	277
256	896	320	327	887	337
256	896	384	330	888	397
256	896	448	334	888	460
256	896	512	339	889	521
256	896	576	344	890	588
256	896	640	349	889	648
256	896	704	356	891	711
256	896	768	363	892	770
256	896	832	370	892	833
256	896	896	377	892	895
256	896	960	385	893	957
256	896	1023	394	894	1017
256	960	0	330	942	126
256	960	64	330	946	139
256	960	128	331	947	176
256	960	192	332	947	226
256	960	256	334	948	280
256	960	320	337	949	339
256	960	384	340	950	400
256	960	448	343	949	462
256	960	512	348	950	523
256	960	576	354	951	590
256	960	640	359	951	650
256	960	704	364	951	711
256	960	768	372	953	772
256	960	832	379	953	834
256	960	896	386	953	897
256	960	960	394	953	959
256	960	1023	401	955	1018
256	1023	0	341	1003	135
256	1023	64	341	1006	147
256	1023	128	341	1006	181
256	1023	192	343	1008	230
256	1023	256	345	1008	284
256	1023	320	347	1009	343
256	1023	384	351	1010	402
256	1023	448	354	1009	464
256	1023	512	358	1010	525
256	1023	576	364	1012	592
256	1023	640	368	1011	652
256	1023	704	375	1011	713
256	1023	768	381	1013	774
256	1023	832	388	1013	836
256	1023	896	394	1012	899
256	1023	960	402	1012	961
256	1023	1023	410	1012	1021
320	0	0	303	32	0
320	0	64	302	33	62
320	0	128	303	36	127
320	0	192	305	41	191
320	0	256	307	48	253
320	0	320	309	55	317
320	0	384	313	63	380
320	0	448	317	71	445
320	0	512	322	79	507
320	0	576	328	89	575
320	0	640	333	97	636
320	0	704	339	106	698
320	0	768	347	114	759
320	0	832	354	123	821
320	0	896	362	132	885
320	0	960	370	141	947
320	0	1023	379	149	1006
320	64	0	303	69	0
320	64	64	303	70	62
320	64	128	303	71	127
320	64	192	305	73	191
320	64	256	307	77	254
320	64	320	310	81	317
320	64	384	313	86	381
320	64	448	317	92	445
320	64	512	322	98	507
320	64	576	328	106	575
320	64	640	333	113	636
320	64	704	340	120	698
320	64	768	347	128	759
320	64	832	354	135	821
320	64	896	362	143	885
320	64	960	371	151	947
320	64	1023	379	160	1006
320	128	0	304	130	15
320	128	64	304	132	64
320	128	128	304	132	128
320	128	192	305	133	192
320	128	256	308	135	254
320	128	320	311	138	317
320	128	384	314	141	380
320	128	448	318	144	445
320	128	512	323	147	507
320	128	576	329	153	575
320	128	640	334	157	636
320	128	704	340	162	698
320	128	768	347	167	758
320	128	832	355	172	822
320	128	896	363	179	885
320	128	960	371	185	946
320	128	1023	380	192	1006
320	192	0	305	192	25
320	192	64	305	194	66
320	192	128	306	195	129
320	192	192	307	195	192
320	192	256	309	196	254
320	192	320	312	198	318
320	192	384	315	200	381
320	192	448	319	202	445
320	192	512	324	205	508
320	192	576	330	208	576
320	192	640	336	211	637
320	192	704	342	215	699
320	192	768	348	219	758
320	192	832	356	223	822
320	192	896	364	227	885
320	192	960	373	232	947
320	192	1023	381	237	1006
320	256	0	307	255	33
320	256	64	307	257	70
320	256	128	308	257	131
320	256	192	309	258	193
320	256	256	311	258	255
320	256	320	314	260	318
320	256	384	317	262	382
320	256	448	321	263	446
320	256	512	326	265	508
320	256	576	332	268	576
320	256	640	337	269	637
320	256	704	343	272	699
320	256	768	350	275	759
320	256	832	358	278	822
320	256	896	366	281	886
320	256	960	373	284	947
320	256	1023	382	288	1006
320	320	0	310	317	42
320	320	64	310	319	74
320	320	128	311	320	133
320	320	192	312	321	195
320	320	256	314	322	256
320	320	320	317	323	319
320	320	384	320	324	383
320	320	448	324	325	447
320	320	512	329	327	509
320	320	576	335	329	577
320	320	640	340	330	637
320	320	704	346	332	699
320	320	768	353	335	760
320	320	832	360	337	822
320	320	896	368	339	885
320	320	960	376	342	947
320	320	1023	385	345	1007
320	384	0	314	379	51
320	384	64	314	382	79
320	384	128	314	383	135
320	384	192	316	383	197
320	384	256	317	384	257
320	384	320	320	384	320
320	384	384	324	386	383
320	384	448	327	387	447
320	384	512	332	388	510
320	384	576	338	390	578
320	384	640	343	391	638
320	384	704	349	393	700
320	384	768	356	394	760
320	384	832	364	397	823
320	384	896	371	399	887
320	384	960	379	401	948
320	384	1023	388	404	1008
320	448	0	318	443	59
320	448	64	318	446	84
320	448	128	318	446	138
320	448	192	320	447	199
320	448	256	322	447	259
320	448	320	324	448	322
320	448	384	328	449	384
320	448	448	331	450	448
320	448	512	336	451	510
320	448	576	342	453	578
320	448	640	347	453	639
320	448	704	353	455	701
320	448	768	360	457	761
320	448	832	367	458	824
320	448	896	374	459	887
320	448	960	382	461	948
320	448	1023	391	463	1008
320	512	0	323	506	68
320	512	64	323	509	90
320	512	128	324	509	142
320	512	192	325	509	201
320	512	256	327	510	261
320	512	320	329	511	323
320	512	384	333	512	386
320	512	448	336	513	450
320	512	512	341	514	512
320	512	576	347	515	580
320	512	640	352	516	640
320	512	704	358	517	702
320	512	768	364	518	762
320	512	832	372	520	825
320	512	896	379	521	888
320	512	960	387	522	950
320	512	1023	396	524	1010
320	576	0	329	573	77
320	576	64	329	576	97
320	576	128	330	577	146
320	576	192	331	577	204
320	576	256	333	578	263
320	576	320	336	579	325
320	576	384	339	579	387
320	576	448	342	580	451
320	576	512	347	581	513
320	576	576	352	582	581
320	576	640	357	582	641
320	576	704	363	583	703
320	576	768	370	585	764
320	576	832	377	586	826
320	576	896	384	586	889
320	576	960	392	588	951
320	576	1023	400	590	1010
320	640	0	335	633	85
320	640	64	335	636	103
320	640	128	336	636	150
320	640	192	337	637	207
320	640	256	339	637	265
320	640	320	342	638	327
320	640	384	345	639	389
320	640	448	349	640	453
320	640	512	353	640	514
320	640	576	358	641	582
320	640	640	363	642	643
320	640	704	369	643	705
320	640	768	375	644	765
320	640	832	383	646	828
320	640	896	389	645	890
320	640	960	397	646	952
320	640	1023	405	648	1011
320	704	0	342	696	94
320	704	64	343	700	111
320	704	128	343	701	155
320	704	192	344	701	210
320	704	256	346	701	268
320	704	320	349	702	329
320	704	384	352	703	391
320	704	448	356	704	455
320	704	512	360	705	516
320	704	576	365	706	584
320	704	640	370	706	644
320	704	704	376	706	706
320	704	768	382	707	766
320	704	832	389	709	829
320	704	896	396	709	892
320	704	960	403	710	954
320	704	1023	411	712	1013
320	768	0	350	756	101
320	768	64	350	760	117
320	768	128	351	760	159
320	768	192	352	761	214
320	768	256	354	761	271
320	768	320	356	762	332
320	768	384	360	763	394
320	768	448	363	763	457
320	768	512	367	764	518
320	768	576	372	765	586
320	768	640	377	765	645
320	768	704	383	766	708
320	768	768	389	767	768
320	768	832	395	768	831
320	768	896	402	768	893
320	768	960	410	768	955
320	768	1023	417	770	1015
320	832	0	358	819	110
320	832	64	358	823	124
320	832	128	359	824	165
320	832	192	360	824	218
320	832	256	362	825	274
320	832	320	364	826	334
320	832	384	367	826	395
320	832	448	371	827	459
320	832	512	374	827	520
320	832	576	380	829	587
320	832	640	384	828	647
320	832	704	389	829	709
320	832	768	396	829	768
320	832	832	402	831	832
320	832	896	409	831	894
320	832	960	416	831	956
320	832	1023	424	833	1016
320	896	0	366	881	118
320	896	64	367	885	132
320	896	128	367	886	170
320	896	192	368	886	221
320	896	256	370	886	277
320	896	320	372	887	336
320	896	384	376	888	397
320	896	448	379	888	460
320	896	512	383	890	521
320	896	576	388	891	588
320	896	640	392	891	648
320	896	704	397	891	710
320	896	768	403	891	770
320	896	832	410	893	833
320	896	896	416	893	896
320	896	960	423	893	957
320	896	1023	431	895	1017
320	960	0	375	942	127
320	960	64	375	946	139
320	960	128	376	946	176
320	960	192	377	947	226
320	960	256	378	947	280
320	960	320	381	948	339
320	960	384	384	949	399
320	960	448	387	950	462
320	960	512	391	950	523
320	960	576	396	951	590
320	960	640	400	952	650
320	960	704	406	952	712
320	960	768	411	953	771
320	960	832	418	954	835
320	960	896	424	953	896
320	960	960	431	953	958
320	960	1023	438	955	1018
320	1023	0	384	1002	134
320	1023	64	385	1007	146
320	1023	128	385	1007	181
320	1023	192	386	1007	230
320	1023	256	388	1008	284
320	1023	320	390	1009	342
320	1023	384	393	1009	402
320	1023	448	396	1010	464
320	1023	512	400	1010	524
320	1023	576	405	1011	592
320	1023	640	409	1012	652
320	1023	704	414	1012	714
320	1023	768	419	1012	773
320	1023	832	426	1013	836
320	1023	896	432	1011	898
320	1023	960	439	1012	960
320	1023	1023	446	1012	1020
384	0	0	362	39	0
384	0	64	362	39	62
384	0	128	362	42	127
384	0	192	363	46	191
384	0	256	364	52	253
384	0	320	367	58	317
384	0	384	370	66	381
384	0	448	373	74	445
384	0	512	377	82	507
384	0	576	382	91	575
384	0	640	387	99	636
384	0	704	392	107	698
384	0	768	398	116	758
384	0	832	404	125	822
384	0	896	411	133	885
384	0	960	418	142	946
384	0	1023	425	151	1005
384	64	0	362	72	0
384	64	64	362	72	63
384	64	128	362	74	127
384	64	192	363	76	191
384	64	256	365	79	253
384	64	320	367	83	317
384	64	384	370	88	381
384	64	448	373	94	445
384	64	512	377	100	507
384	64	576	383	107	576
384	64	640	387	114	636
384	64	704	392	122	699
384	64	768	398	129	758
384	64	832	405	137	821
384	64	896	411	145	885
384	64	960	417	153	946
384	64	1023	425	161	1005
384	128	0	363	132	14
384	128	64	362	133	64
384	128	128	362	134	128
384	128	192	364	135	192
384	128	256	365	137	254
384	128	320	367	139	317
384	128	384	371	142	381
384	128	448	374	145	445
384	128	512	377	149	507
384	128	576	383	153	575
384	128	640	388	158	636
384	128	704	393	163	699
384	128	768	398	168	758
384	128	832	405	174	822
384	128	896	411	179	884
384	128	960	418	186	946
384	128	1023	426	192	1006
384	192	0	364	193	24
384	192	64	363	195	66
384	192	128	364	195	129
384	192	192	365	197	193
384	192	256	367	198	254
384	192	320	369	199	318
384	192	384	372	201	381
384	192	448	375	203	445
384	192	512	379	206	507
384	192	576	384	209	576
384	192	640	388	212	636
384	192	704	394	216	699
384	192	768	399	220	759
384	192	832	406	223	821
384	192	896	412	228	884
384	192	960	419	232	946
384	192	1023	427	238	1006
384	256	0	366	255	33
384	256	64	365	257	69
384	256	128	366	258	131
384	256	192	367	258	194
384	256	256	368	259	255
384	256	320	371	261	319
384	256	384	374	262	382
384	256	448	377	264	446
384	256	512	381	265	508
384	256	576	385	268	576
384	256	640	390	270	636
384	256	704	395	272	699
384	256	768	401	276	759
384	256	832	407	279	822
384	256	896	413	282	885
384	256	960	421	285	947
384	256	1023	428	289	1006
384	320	0	368	318	42
384	320	64	367	320	74
384	320	128	367	320	132
384	320	192	369	321	195
384	320	256	370	322	256
384	320	320	373	323	319
384	320	384	376	325	382
384	320	448	379	326	446
384	320	512	382	327	508
384	320	576	387	329	576
384	320	640	392	331	637
384	320	704	397	333	699
384	320	768	403	335	759
384	320	832	410	338	823
384	320	896	415	339	885
384	320	960	422	342	947
384	320	1023	430	345	1006
384	384	0	371	380	51
384	384	64	370	382	78
384	384	128	371	383	135
384	384	192	372	384	197
384	384	256	374	384	257
384	384	320	376	385	320
384	384	384	379	387	383
384	384	448	382	387	447
384	384	512	386	388	509
384	384	576	391	391	577
384	384	640	395	391	638
384	384	704	400	393	700
384	384	768	406	395	760
384	384	832	412	397	823
384	384	896	418	398	886
384	384	960	425	401	948
384	384	1023	433	403	1008
384	448	0	374	443	59
384	448	64	374	446	84
384	448	128	375	446	138
384	448	192	375	447	198
384	448	256	377	447	259
384	448	320	379	448	321
384	448	384	382	449	384
384	448	448	385	450	448
384	448	512	389	451	510
384	448	576	394	453	578
384	448	640	398	454	639
384	448	704	403	455	701
384	448	768	409	456	761
384	448	832	416	458	824
384	448	896	422	460	887
384	448	960	429	462	949
384	448	1023	437	464	1009
384	512	0	379	506	68
384	512	64	378	509	90
384	512	128	379	509	142
384	512	192	380	510	201
384	512	256	382	511	261
384	512	320	384	511	323
384	512	384	387	513	386
384	512	448	389	513	449
384	512	512	393	514	511
384	512	576	398	516	579
384	512	640	402	516	640
384	512	704	408	517	702
384	512	768	413	519	762
384	512	832	419	520	824
384	512	896	426	521	888
384	512	960	433	522	950
384	512	1023	440	525	1009
384	576	0	384	574	77
384	576	64	384	577	97
384	576	128	384	577	146
384	576	192	385	578	204
384	576	256	387	578	263
384	576	320	389	579	325
384	576	384	392	580	387
384	576	448	395	580	451
384	576	512	398	581	512
384	576	576	403	582	580
384	576	640	407	583	641
384	576	704	412	584	703
384	576	768	418	585	763
384	576	832	425	587	826
384	576	896	430	586	888
384	576	960	436	587	950
384	576	1023	444	589	1010
384	640	0	389	632	85
384	640	64	389	636	103
384	640	128	390	637	150
384	640	192	390	637	207
384	640	256	392	638	265
384	640	320	394	638	327
384	640	384	397	639	389
384	640	448	400	640	453
384	640	512	404	640	514
384	640	576	408	642	582
384	640	640	412	642	642
384	640	704	417	642	704
384	640	768	422	644	764
384	640	832	429	645	827
384	640	896	435	645	890
384	640	960	441	647	952
384	640	1023	449	648	1012
384	704	0	395	697	93
384	704	64	395	701	110
384	704	128	396	701	155
384	704	192	397	701	210
384	704	256	398	702	268
384	704	320	400	703	329
384	704	384	403	704	391
384	704	448	406	704	454
384	704	512	410	705	516
384	704	576	414	706	584
384	704	640	418	706	644
384	704	704	423	707	706
384	704	768	429	708	766
384	704	832	435	709	829
384	704	896	440	709	891
384	704	960	447	710	953
384	704	1023	454	711	1013
384	768	0	402	756	101
384	768	64	402	760	117
384	768	128	403	761	160
384	768	192	403	761	214
384	768	256	405	761	271
384	768	320	407	762	332
384	768	384	410	763	394
384	768	448	412	763	457
384	768	512	416	765	518
384	768	576	421	766	586
384	768	640	425	766	646
384	768	704	429	766	708
384	768	768	435	767	768
384	768	832	441	768	831
384	768	896	447	768	894
384	768	960	453	769	956
384	768	1023	460	771	1015
384	832	0	409	820	110
384	832	64	409	824	125
384	832	128	409	824	165
384	832	192	410	824	217
384	832	256	412	825	274
384	832	320	414	826	334
384	832	384	416	827	395
384	832	448	419	827	459
384	832	512	423	827	519
384	832	576	427	829	587
384	832	640	431	829	647
384	832	704	436	830	709
384	832	768	441	830	769
384	832	832	447	832	832
384	832	896	452	831	894
384	832	960	459	831	956
384	832	1023	466	833	1016
384	896	0	416	882	118
384	896	64	416	886	132
384	896	128	416	886	170
384	896	192	418	887	221
384	896	256	419	887	277
384	896	320	421	888	337
384	896	384	424	889	397
384	896	448	426	889	460
384	896	512	429	889	521
384	896	576	434	890	588
384	896	640	438	890	648
384	896	704	442	890	710
384	896	768	448	892	770
384	896	832	453	892	832
384	896	896	459	892	895
384	896	960	465	893	957
384	896	1023	472	894	1017
384	960	0	423	942	126
384	960	64	423	946	139
384	960	128	424	947	175
384	960	192	425	947	225
384	960	256	426	948	280
384	960	320	429	949	339
384	960	384	431	949	399
384	960	448	433	949	462
384	960	512	437	951	523
384	960	576	441	952	590
384	960	640	445	951	649
384	960	704	449	951	711
384	960	768	454	952	771
384	960	832	460	954	834
384	960	896	466	953	897
384	960	960	472	954	959
384	960	1023	479	955	1018
384	1023	0	432	1003	134
384	1023	64	432	1007	146
384	1023	128	432	1008	181
384	1023	192	433	1007	230
384	1023	256	435	1009	284
384	1023	320	437	1010	342
384	1023	384	439	1010	402
384	1023	448	442	1010	464
384	1023	512	445	1011	525
384	1023	576	449	1012	592
384	1023	640	453	1012	652
384	1023	704	457	1011	713
384	1023	768	462	1012	773
384	1023	832	468	1013	836
384	1023	896	473	1013	899
384	1023	960	480	1013	961
384	1023	1023	486	1013	1020
448	0	0	423	45	0
448	0	64	422	46	62
448	0	128	422	48	127
448	0	192	423	52	191
448	0	256	424	57	253
448	0	320	426	63	317
448	0	384	429	69	380
448	0	448	432	77	445
448	0	512	435	85	507
448	0	576	440	93	575
448	0	640	443	101	636
448	0	704	447	109	698
448	0	768	452	117	758
448	0	832	458	126	821
448	0	896	464	135	885
448	0	960	470	144	947
448	0	1023	476	152	1005
448	64	0	423	75	0
448	64	64	422	76	62
448	64	128	423	77	127
448	64	192	423	79	191
448	64	256	425	82	253
448	64	320	427	86	317
448	64	384	429	91	380
448	64	448	432	97	445
448	64	512	435	102	507
448	64	576	440	110	575
448	64	640	443	116	636
448	64	704	448	123	698
448	64	768	452	131	758
448	64	832	458	138	821
448	64	896	464	146	885
448	64	960	470	154	947
448	64	1023	476	163	1005
448	128	0	423	133	13
448	128	64	423	135	64
448	128	128	423	135	128
448	128	192	424	137	192
448	128	256	425	138	253
448	128	320	427	140	317
448	128	384	430	143	381
448	128	448	433	147	445
448	128	512	436	150	507
448	128	576	440	155	575
448	128	640	444	160	636
448	128	704	448	164	699
448	128	768	453	170	758
448	128	832	459	175	822
448	128	896	464	180	884
448	128	960	470	187	945
448	128	1023	477	193	1006
448	192	0	424	194	23
448	192	64	424	196	66
448	192	128	424	196	129
448	192	192	425	197	192
448	192	256	426	199	254
448	192	320	428	200	318
448	192	384	431	202	381
448	192	448	433	204	445
448	192	512	437	207	507
448	192	576	441	210	575
448	192	640	445	213	636
448	192	704	449	217	699
448	192	768	454	220	759
448	192	832	459	224	821
448	192	896	465	228	884
448	192	960	471	233	946
448	192	1023	478	238	1006
448	256	0	426	256	32
448	256	64	425	258	69
448	256	128	425	258	130
448	256	192	427	259	193
448	256	256	428	260	255
448	256	320	430	261	318
448	256	384	432	263	382
448	256	448	435	264	446
448	256	512	438	266	508
448	256	576	443	268	576
448	256	640	446	271	636
448	256	704	450	273	698
448	256	768	456	276	759
448	256	832	461	279	822
448	256	896	466	283	885
448	256	960	473	286	947
448	256	1023	479	290	1007
448	320	0	428	319	41
448	320	64	427	321	73
448	320	128	427	321	132
448	320	192	428	322	195
448	320	256	430	323	256
448	320	320	432	324	319
448	320	384	434	325	382
448	320	448	437	326	447
448	320	512	440	328	509
448	320	576	445	330	577
448	320	640	448	331	637
448	320	704	452	333	699
448	320	768	457	335	759
448	320	832	463	338	822
448	320	896	468	340	886
448	320	960	473	342	946
448	320	1023	480	346	1006
448	384	0	430	380	50
448	384	64	429	383	78
448	384	128	430	383	135
448	384	192	431	384	196
448	384	256	432	385	257
448	384	320	434	385	320
448	384	384	437	387	383
448	384	448	439	387	447
448	384	512	443	389	509
448	384	576	447	391	577
448	384	640	450	392	637
448	384	704	454	393	700
448	384	768	460	395	760
448	384	832	465	397	822
448	384	896	470	399	886
448	384	960	476	401	948
448	384	1023	483	404	1007
448	448	0	433	443	59
448	448	64	433	446	84
448	448	128	433	447	138
448	448	192	434	447	198
448	448	256	435	447	258
448	448	320	437	448	321
448	448	384	440	450	384
448	448	448	442	450	448
448	448	512	446	452	510
448	448	576	450	453	578
448	448	640	453	454	638
448	448	704	458	455	701
448	448	768	462	457	760
448	448	832	468	459	824
448	448	896	474	460	887
448	448	960	480	462	949
448	448	1023	486	464	1008
448	512	0	437	507	68
448	512	64	437	510	90
448	512	128	437	510	141
448	512	192	438	510	201
448	512	256	439	511	261
448	512	320	441	512	323
448	512	384	444	513	386
448	512	448	446	513	449
448	512	512	449	514	511
448	512	576	454	516	579
448	512	640	457	516	639
448	512	704	461	517	701
448	512	768	467	519	762
448	512	832	472	520	824
448	512	896	477	521	888
448	512	960	483	522	949
448	512	1023	489	525	1009
448	576	0	442	574	77
448	576	64	441	577	97
448	576	128	441	577	146
448	576	192	442	578	204
448	576	256	444	578	263
448	576	320	445	579	325
448	576	384	448	580	387
448	576	448	451	581	451
448	576	512	453	581	512
448	576	576	458	583	580
448	576	640	462	584	641
448	576	704	466	584	703
448	576	768	470	585	763
448	576	832	476	587	826
448	576	896	481	587	888
448	576	960	486	588	950
448	576	1023	493	590	1010
448	640	0	446	633	85
448	640	64	446	636	103
448	640	128	446	637	150
448	640	192	447	637	207
448	640	256	448	638	265
448	640	320	450	639	327
448	640	384	452	639	389
448	640	448	455	640	453
448	640	512	458	641	514
448	640	576	463	642	582
448	640	640	466	642	642
448	640	704	470	643	704
448	640	768	474	644	764
448	640	832	480	646	827
448	640	896	485	646	890
448	640	960	491	647	952
448	640	1023	497	649	1012
448	704	0	452	697	93
448	704	64	451	701	110
448	704	128	452	701	155
448	704	192	453	702	210
448	704	256	454	702	268
448	704	320	456	703	329
448	704	384	458	704	391
448	704	448	460	704	454
448	704	512	464	705	516
448	704	576	468	706	584
448	704	640	471	706	643
448	704	704	475	707	706
448	704	768	480	708	766
448	704	832	485	709	828
448	704	896	490	709	891
448	704	960	496	710	953
448	704	1023	502	711	1013
448	768	0	457	756	101
448	768	64	457	760	117
448	768	128	458	761	160
448	768	192	458	761	213
448	768	256	459	761	271
448	768	320	461	762	331
448	768	384	464	763	393
448	768	448	466	763	456
448	768	512	469	764	518
448	768	576	474	766	585
448	768	640	477	766	646
448	768	704	481	766	708
448	768	768	485	767	767
448	768	832	491	768	831
448	768	896	496	768	894
448	768	960	502	769	956
448	768	1023	508	771	1015
448	832	0	463	820	110
448	832	64	463	824	125
448	832	128	463	824	164
448	832	192	464	825	218
448	832	256	465	825	274
448	832	320	467	826	334
448	832	384	470	827	395
448	832	448	472	827	458
448	832	512	475	827	519
448	832	576	479	829	586
448	832	640	483	829	647
448	832	704	486	830	709
448	832	768	491	830	769
448	832	832	496	832	832
448	832	896	501	831	894
448	832	960	506	831	956
448	832	1023	513	833	1016
448	896	0	470	882	118
448	896	64	469	886	132
448	896	128	470	886	170
448	896	192	471	887	221
448	896	256	472	887	277
448	896	320	474	888	336
448	896	384	476	889	397
448	896	448	478	888	460
448	896	512	481	889	521
448	896	576	485	891	588
448	896	640	488	890	648
448	896	704	493	892	710
448	896	768	497	892	770
448	896	832	502	892	832
448	896	896	506	892	895
448	896	960	512	893	957
448	896	1023	518	894	1017
448	960	0	476	943	127
448	960	64	476	946	139
448	960	128	476	947	175
448	960	192	477	947	225
448	960	256	478	948	280
448	960	320	480	949	339
448	960	384	483	950	400
448	960	448	484	949	462
448	960	512	487	950	522
448	960	576	491	952	589
448	960	640	494	951	649
448	960	704	498	951	711
448	960	768	503	953	771
448	960	832	508	953	833
448	960	896	513	953	896
448	960	960	519	954	959
448	960	1023	524	955	1018
448	1023	0	483	1003	134
448	1023	64	483	1007	146
448	1023	128	484	1008	181
448	1023	192	484	1007	230
448	1023	256	486	1008	283
448	1023	320	487	1009	342
448	1023	384	489	1009	402
448	1023	448	491	1009	464
448	1023	512	495	1010	525
448	1023	576	499	1012	591
448	1023	640	501	1011	651
448	1023	704	505	1011	713
448	1023	768	509	1011	772
448	1023	832	515	1012	835
448	1023	896	519	1012	898
448	1023	960	525	1012	960
448	1023	1023	531	1012	1020
512	0	0	481	51	0
512	0	64	480	52	62
512	0	128	481	54	127
512	0	192	481	57	191
512	0	256	482	61	253
512	0	320	484	67	317
512	0	384	486	73	380
512	0	448	488	80	444
512	0	512	492	88	507
512	0	576	495	96	575
512	0	640	498	104	636
512	0	704	502	112	698
512	0	768	506	120	758
512	0	832	511	128	821
512	0	896	516	137	885
512	0	960	522	145	947
512	0	1023	527	153	1006
512	64	0	481	78	0
512	64	64	480	79	62
512	64	128	481	80	127
512	64	192	481	83	191
512	64	256	482	85	253
512	64	320	484	89	316
512	64	384	486	94	380
512	64	448	488	99	445
512	64	512	492	105	507
512	64	576	496	112	575
512	64	640	498	118	635
512	64	704	502	126	698
512	64	768	506	133	758
512	64	832	512	139	821
512	64	896	517	148	885
512	64	960	522	155	947
512	64	1023	528	163	1007
512	128	0	481	135	10
512	128	64	481	136	63
512	128	128	481	137	127
512	128	192	482	138	192
512	128	256	483	140	253
512	128	320	484	142	317
512	128	384	487	145	380
512	128	448	489	148	445
512	128	512	492	152	507
512	128	576	496	157	575
512	128	640	499	161	636
512	128	704	503	166	698
512	128	768	507	171	758
512	128	832	512	176	822
512	128	896	517	182	885
512	128	960	521	188	945
512	128	1023	527	195	1005
512	192	0	483	196	23
512	192	64	482	197	66
512	192	128	482	198	129
512	192	192	483	199	192
512	192	256	484	200	254
512	192	320	486	201	317
512	192	384	488	203	381
512	192	448	490	205	445
512	192	512	493	208	507
512	192	576	497	211	575
512	192	640	500	214	636
512	192	704	504	218	699
512	192	768	508	221	759
512	192	832	513	225	821
512	192	896	517	229	884
512	192	960	522	234	946
512	192	1023	529	239	1006
512	256	0	484	257	33
512	256	64	483	259	69
512	256	128	483	260	130
512	256	192	484	260	193
512	256	256	486	261	255
512	256	320	487	262	318
512	256	384	489	264	381
512	256	448	491	265	446
512	256	512	494	267	508
512	256	576	498	269	576
512	256	640	501	271	636
512	256	704	504	274	698
512	256	768	510	277	759
512	256	832	514	280	822
512	256	896	519	283	885
512	256	960	524	286	947
512	256	1023	530	290	1007
512	320	0	485	319	41
512	320	64	485	322	73
512	320	128	485	322	132
512	320	192	486	323	195
512	320	256	487	323	256
512	320	320	488	324	319
512	320	384	491	326	382
512	320	448	493	327	446
512	320	512	496	328	508
512	320	576	500	331	576
512	320	640	503	332	637
512	320	704	506	334	699
512	320	768	510	336	759
512	320	832	516	339	823
512	320	896	521	341	886
512	320	960	526	344	948
512	320	1023	531	347	1007
512	384	0	488	381	50
512	384	64	487	384	78
512	384	128	487	384	135
512	384	192	488	385	196
512	384	256	489	385	257
512	384	320	491	386	320
512	384	384	493	387	383
512	384	448	495	388	447
512	384	512	498	389	509
512	384	576	502	391	577
512	384	640	505	392	637
512	384	704	509	394	700
512	384	768	513	396	760
512	384	832	517	398	822
512	384	896	522	399	886
512	384	960	527	401	947
512	384	1023	533	404	1007
512	448	0	490	444	59
512	448	64	490	447	84
512	448	128	490	447	138
512	448	192	491	447	198
512	448	256	492	448	258
512	448	320	493	449	321
512	448	384	496	450	384
512	448	448	498	451	448
512	448	512	501	452	510
512	448	576	505	454	578
512	448	640	507	454	638
512	448	704	511	455	700
512	448	768	515	457	760
512	448	832	520	459	824
512	448	896	525	460	887
512	448	960	530	462	949
512	448	1023	536	465	1008
512	512	0	494	507	67
512	512	64	493	510	90
512	512	128	493	510	141
512	512	192	494	511	201
512	512	256	495	511	261
512	512	320	497	512	323
512	512	384	499	513	385
512	512	448	501	513	449
512	512	512	504	514	511
512	512	576	508	516	579
512	512	640	511	516	639
512	512	704	515	518	702
512	512	768	519	519	762
512	512	832	523	520	824
512	512	896	528	521	887
512	512	960	533	523	949
512	512	1023	539	525	1009
512	576	0	498	574	76
512	576	64	497	578	97
512	576	128	498	578	146
512	576	192	498	578	204
512	576	256	499	578	263
512	576	320	501	579	325
512	576	384	503	580	387
512	576	448	505	581	451
512	576	512	508	582	513
512	576	576	512	584	580
512	576	640	515	584	641
512	576	704	518	584	703
512	576	768	522	586	763
512	576	832	528	587	826
512	576	896	532	588	889
512	576	960	537	589	951
512	576	1023	542	590	1010
512	640	0	502	634	85
512	640	64	501	637	103
512	640	128	502	637	150
512	640	192	502	637	206
512	640	256	504	638	265
512	640	320	505	639	327
512	640	384	507	639	388
512	640	448	509	640	452
512	640	512	512	641	514
512	640	576	516	642	582
512	640	640	519	642	642
512	640	704	522	643	704
512	640	768	527	645	765
512	640	832	531	646	827
512	640	896	536	646	890
512	640	960	541	647	952
512	640	1023	547	649	1011
512	704	0	507	698	93
512	704	64	507	701	110
512	704	128	506	701	155
512	704	192	507	702	210
512	704	256	509	702	268
512	704	320	510	703	329
512	704	384	512	704	391
512	704	448	515	705	455
512	704	512	517	705	516
512	704	576	521	706	583
512	704	640	523	706	643
512	704	704	527	708	706
512	704	768	531	709	766
512	704	832	536	709	828
512	704	896	540	709	891
512	704	960	545	710	953
512	704	1023	551	712	1013
512	768	0	512	757	101
512	768	64	512	761	117
512	768	128	512	761	159
512	768	192	513	762	214
512	768	256	514	762	271
512	768	320	515	762	331
512	768	384	518	764	393
512	768	448	520	764	457
512	768	512	523	765	518
512	768	576	526	766	585
512	768	640	529	766	646
512	768	704	532	766	708
512	768	768	536	767	768
512	768	832	541	769	831
512	768	896	546	769	894
512	768	960	551	770	956
512	768	1023	556	771	1015
512	832	0	517	821	110
512	832	64	517	824	124
512	832	128	517	824	164
512	832	192	518	825	217
512	832	256	519	825	274
512	832	320	520	826	334
512	832	384	523	827	395
512	832	448	525	827	458
512	832	512	528	828	519
512	832	576	531	830	587
512	832	640	534	829	647
512	832	704	537	830	709
512	832	768	541	831	769
512	832	832	546	832	832
512	832	896	551	832	895
512	832	960	555	832	956
512	832	1023	560	833	1015
512	896	0	523	882	118
512	896	64	523	887	131
512	896	128	523	887	170
512	896	192	524	887	221
512	896	256	524	887	277
512	896	320	526	888	336
512	896	384	528	889	397
512	896	448	530	889	460
512	896	512	532	889	520
512	896	576	536	891	588
512	896	640	538	890	647
512	896	704	543	892	710
512	896	768	547	892	770
512	896	832	551	893	832
512	896	896	555	893	895
512	896	960	560	893	957
512	896	1023	566	895	1017
512	960	0	529	944	126
512	960	64	528	947	139
512	960	128	528	947	175
512	960	192	529	949	226
512	960	256	530	949	280
512	960	320	532	949	339
512	960	384	534	950	400
512	960	448	535	950	462
512	960	512	538	951	523
512	960	576	542	952	590
512	960	640	544	952	649
512	960	704	548	952	711
512	960	768	552	954	771
512	960	832	557	954	834
512	960	896	561	954	897
512	960	960	566	954	959
512	960	1023	571	955	1018
512	1023	0	535	1004	134
512	1023	64	534	1007	146
512	1023	128	535	1007	181
512	1023	192	535	1008	230
512	1023	256	537	1009	284
512	1023	320	538	1009	342
512	1023	384	540	1010	402
512	1023	448	542	1009	464
512	1023	512	545	1010	524
512	1023	576	548	1012	591
512	1023	640	550	1011	651
512	1023	704	554	1011	713
512	1023	768	559	1012	773
512	1023	832	562	1012	835
512	1023	896	567	1012	898
512	1023	960	571	1012	960
512	1023	1023	577	1012	1020
576	0	0	545	58	0
576	0	64	544	59	61
576	0	128	545	60	127
576	0	192	545	63	191
576	0	256	546	67	253
576	0	320	547	72	316
576	0	384	549	78	380
576	0	448	551	84	444
576	0	512	554	91	507
576	0	576	558	99	575
576	0	640	560	107	635
576	0	704	563	115	698
576	0	768	567	122	758
576	0	832	571	131	821
576	0	896	575	139	885
576	0	960	580	147	946
576	0	1023	585	155	1006
576	64	0	545	83	0
576	64	64	544	83	62
576	64	128	545	84	127
576	64	192	545	86	191
576	64	256	547	89	253
576	64	320	547	93	316
576	64	384	549	97	380
576	64	448	551	103	445
576	64	512	554	108	507
576	64	576	557	114	575
576	64	640	560	121	635
576	64	704	563	128	698
576	64	768	567	134	758
576	64	832	571	142	821
576	64	896	575	150	884
576	64	960	580	158	946
576	64	1023	585	165	1006
576	128	0	546	137	8
576	128	64	545	139	63
576	128	128	545	139	127
576	128	192	545	140	191
576	128	256	546	142	253
576	128	320	548	144	317
576	128	384	550	147	380
576	128	448	552	150	444
576	128	512	554	154	507
576	128	576	558	159	575
576	128	640	561	163	636
576	128	704	563	168	698
576	128	768	567	173	758
576	128	832	572	177	821
576	128	896	576	183	885
576	128	960	580	190	946
576	128	1023	586	196	1006
576	192	0	546	197	21
576	192	64	546	199	66
576	192	128	545	199	128
576	192	192	546	200	192
576	192	256	547	201	254
576	192	320	549	203	317
576	192	384	551	205	381
576	192	448	553	207	445
576	192	512	555	209	507
576	192	576	558	212	575
576	192	640	561	215	636
576	192	704	565	219	699
576	192	768	568	222	758
576	192	832	573	227	822
576	192	896	576	230	884
576	192	960	581	235	946
576	192	1023	585	240	1005
576	256	0	548	258	31
576	256	64	547	260	69
576	256	128	547	260	130
576	256	192	548	261	193
576	256	256	549	262	255
576	256	320	550	263	318
576	256	384	552	264	381
576	256	448	554	266	446
576	256	512	556	268	507
576	256	576	560	270	576
576	256	640	562	272	636
576	256	704	566	275	699
576	256	768	569	278	759
576	256	832	573	281	821
576	256	896	577	284	885
576	256	960	582	287	947
576	256	1023	587	291	1006
576	320	0	549	320	41
576	320	64	548	322	73
576	320	128	548	323	132
576	320	192	549	323	194
576	320	256	550	324	255
576	320	320	551	325	318
576	320	384	553	326	381
576	320	448	555	327	446
576	320	512	558	329	508
576	320	576	561	331	576
576	320	640	564	333	637
576	320	704	567	334	699
576	320	768	570	337	759
576	320	832	575	339	822
576	320	896	579	341	885
576	320	960	584	344	947
576	320	1023	589	347	1007
576	384	0	551	382	50
576	384	64	550	384	78
576	384	128	550	385	135
576	384	192	551	385	196
576	384	256	552	386	257
576	384	320	553	387	320
576	384	384	555	388	383
576	384	448	558	389	447
576	384	512	560	390	509
576	384	576	563	392	577
576	384	640	566	393	638
576	384	704	569	395	700
576	384	768	573	396	760
576	384	832	577	399	823
576	384	896	580	399	885
576	384	960	585	402	947
576	384	1023	590	405	1007
576	448	0	554	444	58
576	448	64	552	447	84
576	448	128	553	448	138
576	448	192	553	448	198
576	448	256	555	449	259
576	448	320	556	450	321
576	448	384	558	450	384
576	448	448	560	451	448
576	448	512	562	452	510
576	448	576	566	454	578
576	448	640	568	455	638
576	448	704	571	456	700
576	448	768	576	458	761
576	448	832	579	460	824
576	448	896	583	461	887
576	448	960	587	462	948
576	448	1023	593	465	1008
576	512	0	556	507	67
576	512	64	556	510	89
576	512	128	556	510	141
576	512	192	557	511	201
576	512	256	558	512	260
576	512	320	559	512	323
576	512	384	561	513	385
576	512	448	563	514	449
576	512	512	565	515	511
576	512	576	568	516	579
576	512	640	571	517	640
576	512	704	574	518	702
576	512	768	578	519	762
576	512	832	583	521	825
576	512	896	585	521	887
576	512	960	590	523	949
576	512	1023	595	525	1009
576	576	0	560	574	76
576	576	64	559	578	97
576	576	128	560	578	145
576	576	192	560	578	203
576	576	256	561	579	262
576	576	320	562	579	324
576	576	384	564	581	387
576	576	448	566	581	451
576	576	512	569	582	512
576	576	576	572	583	580
576	576	640	574	584	640
576	576	704	577	584	703
576	576	768	581	586	762
576	576	832	585	587	826
576	576	896	589	588	889
576	576	960	594	589	951
576	576	1023	599	591	1010
576	640	0	564	634	85
576	640	64	563	638	103
576	640	128	563	638	150
576	640	192	564	638	207
576	640	256	565	639	265
576	640	320	566	639	327
576	640	384	569	640	389
576	640	448	570	640	452
576	640	512	572	641	513
576	640	576	576	643	581
576	640	640	578	643	642
576	640	704	581	643	704
576	640	768	586	645	764
576	640	832	589	646	827
576	640	896	593	646	890
576	640	960	597	647	952
576	640	1023	603	649	1012
576	704	0	569	699	93
576	704	64	568	702	110
576	704	128	568	702	154
576	704	192	569	703	210
576	704	256	569	703	268
576	704	320	571	704	329
576	704	384	573	704	391
576	704	448	575	705	454
576	704	512	577	706	516
576	704	576	581	707	584
576	704	640	583	707	644
576	704	704	586	707	706
576	704	768	589	709	766
576	704	832	594	710	829
576	704	896	598	710	892
576	704	960	601	710	953
576	704	1023	606	712	1013
576	768	0	573	757	101
576	768	64	573	761	117
576	768	128	573	762	159
576	768	192	573	762	213
576	768	256	574	762	271
576	768	320	576	763	332
576	768	384	577	764	393
576	768	448	579	764	456
576	768	512	582	765	518
576	768	576	585	766	585
576	768	640	587	766	645
576	768	704	590	766	707
576	768	768	594	767	767
576	768	832	598	769	830
576	768	896	602	769	894
576	768	960	606	770	956
576	768	1023	611	771	1015
576	832	0	577	821	109
576	832	64	577	825	124
576	832	128	577	825	164
576	832	192	578	825	217
576	832	256	578	825	273
576	832	320	580	826	334
576	832	384	582	827	395
576	832	448	583	827	458
576	832	512	586	828	519
576	832	576	589	830	587
576	832	640	592	829	646
576	832	704	594	830	709
576	832	768	598	830	768
576	832	832	603	832	832
576	832	896	606	832	895
576	832	960	611	833	957
576	832	1023	615	834	1016
576	896	0	582	882	118
576	896	64	582	887	131
576	896	128	582	886	170
576	896	192	583	887	221
576	896	256	583	887	276
576	896	320	585	888	336
576	896	384	587	889	397
576	896	448	589	889	460
576	896	512	591	890	520
576	896	576	594	890	587
576	896	640	597	891	648
576	896	704	599	891	710
576	896	768	603	892	770
576	896	832	607	894	833
576	896	896	610	892	895
576	896	960	614	893	957
576	896	1023	619	894	1016
576	960	0	587	943	127
576	960	64	587	948	139
576	960	128	587	948	175
576	960	192	588	948	225
576	960	256	588	948	280
576	960	320	590	949	339
576	960	384	592	950	399
576	960	448	593	950	461
576	960	512	596	950	522
576	960	576	599	952	589
576	960	640	601	951	649
576	960	704	605	953	712
576	960	768	608	953	771
576	960	832	612	954	833
576	960	896	615	953	896
576	960	960	620	954	958
576	960	1023	624	955	1018
576	1023	0	594	1004	134
576	1023	64	593	1008	146
576	1023	128	593	1008	181
576	1023	192	594	1009	229
576	1023	256	595	1009	283
576	1023	320	596	1009	342
576	1023	384	598	1010	402
576	1023	448	599	1009	464
576	1023	512	601	1011	524
576	1023	576	605	1012	591
576	1023	640	606	1011	651
576	1023	704	610	1012	713
576	1023	768	614	1013	773
576	1023	832	617	1013	835
576	1023	896	621	1012	898
576	1023	960	625	1012	960
576	1023	1023	630	1012	1020
640	0	0	602	64	0
640	0	64	601	65	61
640	0	128	601	66	127
640	0	192	601	69	191
640	0	256	602	72	253
640	0	320	604	77	317
640	0	384	605	82	380
640	0	448	607	88	445
640	0	512	609	95	507
640	0	576	612	103	575
640	0	640	614	110	635
640	0	704	617	118	698
640	0	768	621	125	758
640	0	832	625	133	821
640	0	896	628	141	885
640	0	960	632	149	946
640	0	1023	637	158	1006
640	64	0	602	87	0
640	64	64	601	87	61
640	64	128	601	89	127
640	64	192	601	90	191
640	64	256	603	93	253
640	64	320	604	96	317
640	64	384	605	100	380
640	64	448	607	106	445
640	64	512	609	111	507
640	64	576	613	117	575
640	64	640	615	124	636
640	64	704	617	130	698
640	64	768	622	138	759
640	64	832	625	144	821
640	64	896	628	152	884
640	64	960	633	159	947
640	64	1023	637	168	1006
640	128	0	602	140	0
640	128	64	601	141	63
640	128	128	602	142	127
640	128	192	602	143	191
640	128	256	603	145	254
640	128	320	604	146	317
640	128	384	606	149	380
640	128	448	607	153	445
640	128	512	610	156	507
640	128	576	613	160	575
640	128	640	615	165	635
640	128	704	618	169	698
640	128	768	621	175	758
640	128	832	625	180	821
640	128	896	629	186	884
640	128	960	633	192	947
640	128	1023	638	197	1007
640	192	0	603	199	21
640	192	64	602	201	66
640	192	128	602	201	128
640	192	192	602	202	192
640	192	256	603	203	254
640	192	320	605	204	317
640	192	384	607	206	381
640	192	448	608	208	445
640	192	512	611	211	507
640	192	576	614	214	576
640	192	640	616	217	636
640	192	704	618	220	698
640	192	768	622	224	758
640	192	832	626	228	822
640	192	896	630	232	885
640	192	960	634	236	947
640	192	1023	638	242	1007
640	256	0	604	259	30
640	256	64	603	261	69
640	256	128	603	261	130
640	256	192	604	263	193
640	256	256	605	263	255
640	256	320	606	264	318
640	256	384	608	266	381
640	256	448	609	268	446
640	256	512	611	269	507
640	256	576	614	272	576
640	256	640	617	274	637
640	256	704	620	276	699
640	256	768	623	279	759
640	256	832	628	283	822
640	256	896	630	285	885
640	256	960	634	288	947
640	256	1023	639	292	1006
640	320	0	605	321	40
640	320	64	605	324	73
640	320	128	605	324	132
640	320	192	605	324	194
640	320	256	606	326	256
640	320	320	607	326	319
640	320	384	609	328	382
640	320	448	611	329	446
640	320	512	613	330	508
640	320	576	616	332	576
640	320	640	618	334	637
640	320	704	621	335	699
640	320	768	624	338	759
640	320	832	628	341	822
640	320	896	632	342	886
640	320	960	636	345	948
640	320	1023	641	348	1008
640	384	0	607	383	49
640	384	64	607	386	78
640	384	128	607	386	135
640	384	192	607	387	196
640	384	256	608	387	257
640	384	320	609	388	320
640	384	384	611	389	383
640	384	448	613	390	447
640	384	512	615	391	509
640	384	576	618	393	577
640	384	640	620	394	638
640	384	704	623	395	700
640	384	768	626	397	760
640	384	832	630	400	823
640	384	896	634	401	886
640	384	960	637	403	947
640	384	1023	642	406	1007
640	448	0	610	446	58
640	448	64	608	448	83
640	448	128	609	449	138
640	448	192	609	449	198
640	448	256	610	450	259
640	448	320	612	451	321
640	448	384	613	452	384
640	448	448	615	452	448
640	448	512	617	453	510
640	448	576	620	455	578
640	448	640	622	455	638
640	448	704	625	456	700
640	448	768	629	459	761
640	448	832	632	460	823
640	448	896	635	461	887
640	448	960	639	463	948
640	448	1023	644	466	1008
640	512	0	612	508	67
640	512	64	612	512	90
640	512	128	612	512	141
640	512	192	612	512	201
640	512	256	613	513	260
640	512	320	614	513	323
640	512	384	616	514	385
640	512	448	617	515	449
640	512	512	620	516	511
640	512	576	623	518	579
640	512	640	625	518	640
640	512	704	628	519	702
640	512	768	631	520	762
640	512	832	635	522	825
640	512	896	639	523	888
640	512	960	643	524	950
640	512	1023	646	525	1009
640	576	0	615	575	76
640	576	64	615	578	96
640	576	128	615	579	145
640	576	192	615	579	203
640	576	256	616	580	263
640	576	320	618	581	325
640	576	384	619	581	387
640	576	448	620	582	451
640	576	512	623	583	513
640	576	576	626	584	580
640	576	640	628	584	640
640	576	704	631	585	703
640	576	768	634	586	763
640	576	832	638	588	826
640	576	896	642	589	889
640	576	960	646	590	951
640	576	1023	650	592	1011
640	640	0	619	635	84
640	640	64	619	639	103
640	640	128	618	638	149
640	640	192	619	639	207
640	640	256	620	640	265
640	640	320	621	640	327
640	640	384	623	641	389
640	640	448	624	641	452
640	640	512	626	642	514
640	640	576	629	643	581
640	640	640	631	643	641
640	640	704	635	645	705
640	640	768	638	646	764
640	640	832	641	647	827
640	640	896	644	647	890
640	640	960	649	648	952
640	640	1023	653	650	1011
640	704	0	623	699	93
640	704	64	623	703	110
640	704	128	623	703	155
640	704	192	623	703	210
640	704	256	624	704	268
640	704	320	625	704	329
640	704	384	627	705	391
640	704	448	628	705	454
640	704	512	631	707	516
640	704	576	634	708	584
640	704	640	636	708	644
640	704	704	639	708	706
640	704	768	642	709	766
640	704	832	646	711	829
640	704	896	649	711	892
640	704	960	653	712	954
640	704	1023	658	713	1014
640	768	0	628	759	101
640	768	64	627	762	116
640	768	128	627	763	159
640	768	192	628	763	214
640	768	256	629	763	271
640	768	320	630	764	332
640	768	384	632	765	393
640	768	448	633	765	456
640	768	512	635	765	518
640	768	576	638	767	585
640	768	640	640	767	645
640	768	704	643	767	708
640	768	768	647	769	768
640	768	832	650	769	831
640	768	896	653	769	894
640	768	960	657	770	955
640	768	1023	662	772	1016
640	832	0	632	822	109
640	832	64	631	826	124
640	832	128	631	826	164
640	832	192	632	826	217
640	832	256	633	827	274
640	832	320	633	826	334
640	832	384	635	828	395
640	832	448	637	828	458
640	832	512	639	829	519
640	832	576	642	830	586
640	832	640	644	830	647
640	832	704	646	830	709
640	832	768	650	831	768
640	832	832	654	833	832
640	832	896	657	833	895
640	832	960	661	833	957
640	832	1023	666	834	1016
640	896	0	636	883	118
640	896	64	635	887	131
640	896	128	636	888	170
640	896	192	636	888	221
640	896	256	637	888	277
640	896	320	638	888	336
640	896	384	640	889	397
640	896	448	641	890	460
640	896	512	644	891	521
640	896	576	647	892	588
640	896	640	649	892	648
640	896	704	651	892	710
640	896	768	654	893	770
640	896	832	658	894	833
640	896	896	662	894	896
640	896	960	665	895	958
640	896	1023	670	896	1018
640	960	0	641	944	126
640	960	64	641	949	139
640	960	128	640	949	175
640	960	192	641	949	225
640	960	256	641	949	280
640	960	320	643	950	339
640	960	384	645	951	399
640	960	448	646	951	462
640	960	512	648	951	522
640	960	576	651	952	589
640	960	640	653	953	650
640	960	704	656	953	712
640	960	768	659	954	771
640	960	832	663	956	834
640	960	896	665	954	897
640	960	960	669	954	959
640	960	1023	674	956	1018
640	1023	0	646	1005	134
640	1023	64	646	1009	146
640	1023	128	645	1008	181
640	1023	192	646	1009	230
640	1023	256	647	1010	283
640	1023	320	648	1010	342
640	1023	384	650	1011	402
640	1023	448	652	1011	464
640	1023	512	653	1011	524
640	1023	576	656	1012	591
640	1023	640	658	1012	651
640	1023	704	661	1013	714
640	1023	768	664	1013	773
640	1023	832	667	1013	835
640	1023	896	671	1013	898
640	1023	960	674	1013	960
640	1023	1023	679	1012	1020
704	0	0	659	70	0
704	0	64	658	71	60
704	0	128	658	72	126
704	0	192	658	74	190
704	0	256	659	78	253
704	0	320	660	82	316
704	0	384	662	87	380
704	0	448	663	93	444
704	0	512	665	99	506
704	0	576	668	106	574
704	0	640	670	113	635
704	0	704	673	120	698
704	0	768	676	128	758
704	0	832	679	136	821
704	0	896	682	144	884
704	0	960	686	152	946
704	0	1023	690	160	1006
704	64	0	659	92	0
704	64	64	658	92	61
704	64	128	658	93	126
704	64	192	659	95	191
704	64	256	660	97	253
704	64	320	660	101	316
704	64	384	662	105	380
704	64	448	663	109	444
704	64	512	666	114	506
704	64	576	669	121	575
704	64	640	670	127	635
704	64	704	673	134	698
704	64	768	677	140	758
704	64	832	680	146	821
704	64	896	682	154	884
704	64	960	686	162	946
704	64	1023	690	170	1005
704	128	0	660	143	0
704	128	64	658	144	62
704	128	128	659	144	127
704	128	192	659	145	191
704	128	256	660	147	253
704	128	320	661	149	317
704	128	384	663	152	380
704	128	448	664	155	444
704	128	512	666	158	506
704	128	576	669	162	574
704	128	640	670	166	635
704	128	704	673	171	697
704	128	768	677	177	758
704	128	832	680	181	821
704	128	896	683	188	884
704	128	960	686	194	946
704	128	1023	691	200	1006
704	192	0	660	200	18
704	192	64	659	202	65
704	192	128	659	203	128
704	192	192	659	203	192
704	192	256	661	204	254
704	192	320	662	206	317
704	192	384	663	208	380
704	192	448	664	210	445
704	192	512	667	212	507
704	192	576	670	215	575
704	192	640	671	218	635
704	192	704	674	221	698
704	192	768	677	225	758
704	192	832	680	229	821
704	192	896	683	234	884
704	192	960	687	238	946
704	192	1023	692	243	1006
704	256	0	661	260	29
704	256	64	660	262	68
704	256	128	660	263	130
704	256	192	661	263	193
704	256	256	661	264	254
704	256	320	662	265	317
704	256	384	664	267	381
704	256	448	665	268	445
704	256	512	668	270	507
704	256	576	671	273	576
704	256	640	673	275	636
704	256	704	675	277	698
704	256	768	678	280	758
704	256	832	682	283	822
704	256	896	685	286	885
704	256	960	689	290	947
704	256	1023	693	294	1007
704	320	0	662	322	39
704	320	64	662	325	72
704	320	128	661	325	132
704	320	192	662	326	194
704	320	256	663	326	255
704	320	320	664	327	318
704	320	384	666	328	382
704	320	448	666	329	446
704	320	512	668	330	507
704	320	576	672	333	576
704	320	640	673	334	636
704	320	704	676	337	699
704	320	768	680	339	759
704	320	832	682	341	822
704	320	896	685	343	885
704	320	960	689	346	947
704	320	1023	693	349	1007
704	384	0	664	383	48
704	384	64	663	386	77
704	384	128	663	386	134
704	384	192	663	387	196
704	384	256	665	388	257
704	384	320	665	388	319
704	384	384	667	389	382
704	384	448	668	390	447
704	384	512	671	392	509
704	384	576	674	394	577
704	384	640	675	394	637
704	384	704	678	396	699
704	384	768	681	397	759
704	384	832	684	400	822
704	384	896	688	401	886
704	384	960	691	404	948
704	384	1023	695	407	1007
704	448	0	666	446	57
704	448	64	665	449	83
704	448	128	665	449	137
704	448	192	666	450	198
704	448	256	667	450	258
704	448	320	668	451	321
704	448	384	669	452	384
704	448	448	671	453	448
704	448	512	672	454	509
704	448	576	676	455	577
704	448	640	678	457	638
704	448	704	680	458	701
704	448	768	683	459	761
704	448	832	687	461	824
704	448	896	689	462	886
704	448	960	693	463	948
704	448	1023	697	466	1008
704	512	0	669	508	66
704	512	64	668	512	89
704	512	128	668	512	141
704	512	192	668	512	200
704	512	256	670	513	260
704	512	320	670	513	322
704	512	384	672	514	385
704	512	448	673	515	449
704	512	512	675	516	511
704	512	576	678	518	579
704	512	640	680	518	639
704	512	704	682	519	701
704	512	768	685	520	761
704	512	832	689	522	825
704	512	896	692	523	888
704	512	960	696	525	950
704	512	1023	700	527	1009
704	576	0	672	576	75
704	576	64	672	580	96
704	576	128	671	580	145
704	576	192	672	580	203
704	576	256	672	580	263
704	576	320	673	581	325
704	576	384	675	582	387
704	576	448	676	582	450
704	576	512	678	583	512
704	576	576	681	584	580
704	576	640	682	584	640
704	576	704	686	586	703
704	576	768	689	587	763
704	576	832	691	588	825
704	576	896	695	588	888
704	576	960	698	590	950
704	576	1023	702	592	1010
704	640	0	675	635	83
704	640	64	674	638	102
704	640	128	674	639	149
704	640	192	675	639	206
704	640	256	675	639	265
704	640	320	677	640	326
704	640	384	678	640	388
704	640	448	680	641	452
704	640	512	682	642	514
704	640	576	685	644	582
704	640	640	686	644	642
704	640	704	688	644	704
704	640	768	691	645	764
704	640	832	695	647	827
704	640	896	698	647	890
704	640	960	702	648	952
704	640	1023	706	650	1012
704	704	0	678	698	93
704	704	64	678	702	109
704	704	128	678	703	154
704	704	192	678	703	209
704	704	256	680	704	268
704	704	320	681	705	329
704	704	384	682	705	390
704	704	448	683	705	454
704	704	512	685	706	515
704	704	576	688	707	583
704	704	640	690	707	643
704	704	704	692	707	705
704	704	768	695	708	765
704	704	832	699	710	828
704	704	896	702	711	891
704	704	960	705	711	953
704	704	1023	710	713	1013
704	768	0	683	758	101
704	768	64	683	762	116
704	768	128	682	762	158
704	768	192	683	763	213
704	768	256	684	763	270
704	768	320	685	763	331
704	768	384	686	765	393
704	768	448	688	765	456
704	768	512	689	765	517
704	768	576	692	766	584
704	768	640	695	767	645
704	768	704	697	767	708
704	768	768	700	768	767
704	768	832	704	770	831
704	768	896	705	768	893
704	768	960	709	769	955
704	768	1023	713	771	1015
704	832	0	687	822	109
704	832	64	686	825	124
704	832	128	686	825	164
704	832	192	687	826	217
704	832	256	687	827	273
704	832	320	688	827	334
704	832	384	690	828	395
704	832	448	691	828	457
704	832	512	693	828	519
704	832	576	696	830	586
704	832	640	698	829	646
704	832	704	700	830	708
704	832	768	704	832	768
704	832	832	707	832	831
704	832	896	709	832	894
704	832	960	713	833	956
704	832	1023	717	834	1016
704	896	0	691	883	117
704	896	64	690	887	131
704	896	128	690	888	169
704	896	192	690	888	221
704	896	256	692	889	276
704	896	320	693	889	336
704	896	384	694	889	396
704	896	448	695	889	459
704	896	512	697	890	520
704	896	576	700	892	587
704	896	640	702	891	647
704	896	704	704	892	709
704	896	768	707	892	769
704	896	832	710	894	832
704	896	896	714	894	895
704	896	960	717	894	957
704	896	1023	721	896	1017
704	960	0	695	944	126
704	960	64	694	948	139
704	960	128	695	949	175
704	960	192	695	949	225
704	960	256	695	949	279
704	960	320	696	949	338
704	960	384	698	950	399
704	960	448	699	951	461
704	960	512	702	952	522
704	960	576	704	953	589
704	960	640	706	953	649
704	960	704	708	953	711
704	960	768	711	953	770
704	960	832	715	955	833
704	960	896	718	954	897
704	960	960	721	955	959
704	960	1023	725	957	1019
704	1023	0	700	1004	134
704	1023	64	699	1009	146
704	1023	128	700	1010	181
704	1023	192	700	1009	229
704	1023	256	700	1009	283
704	1023	320	701	1009	341
704	1023	384	703	1010	401
704	1023	448	705	1011	464
704	1023	512	707	1012	524
704	1023	576	710	1013	591
704	1023	640	711	1012	651
704	1023	704	713	1012	713
704	1023	768	716	1013	773
704	1023	832	720	1014	836
704	1023	896	723	1014	898
704	1023	960	726	1013	961
704	1023	1023	730	1013	1021
768	0	0	715	76	0
768	0	64	714	77	61
768	0	128	714	78	126
768	0	192	714	80	191
768	0	256	715	83	252
768	0	320	716	87	316
768	0	384	717	92	379
768	0	448	718	97	444
768	0	512	721	103	507
768	0	576	724	110	575
768	0	640	725	117	635
768	0	704	727	124	698
768	0	768	730	131	758
768	0	832	734	138	822
768	0	896	736	146	885
768	0	960	740	154	947
768	0	1023	743	162	1005
768	64	0	715	96	0
768	64	64	714	96	61
768	64	128	714	97	126
768	64	192	714	99	190
768	64	256	715	101	253
768	64	320	716	105	316
768	64	384	718	108	380
768	64	448	718	113	444
768	64	512	721	118	506
768	64	576	724	124	575
768	64	640	725	129	635
768	64	704	727	136	697
768	64	768	730	143	757
768	64	832	734	149	821
768	64	896	736	156	884
768	64	960	740	164	947
768	64	1023	743	171	1005
768	128	0	715	145	0
768	128	64	714	146	62
768	128	128	714	146	127
768	128	192	715	148	191
768	128	256	715	149	253
768	128	320	716	151	317
768	128	384	718	154	380
768	128	448	719	157	444
768	128	512	720	160	506
768	128	576	723	165	574
768	128	640	726	169	636
768	128	704	728	173	698
768	128	768	730	178	758
768	128	832	734	184	821
768	128	896	736	189	884
768	128	960	739	195	946
768	128	1023	743	201	1006
768	192	0	716	202	17
768	192	64	715	204	65
768	192	128	715	204	128
768	192	192	715	205	192
768	192	256	716	206	253
768	192	320	717	208	317
768	192	384	719	209	380
768	192	448	719	211	445
768	192	512	721	214	506
768	192	576	724	217	575
768	192	640	725	220	635
768	192	704	728	224	698
768	192	768	731	227	758
768	192	832	734	231	821
768	192	896	736	235	884
768	192	960	740	239	946
768	192	1023	744	244	1006
768	256	0	717	261	29
768	256	64	715	263	68
768	256	128	716	264	130
768	256	192	716	265	193
768	256	256	717	265	254
768	256	320	718	267	318
768	256	384	720	268	381
768	256	448	720	269	445
768	256	512	722	271	507
768	256	576	725	274	575
768	256	640	726	276	636
768	256	704	729	278	698
768	256	768	733	281	759
768	256	832	735	284	821
768	256	896	738	287	885
768	256	960	741	291	947
768	256	1023	745	294	1006
768	320	0	718	323	38
768	320	64	717	325	72
768	320	128	717	326	132
768	320	192	717	326	194
768	320	256	718	327	255
768	320	320	719	328	318
768	320	384	720	329	381
768	320	448	721	330	446
768	320	512	724	332	508
768	320	576	727	334	576
768	320	640	728	335	636
768	320	704	730	337	699
768	320	768	733	339	759
768	320	832	736	342	822
768	320	896	739	344	885
768	320	960	741	346	946
768	320	1023	746	350	1006
768	384	0	720	384	48
768	384	64	718	386	77
768	384	128	718	387	134
768	384	192	719	388	196
768	384	256	719	388	256
768	384	320	721	389	319
768	384	384	722	390	382
768	384	448	723	391	446
768	384	512	725	392	508
768	384	576	728	394	576
768	384	640	729	395	636
768	384	704	731	396	699
768	384	768	735	399	760
768	384	832	738	400	822
768	384	896	740	402	885
768	384	960	743	404	947
768	384	1023	747	407	1007
768	448	0	721	446	58
768	448	64	720	449	83
768	448	128	720	450	137
768	448	192	721	450	198
768	448	256	721	451	258
768	448	320	722	451	321
768	448	384	724	453	383
768	448	448	725	453	448
768	448	512	727	454	510
768	448	576	730	456	578
768	448	640	732	457	638
768	448	704	734	458	700
768	448	768	736	459	760
768	448	832	740	461	824
768	448	896	743	463	887
768	448	960	746	464	949
768	448	1023	750	467	1008
768	512	0	724	509	66
768	512	64	723	512	88
768	512	128	723	512	140
768	512	192	723	513	200
768	512	256	724	513	260
768	512	320	725	514	322
768	512	384	727	515	385
768	512	448	727	515	449
768	512	512	729	516	510
768	512	576	732	518	578
768	512	640	733	518	638
768	512	704	735	519	701
768	512	768	739	521	761
768	512	832	742	522	824
768	512	896	744	523	887
768	512	960	748	524	949
768	512	1023	752	526	1009
768	576	0	727	576	76
768	576	64	726	579	96
768	576	128	725	579	145
768	576	192	726	580	203
768	576	256	727	580	262
768	576	320	727	581	324
768	576	384	729	582	386
768	576	448	730	583	450
768	576	512	732	583	512
768	576	576	735	585	580
768	576	640	737	585	640
768	576	704	739	586	702
768	576	768	742	587	762
768	576	832	745	589	826
768	576	896	747	588	888
768	576	960	750	589	950
768	576	1023	754	591	1009
768	640	0	729	634	83
768	640	64	728	638	102
768	640	128	729	639	149
768	640	192	729	639	206
768	640	256	730	640	265
768	640	320	731	641	326
768	640	384	732	641	388
768	640	448	733	641	452
768	640	512	735	642	513
768	640	576	738	644	581
768	640	640	739	644	641
768	640	704	741	644	703
768	640	768	744	645	763
768	640	832	748	647	827
768	640	896	750	647	890
768	640	960	753	648	952
768	640	1023	758	650	1012
768	704	0	733	699	92
768	704	64	733	703	109
768	704	128	732	703	154
768	704	192	733	704	209
768	704	256	733	704	267
768	704	320	734	704	328
768	704	384	736	706	390
768	704	448	737	705	454
768	704	512	739	706	515
768	704	576	741	707	582
768	704	640	742	707	642
768	704	704	746	709	706
768	704	768	749	710	765
768	704	832	751	710	828
768	704	896	753	710	891
768	704	960	757	711	953
768	704	1023	761	713	1013
768	768	0	737	758	100
768	768	64	736	762	116
768	768	128	737	763	159
768	768	192	737	763	213
768	768	256	737	763	270
768	768	320	738	764	331
768	768	384	740	764	392
768	768	448	741	765	456
768	768	512	743	766	517
768	768	576	746	767	585
768	768	640	747	767	645
768	768	704	749	767	707
768	768	768	752	768	767
768	768	832	755	769	830
768	768	896	758	770	893
768	768	960	761	770	955
768	768	1023	766	772	1015
768	832	0	741	822	109
768	832	64	740	826	124
768	832	128	740	826	164
768	832	192	740	826	217
768	832	256	741	826	273
768	832	320	742	827	333
768	832	384	743	828	394
768	832	448	745	828	458
768	832	512	746	828	518
768	832	576	749	829	585
768	832	640	751	830	646
768	832	704	753	831	708
768	832	768	755	831	768
768	832	832	759	833	831
768	832	896	761	832	893
768	832	960	764	832	956
768	832	1023	768	834	1015
768	896	0	745	884	117
768	896	64	744	888	131
768	896	128	743	887	169
768	896	192	744	888	221
768	896	256	745	888	276
768	896	320	746	889	336
768	896	384	747	890	397
768	896	448	748	889	459
768	896	512	750	890	520
768	896	576	753	891	587
768	896	640	754	891	647
768	896	704	757	892	710
768	896	768	759	893	769
768	896	832	762	893	831
768	896	896	765	893	895
768	896	960	768	894	957
768	896	1023	772	895	1017
768	960	0	749	945	126
768	960	64	747	948	138
768	960	128	748	949	175
768	960	192	748	949	225
768	960	256	749	950	280
768	960	320	750	950	338
768	960	384	752	951	399
768	960	448	752	950	461
768	960	512	754	952	522
768	960	576	757	953	589
768	960	640	758	952	649
768	960	704	760	953	711
768	960	768	764	955	771
768	960	832	766	955	833
768	960	896	769	955	896
768	960	960	772	955	959
768	960	1023	776	956	1018
768	1023	0	753	1005	134
768	1023	64	752	1009	146
768	1023	128	753	1010	181
768	1023	192	752	1009	229
768	1023	256	754	1010	283
768	1023	320	755	1011	342
768	1023	384	755	1011	401
768	1023	448	757	1011	463
768	1023	512	759	1012	524
768	1023	576	762	1013	591
768	1023	640	763	1012	650
768	1023	704	765	1012	712
768	1023	768	767	1012	772
768	1023	832	771	1014	835
768	1023	896	774	1013	898
768	1023	960	777	1013	960
768	1023	1023	781	1013	1020
832	0	0	774	83	0
832	0	64	773	83	59
832	0	128	773	84	126
832	0	192	773	86	190
832	0	256	774	89	252
832	0	320	775	92	316
832	0	384	776	97	379
832	0	448	777	102	444
832	0	512	779	107	506
832	0	576	782	114	574
832	0	640	782	120	635
832	0	704	784	127	697
832	0	768	787	134	757
832	0	832	790	142	821
832	0	896	793	149	884
832	0	960	796	157	946
832	0	1023	800	165	1006
832	64	0	774	101	0
832	64	64	773	101	59
832	64	128	773	102	126
832	64	192	773	103	190
832	64	256	774	106	253
832	64	320	775	109	316
832	64	384	776	113	379
832	64	448	777	117	444
832	64	512	779	121	506
832	64	576	782	128	574
832	64	640	783	133	635
832	64	704	784	139	697
832	64	768	787	145	757
832	64	832	791	152	821
832	64	896	793	159	884
832	64	960	796	167	946
832	64	1023	800	174	1006
832	128	0	774	148	0
832	128	64	773	149	61
832	128	128	773	150	126
832	128	192	773	151	190
832	128	256	774	152	252
832	128	320	775	154	316
832	128	384	777	157	380
832	128	448	778	160	444
832	128	512	779	163	506
832	128	576	782	167	575
832	128	640	783	172	635
832	128	704	785	176	698
832	128	768	788	181	757
832	128	832	791	186	821
832	128	896	794	191	885
832	128	960	797	197	947
832	128	1023	800	203	1007
832	192	0	775	204	14
832	192	64	774	205	63
832	192	128	774	206	128
832	192	192	774	207	192
832	192	256	775	208	253
832	192	320	776	210	317
832	192	384	777	211	380
832	192	448	778	213	445
832	192	512	780	216	507
832	192	576	783	219	575
832	192	640	784	222	635
832	192	704	786	225	698
832	192	768	788	229	758
832	192	832	792	233	822
832	192	896	794	236	885
832	192	960	797	241	947
832	192	1023	800	245	1006
832	256	0	776	263	27
832	256	64	775	265	66
832	256	128	775	266	129
832	256	192	775	266	192
832	256	256	776	267	254
832	256	320	777	268	317
832	256	384	778	270	381
832	256	448	779	271	445
832	256	512	781	273	507
832	256	576	783	275	575
832	256	640	785	277	636
832	256	704	787	280	699
832	256	768	790	283	759
832	256	832	793	286	822
832	256	896	794	288	884
832	256	960	797	292	946
832	256	1023	801	296	1006
832	320	0	777	324	37
832	320	64	776	327	71
832	320	128	776	327	131
832	320	192	776	327	194
832	320	256	777	329	255
832	320	320	778	329	318
832	320	384	779	330	381
832	320	448	780	331	445
832	320	512	782	333	508
832	320	576	784	335	576
832	320	640	785	336	636
832	320	704	787	338	699
832	320	768	790	340	758
832	320	832	794	343	822
832	320	896	796	345	885
832	320	960	799	348	947
832	320	1023	802	351	1007
832	384	0	778	385	47
832	384	64	777	388	76
832	384	128	777	388	133
832	384	192	777	389	195
832	384	256	778	389	256
832	384	320	779	390	319
832	384	384	780	391	382
832	384	448	782	392	446
832	384	512	783	393	508
832	384	576	786	395	577
832	384	640	787	396	637
832	384	704	789	397	700
832	384	768	792	399	759
832	384	832	795	402	823
832	384	896	796	403	885
832	384	960	799	405	947
832	384	1023	803	407	1007
832	448	0	781	447	56
832	448	64	779	450	81
832	448	128	779	451	137
832	448	192	780	451	198
832	448	256	780	452	258
832	448	320	781	453	321
832	448	384	783	454	383
832	448	448	783	453	447
832	448	512	785	455	509
832	448	576	787	457	577
832	448	640	788	457	637
832	448	704	790	458	700
832	448	768	794	461	760
832	448	832	797	462	823
832	448	896	799	463	886
832	448	960	802	465	948
832	448	1023	805	467	1008
832	512	0	782	509	65
832	512	64	782	513	88
832	512	128	781	513	140
832	512	192	781	513	200
832	512	256	782	514	260
832	512	320	783	514	322
832	512	384	784	516	384
832	512	448	786	516	449
832	512	512	788	517	511
832	512	576	790	519	579
832	512	640	792	519	639
832	512	704	793	520	701
832	512	768	796	522	761
832	512	832	799	524	825
832	512	896	802	524	888
832	512	960	804	525	949
832	512	1023	807	527	1009
832	576	0	785	576	74
832	576	64	784	580	95
832	576	128	784	580	145
832	576	192	784	581	203
832	576	256	785	582	262
832	576	320	786	582	324
832	576	384	787	582	386
832	576	448	788	583	450
832	576	512	790	584	512
832	576	576	793	585	580
832	576	640	794	585	640
832	576	704	796	586	702
832	576	768	798	588	762
832	576	832	801	589	825
832	576	896	804	590	888
832	576	960	807	591	951
832	576	1023	810	593	1011
832	640	0	788	635	83
832	640	64	787	640	102
832	640	128	787	639	149
832	640	192	787	640	206
832	640	256	788	640	264
832	640	320	789	641	326
832	640	384	790	642	388
832	640	448	791	642	451
832	640	512	793	643	513
832	640	576	795	644	581
832	640	640	796	644	641
832	640	704	799	646	704
832	640	768	802	647	764
832	640	832	804	647	826
832	640	896	806	648	889
832	640	960	809	648	952
832	640	1023	813	650	1011
832	704	0	791	699	92
832	704	64	791	703	109
832	704	128	791	704	154
832	704	192	790	704	209
832	704	256	791	704	267
832	704	320	792	705	328
832	704	384	794	706	390
832	704	448	795	706	454
832	704	512	797	707	515
832	704	576	799	708	583
832	704	640	800	708	643
832	704	704	802	709	705
832	704	768	805	710	765
832	704	832	808	711	829
832	704	896	810	711	892
832	704	960	813	712	954
832	704	1023	817	714	1014
832	768	0	796	759	100
832	768	64	794	763	116
832	768	128	794	763	158
832	768	192	795	764	213
832	768	256	796	764	270
832	768	320	797	765	331
832	768	384	798	766	393
832	768	448	798	765	456
832	768	512	800	766	517
832	768	576	803	767	585
832	768	640	804	767	645
832	768	704	806	767	707
832	768	768	809	769	768
832	768	832	811	769	830
832	768	896	814	770	893
832	768	960	817	770	955
832	768	1023	820	772	1015
832	832	0	798	822	109
832	832	64	797	826	123
832	832	128	798	827	164
832	832	192	798	827	216
832	832	256	798	827	273
832	832	320	799	827	333
832	832	384	800	828	394
832	832	448	802	829	457
832	832	512	803	829	518
832	832	576	806	831	586
832	832	640	807	830	646
832	832	704	809	831	708
832	832	768	811	832	768
832	832	832	815	833	831
832	832	896	817	833	894
832	832	960	820	834	956
832	832	1023	823	835	1016
832	896	0	802	884	117
832	896	64	801	888	131
832	896	128	801	889	169
832	896	192	801	889	220
832	896	256	801	888	276
832	896	320	802	889	335
832	896	384	804	890	396
832	896	448	805	890	459
832	896	512	807	891	520
832	896	576	810	893	587
832	896	640	811	892	647
832	896	704	812	892	709
832	896	768	815	893	769
832	896	832	819	895	832
832	896	896	820	895	896
832	896	960	824	895	957
832	896	1023	826	895	1017
832	960	0	806	945	125
832	960	64	805	949	138
832	960	128	804	949	174
832	960	192	805	950	225
832	960	256	805	950	279
832	960	320	806	950	338
832	960	384	808	951	398
832	960	448	809	952	461
832	960	512	810	951	521
832	960	576	812	953	588
832	960	640	815	953	649
832	960	704	816	954	711
832	960	768	819	954	771
832	960	832	821	954	833
832	960	896	823	954	896
832	960	960	826	955	958
832	960	1023	830	956	1018
832	1023	0	810	1005	133
832	1023	64	809	1010	145
832	1023	128	809	1009	180
832	1023	192	810	1010	229
832	1023	256	810	1010	283
832	1023	320	811	1011	341
832	1023	384	812	1012	401
832	1023	448	812	1010	463
832	1023	512	814	1011	524
832	1023	576	817	1013	590
832	1023	640	818	1012	650
832	1023	704	821	1013	713
832	1023	768	823	1014	772
832	1023	832	826	1014	835
832	1023	896	828	1013	898
832	1023	960	831	1013	960
832	1023	1023	834	1013	1020
896	0	0	831	89	0
896	0	64	830	89	59
896	0	128	830	90	126
896	0	192	830	92	190
896	0	256	830	94	252
896	0	320	831	98	316
896	0	384	833	102	380
896	0	448	834	107	444
896	0	512	835	112	506
896	0	576	837	118	574
896	0	640	840	124	636
896	0	704	841	131	698
896	0	768	843	138	758
896	0	832	846	145	821
896	0	896	848	152	884
896	0	960	851	160	946
896	0	1023	854	167	1006
896	64	0	831	105	0
896	64	64	830	106	59
896	64	128	830	107	126
896	64	192	830	108	191
896	64	256	831	110	253
896	64	320	832	113	316
896	64	384	833	117	380
896	64	448	834	121	445
896	64	512	835	125	506
896	64	576	838	131	574
896	64	640	839	137	635
896	64	704	841	143	698
896	64	768	844	149	758
896	64	832	846	155	821
896	64	896	848	162	884
896	64	960	851	168	946
896	64	1023	854	176	1006
896	128	0	832	151	0
896	128	64	831	152	61
896	128	128	830	153	126
896	128	192	831	154	191
896	128	256	831	155	253
896	128	320	832	157	316
896	128	384	834	160	380
896	128	448	834	162	444
896	128	512	835	166	506
896	128	576	838	170	574
896	128	640	839	174	635
896	128	704	842	179	698
896	128	768	844	183	758
896	128	832	846	188	821
896	128	896	848	193	884
896	128	960	851	200	946
896	128	1023	855	206	1006
896	192	0	832	207	10
896	192	64	831	208	64
896	192	128	831	208	127
896	192	192	831	209	192
896	192	256	832	210	253
896	192	320	833	212	317
896	192	384	834	214	380
896	192	448	834	215	444
896	192	512	836	217	507
896	192	576	838	221	575
896	192	640	840	224	635
896	192	704	841	226	698
896	192	768	845	231	759
896	192	832	847	235	821
896	192	896	849	238	884
896	192	960	852	242	947
896	192	1023	855	248	1006
896	256	0	832	264	28
896	256	64	832	267	66
896	256	128	832	267	129
896	256	192	832	268	192
896	256	256	833	269	254
896	256	320	833	270	317
896	256	384	834	271	381
896	256	448	835	272	445
896	256	512	837	274	507
896	256	576	840	277	576
896	256	640	840	279	636
896	256	704	842	281	698
896	256	768	845	284	758
896	256	832	848	287	822
896	256	896	850	290	885
896	256	960	853	294	947
896	256	1023	856	297	1007
896	320	0	834	325	36
896	320	64	833	328	72
896	320	128	832	328	131
896	320	192	833	329	194
896	320	256	833	329	255
896	320	320	834	330	318
896	320	384	836	332	381
896	320	448	837	333	446
896	320	512	838	334	507
896	320	576	840	336	575
896	320	640	841	337	636
896	320	704	844	340	699
896	320	768	846	342	759
896	320	832	848	344	822
896	320	896	850	346	885
896	320	960	853	349	947
896	320	1023	857	352	1007
896	384	0	835	386	47
896	384	64	834	389	76
896	384	128	834	389	134
896	384	192	834	390	195
896	384	256	835	391	257
896	384	320	836	392	320
896	384	384	837	392	382
896	384	448	837	393	446
896	384	512	839	394	508
896	384	576	842	396	577
896	384	640	843	397	637
896	384	704	844	398	699
896	384	768	846	400	759
896	384	832	850	403	823
896	384	896	852	404	886
896	384	960	855	406	948
896	384	1023	858	409	1008
896	448	0	837	448	56
896	448	64	836	451	82
896	448	128	835	451	137
896	448	192	836	452	198
896	448	256	837	453	258
896	448	320	837	453	321
896	448	384	839	454	383
896	448	448	840	455	448
896	448	512	841	456	509
896	448	576	844	458	578
896	448	640	845	459	638
896	448	704	847	460	700
896	448	768	849	461	760
896	448	832	852	463	824
896	448	896	854	464	887
896	448	960	856	465	948
896	448	1023	859	468	1008
896	512	0	839	511	65
896	512	64	838	514	88
896	512	128	838	514	140
896	512	192	838	514	200
896	512	256	839	515	260
896	512	320	840	516	322
896	512	384	840	516	385
896	512	448	841	517	449
896	512	512	843	518	510
896	512	576	846	520	578
896	512	640	847	520	639
896	512	704	848	521	701
896	512	768	852	523	762
896	512	832	854	524	824
896	512	896	856	525	888
896	512	960	859	526	950
896	512	1023	862	528	1010
896	576	0	841	577	74
896	576	64	841	581	95
896	576	128	840	581	144
896	576	192	841	582	203
896	576	256	841	582	262
896	576	320	842	583	324
896	576	384	843	584	386
896	576	448	844	583	450
896	576	512	845	584	512
896	576	576	848	586	579
896	576	640	849	586	639
896	576	704	851	587	703
896	576	768	854	588	762
896	576	832	856	589	825
896	576	896	858	590	888
896	576	960	860	591	950
896	576	1023	864	593	1010
896	640	0	844	636	83
896	640	64	843	640	101
896	640	128	843	640	149
896	640	192	843	640	206
896	640	256	844	641	264
896	640	320	845	642	326
896	640	384	846	642	388
896	640	448	847	643	452
896	640	512	849	644	513
896	640	576	851	645	581
896	640	640	852	645	641
896	640	704	854	646	704
896	640	768	856	647	764
896	640	832	860	649	827
896	640	896	862	649	890
896	640	960	864	650	952
896	640	1023	867	652	1012
896	704	0	848	701	92
896	704	64	846	704	109
896	704	128	846	704	153
896	704	192	847	705	209
896	704	256	848	706	267
896	704	320	848	706	329
896	704	384	850	707	391
896	704	448	850	706	454
896	704	512	852	707	515
896	704	576	854	709	583
896	704	640	855	709	643
896	704	704	857	709	705
896	704	768	860	711	766
896	704	832	862	711	828
896	704	896	864	712	892
896	704	960	867	712	954
896	704	1023	870	714	1013
896	768	0	851	759	99
896	768	64	850	763	115
896	768	128	850	764	158
896	768	192	850	764	213
896	768	256	851	764	270
896	768	320	852	765	331
896	768	384	853	766	393
896	768	448	854	766	456
896	768	512	855	766	517
896	768	576	858	767	584
896	768	640	860	768	645
896	768	704	861	768	708
896	768	768	863	769	767
896	768	832	867	771	831
896	768	896	867	770	893
896	768	960	870	770	955
896	768	1023	873	772	1015
896	832	0	854	823	109
896	832	64	854	827	123
896	832	128	853	827	164
896	832	192	853	828	217
896	832	256	854	828	273
896	832	320	855	828	333
896	832	384	856	829	395
896	832	448	856	829	457
896	832	512	858	830	518
896	832	576	860	831	586
896	832	640	861	831	646
896	832	704	864	832	709
896	832	768	866	833	768
896	832	832	869	833	831
896	832	896	870	833	894
896	832	960	873	834	956
896	832	1023	877	835	1016
896	896	0	858	885	117
896	896	64	856	888	130
896	896	128	856	889	169
896	896	192	856	889	220
896	896	256	858	890	276
896	896	320	858	891	336
896	896	384	859	890	396
896	896	448	860	891	459
896	896	512	862	892	520
896	896	576	864	893	587
896	896	640	865	892	647
896	896	704	866	892	709
896	896	768	870	895	770
896	896	832	872	895	832
896	896	896	874	895	895
896	896	960	877	895	957
896	896	1023	880	897	1017
896	960	0	861	945	125
896	960	64	860	950	138
896	960	128	860	951	175
896	960	192	860	950	225
896	960	256	860	950	279
896	960	320	861	951	338
896	960	384	862	952	398
896	960	448	864	952	461
896	960	512	865	953	522
896	960	576	868	954	589
896	960	640	869	954	649
896	960	704	870	954	711
896	960	768	872	954	770
896	960	832	876	956	834
896	960	896	878	955	897
896	960	960	881	956	959
896	960	1023	884	957	1019
896	1023	0	865	1006	133
896	1023	64	864	1010	146
896	1023	128	865	1011	181
896	1023	192	864	1011	229
896	1023	256	864	1010	282
896	1023	320	865	1011	341
896	1023	384	867	1012	401
896	1023	448	868	1012	463
896	1023	512	870	1013	524
896	1023	576	872	1014	591
896	1023	640	873	1013	651
896	1023	704	875	1013	713
896	1023	768	877	1014	772
896	1023	832	880	1015	835
896	1023	896	882	1015	899
896	1023	960	885	1014	961
896	1023	1023	888	1014	1021
960	0	0	888	95	0
960	0	64	886	96	58
960	0	128	886	96	125
960	0	192	887	98	190
960	0	256	887	100	252
960	0	320	888	103	316
960	0	384	889	107	379
960	0	448	890	112	444
960	0	512	891	117	506
960	0	576	894	123	575
960	0	640	895	129	635
960	0	704	896	135	698
960	0	768	898	141	758
960	0	832	901	149	821
960	0	896	903	156	885
960	0	960	906	163	947
960	0	1023	909	170	1007
960	64	0	888	111	0
960	64	64	886	111	59
960	64	128	887	112	126
960	64	192	887	114	190
960	64	256	887	116	252
960	64	320	888	119	316
960	64	384	889	122	379
960	64	448	890	126	444
960	64	512	892	130	507
960	64	576	894	136	575
960	64	640	895	140	635
960	64	704	896	147	698
960	64	768	898	153	758
960	64	832	902	159	822
960	64	896	904	165	885
960	64	960	906	173	947
960	64	1023	909	180	1007
960	128	0	888	155	0
960	128	64	887	156	60
960	128	128	886	156	126
960	128	192	887	157	191
960	128	256	887	159	253
960	128	320	888	160	316
960	128	384	890	163	380
960	128	448	890	166	445
960	128	512	892	169	507
960	128	576	894	174	575
960	128	640	895	177	636
960	128	704	897	181	698
960	128	768	899	186	758
960	128	832	902	191	822
960	128	896	904	196	885
960	128	960	906	201	947
960	128	1023	909	208	1006
960	192	0	889	209	0
960	192	64	887	211	62
960	192	128	887	211	127
960	192	192	887	212	191
960	192	256	888	213	253
960	192	320	889	214	317
960	192	384	890	216	380
960	192	448	890	218	445
960	192	512	892	220	507
960	192	576	894	223	575
960	192	640	895	226	635
960	192	704	898	229	699
960	192	768	900	233	758
960	192	832	902	236	821
960	192	896	904	240	885
960	192	960	906	245	947
960	192	1023	910	249	1007
960	256	0	890	267	24
960	256	64	888	269	67
960	256	128	888	269	129
960	256	192	889	270	193
960	256	256	889	271	254
960	256	320	890	272	318
960	256	384	891	273	381
960	256	448	891	274	445
960	256	512	893	276	507
960	256	576	895	279	575
960	256	640	896	280	636
960	256	704	897	283	698
960	256	768	901	287	759
960	256	832	903	289	822
960	256	896	905	292	885
960	256	960	907	296	948
960	256	1023	911	299	1007
960	320	0	890	327	37
960	320	64	889	330	71
960	320	128	889	330	131
960	320	192	889	330	194
960	320	256	889	331	255
960	320	320	890	332	318
960	320	384	892	333	381
960	320	448	893	334	446
960	320	512	894	336	508
960	320	576	896	338	576
960	320	640	897	339	636
960	320	704	899	341	699
960	320	768	901	343	759
960	320	832	904	346	823
960	320	896	906	348	886
960	320	960	909	351	948
960	320	1023	912	354	1008
960	384	0	892	387	45
960	384	64	891	390	76
960	384	128	890	391	134
960	384	192	891	391	195
960	384	256	891	392	256
960	384	320	892	393	319
960	384	384	894	394	383
960	384	448	894	394	447
960	384	512	895	395	508
960	384	576	897	397	576
960	384	640	898	398	637
960	384	704	901	400	700
960	384	768	903	402	760
960	384	832	905	404	823
960	384	896	907	405	886
960	384	960	910	408	949
960	384	1023	913	410	1008
960	448	0	893	449	55
960	448	64	892	453	82
960	448	128	892	453	137
960	448	192	892	454	198
960	448	256	892	454	258
960	448	320	893	454	321
960	448	384	894	455	383
960	448	448	895	456	448
960	448	512	897	457	510
960	448	576	900	459	578
960	448	640	900	459	638
960	448	704	902	461	701
960	448	768	904	462	760
960	448	832	907	464	824
960	448	896	909	466	887
960	448	960	912	467	950
960	448	1023	915	470	1010
960	512	0	896	512	64
960	512	64	895	516	88
960	512	128	894	516	140
960	512	192	895	516	200
960	512	256	895	517	260
960	512	320	896	517	322
960	512	384	897	518	385
960	512	448	897	518	449
960	512	512	899	519	511
960	512	576	901	520	578
960	512	640	902	521	639
960	512	704	904	522	702
960	512	768	907	524	762
960	512	832	909	525	825
960	512	896	911	526	888
960	512	960	913	527	950
960	512	1023	916	529	1010
960	576	0	898	579	74
960	576	64	897	582	95
960	576	128	897	583	144
960	576	192	897	583	203
960	576	256	897	583	262
960	576	320	898	584	324
960	576	384	899	585	387
960	576	448	900	585	451
960	576	512	902	586	512
960	576	576	904	588	580
960	576	640	905	588	641
960	576	704	906	589	703
960	576	768	909	590	763
960	576	832	912	592	826
960	576	896	914	592	890
960	576	960	916	593	952
960	576	1023	918	594	1011
960	640	0	901	638	82
960	640	64	899	641	101
960	640	128	899	642	148
960	640	192	899	642	206
960	640	256	900	643	265
960	640	320	901	644	326
960	640	384	902	644	388
960	640	448	903	644	452
960	640	512	904	645	514
960	640	576	907	646	581
960	640	640	907	646	641
960	640	704	909	647	704
960	640	768	912	649	765
960	640	832	914	649	827
960	640	896	916	650	890
960	640	960	918	651	953
960	640	1023	922	653	1013
960	704	0	904	701	91
960	704	64	903	706	109
960	704	128	902	706	154
960	704	192	903	706	209
960	704	256	903	706	267
960	704	320	904	707	328
960	704	384	905	708	390
960	704	448	907	708	454
960	704	512	907	708	515
960	704	576	909	709	583
960	704	640	910	709	643
960	704	704	913	711	706
960	704	768	915	712	766
960	704	832	917	712	829
960	704	896	919	712	892
960	704	960	921	713	954
960	704	1023	925	715	1014
960	768	0	907	761	99
960	768	64	906	765	116
960	768	128	906	765	159
960	768	192	906	765	213
960	768	256	907	766	270
960	768	320	907	766	331
960	768	384	909	767	393
960	768	448	910	767	456
960	768	512	911	768	517
960	768	576	914	769	585
960	768	640	914	769	645
960	768	704	916	769	708
960	768	768	918	770	767
960	768	832	921	772	831
960	768	896	923	772	894
960	768	960	925	772	957
960	768	1023	929	774	1016
960	832	0	910	824	109
960	832	64	909	828	123
960	832	128	908	828	163
960	832	192	909	829	217
960	832	256	909	828	273
960	832	320	910	829	333
960	832	384	912	830	395
960	832	448	913	831	458
960	832	512	914	832	519
960	832	576	917	833	587
960	832	640	917	832	646
960	832	704	919	833	709
960	832	768	921	833	769
960	832	832	924	835	832
960	832	896	926	835	895
960	832	960	927	834	956
960	832	1023	930	836	1016
960	896	0	913	886	117
960	896	64	912	890	130
960	896	128	911	890	168
960	896	192	912	891	220
960	896	256	912	891	276
960	896	320	914	892	336
960	896	384	915	892	396
960	896	448	915	891	459
960	896	512	916	892	520
960	896	576	918	893	587
960	896	640	919	893	647
960	896	704	922	894	710
960	896	768	924	895	770
960	896	832	926	895	832
960	896	896	928	895	896
960	896	960	930	896	958
960	896	1023	934	897	1018
960	960	0	917	947	125
960	960	64	914	950	138
960	960	128	915	951	174
960	960	192	915	952	225
960	960	256	916	952	279
960	960	320	917	952	338
960	960	384	918	954	399
960	960	448	918	953	461
960	960	512	920	954	522
960	960	576	922	955	589
960	960	640	923	954	649
960	960	704	924	954	711
960	960	768	927	956	771
960	960	832	929	956	834
960	960	896	931	956	897
960	960	960	933	957	959
960	960	1023	937	958	1020
960	1023	0	921	1007	133
960	1023	64	919	1011	145
960	1023	128	919	1012	180
960	1023	192	920	1013	229
960	1023	256	920	1013	283
960	1023	320	921	1013	342
960	1023	384	922	1014	402
960	1023	448	922	1013	464
960	1023	512	924	1013	524
960	1023	576	926	1015	591
960	1023	640	927	1014	651
960	1023	704	928	1014	713
960	1023	768	931	1016	773
960	1023	832	933	1016	836
960	1023	896	935	1015	899
960	1023	960	938	1015	961
960	1023	1023	941	1015	1021
1023	0	0	943	101	0
1023	0	64	941	101	58
1023	0	128	941	102	125
1023	0	192	941	103	190
1023	0	256	942	105	252
1023	0	320	943	108	316
1023	0	384	944	112	379
1023	0	448	945	117	444
1023	0	512	945	121	506
1023	0	576	947	127	574
1023	0	640	949	133	635
1023	0	704	951	139	698
1023	0	768	953	145	758
1023	0	832	956	152	822
1023	0	896	956	159	884
1023	0	960	958	167	947
1023	0	1023	962	174	1007
1023	64	0	943	115	0
1023	64	64	941	116	58
1023	64	128	941	117	125
1023	64	192	942	118	190
1023	64	256	942	120	252
1023	64	320	943	122	316
1023	64	384	944	126	380
1023	64	448	945	130	444
1023	64	512	945	134	506
1023	64	576	948	139	574
1023	64	640	949	144	636
1023	64	704	951	150	698
1023	64	768	953	156	758
1023	64	832	956	162	822
1023	64	896	956	168	884
1023	64	960	959	176	947
1023	64	1023	962	182	1007
1023	128	0	943	157	0
1023	128	64	942	159	59
1023	128	128	941	159	126
1023	128	192	942	161	190
1023	128	256	942	162	252
1023	128	320	943	164	317
1023	128	384	945	167	380
1023	128	448	945	169	444
1023	128	512	946	172	506
1023	128	576	948	176	575
1023	128	640	948	179	635
1023	128	704	951	184	699
1023	128	768	953	189	758
1023	128	832	955	194	821
1023	128	896	957	199	885
1023	128	960	959	205	947
1023	128	1023	962	210	1007
1023	192	0	944	211	0
1023	192	64	942	213	63
1023	192	128	942	213	127
1023	192	192	942	214	191
1023	192	256	943	215	253
1023	192	320	944	216	317
1023	192	384	945	218	380
1023	192	448	945	219	444
1023	192	512	947	222	507
1023	192	576	949	225	575
1023	192	640	949	228	635
1023	192	704	950	231	698
1023	192	768	954	235	759
1023	192	832	956	239	822
1023	192	896	958	242	885
1023	192	960	960	247	947
1023	192	1023	963	251	1008
1023	256	0	944	268	23
1023	256	64	943	270	66
1023	256	128	943	271	129
1023	256	192	943	271	192
1023	256	256	944	272	254
1023	256	320	945	273	318
1023	256	384	946	274	381
1023	256	448	946	276	445
1023	256	512	948	278	507
1023	256	576	950	280	576
1023	256	640	950	282	636
1023	256	704	952	285	699
1023	256	768	954	287	758
1023	256	832	957	290	822
1023	256	896	959	293	886
1023	256	960	961	296	948
1023	256	1023	964	300	1008
1023	320	0	945	328	36
1023	320	64	943	331	70
1023	320	128	943	331	131
1023	320	192	944	332	193
1023	320	256	944	332	255
1023	320	320	945	333	318
1023	320	384	946	334	381
1023	320	448	947	336	446
1023	320	512	948	337	507
1023	320	576	950	338	576
1023	320	640	951	340	636
1023	320	704	953	342	699
1023	320	768	955	344	759
1023	320	832	957	346	822
1023	320	896	958	348	885
1023	320	960	961	351	948
1023	320	1023	964	354	1008
1023	384	0	946	388	45
1023	384	64	945	391	75
1023	384	128	944	392	133
1023	384	192	945	392	195
1023	384	256	946	393	256
1023	384	320	947	394	319
1023	384	384	947	394	382
1023	384	448	948	395	446
1023	384	512	949	396	508
1023	384	576	951	398	576
1023	384	640	952	399	637
1023	384	704	954	400	699
1023	384	768	957	403	760
1023	384	832	959	405	823
1023	384	896	960	406	886
1023	384	960	963	408	949
1023	384	1023	966	411	1009
1023	448	0	947	450	55
1023	448	64	947	453	81
1023	448	128	947	454	136
1023	448	192	947	454	197
1023	448	256	947	454	258
1023	448	320	948	455	320
1023	448	384	949	456	383
1023	448	448	950	457	448
1023	448	512	952	459	510
1023	448	576	954	460	578
1023	448	640	954	461	638
1023	448	704	956	461	701
1023	448	768	958	463	760
1023	448	832	961	465	824
1023	448	896	962	466	887
1023	448	960	964	467	949
1023	448	1023	967	470	1009
1023	512	0	950	513	64
1023	512	64	948	516	88
1023	512	128	948	516	140
1023	512	192	949	517	200
1023	512	256	950	517	260
1023	512	320	950	518	322
1023	512	384	952	519	385
1023	512	448	951	518	448
1023	512	512	953	520	511
1023	512	576	955	521	579
1023	512	640	956	522	639
1023	512	704	957	522	701
1023	512	768	960	525	762
1023	512	832	962	526	825
1023	512	896	964	526	888
1023	512	960	966	528	950
1023	512	1023	969	530	1010
1023	576	0	952	579	74
1023	576	64	951	583	95
1023	576	128	950	582	144
1023	576	192	951	583	202
1023	576	256	951	584	262
1023	576	320	952	584	324
1023	576	384	954	586	386
1023	576	448	955	586	451
1023	576	512	955	586	511
1023	576	576	957	587	579
1023	576	640	958	587	640
1023	576	704	960	589	703
1023	576	768	962	590	763
1023	576	832	964	591	825
1023	576	896	966	592	889
1023	576	960	968	593	951
1023	576	1023	971	594	1011
1023	640	0	954	637	82
1023	640	64	953	642	101
1023	640	128	954	642	148
1023	640	192	953	642	205
1023	640	256	954	642	264
1023	640	320	954	643	325
1023	640	384	956	644	388
1023	640	448	957	644	452
1023	640	512	958	645	514
1023	640	576	960	647	581
1023	640	640	961	647	641
1023	640	704	962	647	704
1023	640	768	964	648	764
1023	640	832	967	650	827
1023	640	896	969	650	891
1023	640	960	971	651	953
1023	640	1023	974	653	1013
1023	704	0	958	702	91
1023	704	64	956	706	108
1023	704	128	956	706	153
1023	704	192	957	707	209
1023	704	256	957	707	267
1023	704	320	958	708	329
1023	704	384	960	709	390
1023	704	448	959	708	454
1023	704	512	961	709	515
1023	704	576	963	710	583
1023	704	640	963	710	643
1023	704	704	965	710	705
1023	704	768	968	712	766
1023	704	832	970	713	829
1023	704	896	972	713	892
1023	704	960	974	714	954
1023	704	1023	977	715	1015
1023	768	0	961	761	99
1023	768	64	960	765	115
1023	768	128	960	765	158
1023	768	192	960	765	213
1023	768	256	960	766	270
1023	768	320	961	766	331
1023	768	384	963	768	392
1023	768	448	964	768	456
1023	768	512	965	769	517
1023	768	576	967	770	585
1023	768	640	968	769	645
1023	768	704	969	770	708
1023	768	768	971	771	768
1023	768	832	974	772	831
1023	768	896	976	772	895
1023	768	960	977	772	956
1023	768	1023	980	773	1016
1023	832	0	964	825	108
1023	832	64	963	829	123
1023	832	128	962	829	163
1023	832	192	963	830	216
1023	832	256	963	830	273
1023	832	320	964	830	333
1023	832	384	965	831	394
1023	832	448	965	830	457
1023	832	512	967	831	518
1023	832	576	969	832	586
1023	832	640	969	832	646
1023	832	704	972	833	709
1023	832	768	974	834	769
1023	832	832	976	835	831
1023	832	896	977	834	895
1023	832	960	980	835	957
1023	832	1023	983	837	1017
1023	896	0	967	887	117
1023	896	64	965	889	130
1023	896	128	965	890	169
1023	896	192	966	891	220
1023	896	256	966	892	276
1023	896	320	967	892	335
1023	896	384	968	893	397
1023	896	448	968	892	459
1023	896	512	970	893	520
1023	896	576	972	894	587
1023	896	640	972	893	647
1023	896	704	974	894	709
1023	896	768	977	896	770
1023	896	832	979	896	833
1023	896	896	980	896	896
1023	896	960	983	897	959
1023	896	1023	986	898	1018
1023	960	0	969	946	125
1023	960	64	968	951	138
1023	960	128	968	952	175
1023	960	192	968	952	224
1023	960	256	970	953	280
1023	960	320	969	952	338
1023	960	384	970	953	398
1023	960	448	971	954	461
1023	960	512	973	955	522
1023	960	576	975	956	589
1023	960	640	976	955	649
1023	960	704	977	955	711
1023	960	768	979	956	770
1023	960	832	982	957	834
1023	960	896	984	957	897
1023	960	960	986	958	960
1023	960	1023	989	959	1020
1023	1023	0	973	1007	133
1023	1023	64	972	1012	145
1023	1023	128	973	1013	180
1023	1023	192	972	1012	229
1023	1023	256	972	1012	282
1023	1023	320	973	1013	341
1023	1023	384	974	1014	401
1023	1023	448	975	1014	464
1023	1023	512	977	1015	525
1023	1023	576	979	1016	592
1023	1023	640	980	1016	651
1023	1023	704	981	1016	714
1023	1023	768	983	1016	773
1023	1023	832	986	1018	836
1023	1023	896	987	1018	900
1023	1023	960	990	1018	963
1023	1023	1023	993	1019	1023
