0	0	0	0	0	0
0	0	64	15	11	63
0	0	128	30	22	127
0	0	192	46	33	191
0	0	256	60	43	253
0	0	320	76	54	317
0	0	384	91	65	381
0	0	448	106	76	445
0	0	512	121	87	508
0	0	576	137	98	575
0	0	640	152	109	636
0	0	704	167	120	700
0	0	768	182	130	762
0	0	832	196	141	824
0	0	896	211	151	886
0	0	960	226	162	948
0	0	1023	240	172	1005
0	64	0	21	63	7
0	64	64	25	64	63
0	64	128	36	66	127
0	64	192	49	70	191
0	64	256	63	75	253
0	64	320	78	81	317
0	64	384	93	88	381
0	64	448	108	96	445
0	64	512	123	105	509
0	64	576	138	114	575
0	64	640	153	123	635
0	64	704	168	133	700
0	64	768	182	142	762
0	64	832	198	151	824
0	64	896	212	161	885
0	64	960	226	171	947
0	64	1023	240	181	1004
0	128	0	43	126	15
0	128	64	45	128	64
0	128	128	51	129	128
0	128	192	61	131	192
0	128	256	72	134	253
0	128	320	85	137	317
0	128	384	99	141	381
0	128	448	113	145	445
0	128	512	127	151	508
0	128	576	142	157	575
0	128	640	156	163	636
0	128	704	171	170	700
0	128	768	185	177	761
0	128	832	200	185	825
0	128	896	214	192	886
0	128	960	229	201	947
0	128	1023	242	209	1005
0	192	0	64	189	22
0	192	64	66	192	66
0	192	128	70	193	129
0	192	192	77	194	192
0	192	256	86	195	253
0	192	320	97	197	318
0	192	384	109	200	382
0	192	448	121	203	446
0	192	512	134	207	509
0	192	576	149	211	575
0	192	640	162	216	636
0	192	704	176	220	701
0	192	768	190	226	762
0	192	832	204	231	825
0	192	896	218	237	886
0	192	960	233	243	948
0	192	1023	246	250	1005
0	256	0	85	250	29
0	256	64	86	253	68
0	256	128	90	254	130
0	256	192	95	255	193
0	256	256	102	256	254
0	256	320	111	258	318
0	256	384	121	260	382
0	256	448	132	262	446
0	256	512	144	265	509
0	256	576	157	268	575
0	256	640	170	271	637
0	256	704	184	275	701
0	256	768	197	279	762
0	256	832	210	284	825
0	256	896	224	287	886
0	256	960	237	292	947
0	256	1023	250	297	1005
0	320	0	106	313	36
0	320	64	108	317	71
0	320	128	110	318	131
0	320	192	114	318	194
0	320	256	120	320	255
0	320	320	128	321	319
0	320	384	137	323	382
0	320	448	146	324	446
0	320	512	157	327	509
0	320	576	169	329	576
0	320	640	181	331	637
0	320	704	193	334	701
0	320	768	206	337	762
0	320	832	219	341	825
0	320	896	232	344	886
0	320	960	245	348	948
0	320	1023	257	352	1006
0	384	0	127	375	43
0	384	64	129	379	74
0	384	128	131	380	133
0	384	192	134	381	195
0	384	256	139	381	256
0	384	320	145	382	319
0	384	384	153	384	383
0	384	448	162	385	447
0	384	512	172	388	510
0	384	576	182	390	577
0	384	640	193	391	637
0	384	704	205	393	702
0	384	768	216	396	763
0	384	832	229	399	826
0	384	896	241	402	887
0	384	960	253	404	948
0	384	1023	265	408	1006
0	448	0	148	438	50
0	448	64	150	442	79
0	448	128	152	443	135
0	448	192	155	445	197
0	448	256	159	445	257
0	448	320	165	446	321
0	448	384	171	448	384
0	448	448	179	448	447
0	448	512	187	450	511
0	448	576	197	452	577
0	448	640	207	453	638
0	448	704	218	455	702
0	448	768	229	458	764
0	448	832	240	460	826
0	448	896	252	462	888
0	448	960	264	464	949
0	448	1023	276	467	1007
0	512	0	170	502	57
0	512	64	172	507	83
0	512	128	173	508	138
0	512	192	176	509	198
0	512	256	179	509	258
0	512	320	184	510	322
0	512	384	190	512	385
0	512	448	197	512	449
0	512	512	205	514	512
0	512	576	214	516	578
0	512	640	222	517	639
0	512	704	232	518	703
0	512	768	242	520	764
0	512	832	254	522	828
0	512	896	264	524	889
0	512	960	276	526	950
0	512	1023	286	527	1007
0	576	0	192	568	65
0	576	64	194	574	88
0	576	128	196	575	141
0	576	192	198	575	200
0	576	256	201	577	260
0	576	320	206	578	323
0	576	384	211	578	386
0	576	448	217	579	450
0	576	512	224	580	513
0	576	576	232	582	579
0	576	640	240	582	639
0	576	704	249	583	704
0	576	768	258	585	765
0	576	832	268	588	828
0	576	896	279	588	889
0	576	960	289	590	951
0	576	1023	300	593	1009
0	640	0	212	628	72
0	640	64	214	633	93
0	640	128	216	634	144
0	640	192	218	635	203
0	640	256	221	636	262
0	640	320	225	637	325
0	640	384	229	638	388
0	640	448	235	638	451
0	640	512	241	639	514
0	640	576	249	641	580
0	640	640	256	641	641
0	640	704	264	643	705
0	640	768	273	644	767
0	640	832	282	645	829
0	640	896	292	646	890
0	640	960	302	648	952
0	640	1023	312	650	1010
0	704	0	234	692	79
0	704	64	236	698	99
0	704	128	238	699	147
0	704	192	239	700	205
0	704	256	242	700	263
0	704	320	245	701	326
0	704	384	250	703	390
0	704	448	255	703	453
0	704	512	261	704	516
0	704	576	268	706	582
0	704	640	274	706	642
0	704	704	282	707	707
0	704	768	290	708	768
0	704	832	299	710	831
0	704	896	308	710	892
0	704	960	317	712	954
0	704	1023	327	713	1012
0	768	0	254	752	86
0	768	64	257	758	104
0	768	128	258	759	151
0	768	192	260	760	208
0	768	256	262	761	266
0	768	320	265	762	329
0	768	384	269	764	392
0	768	448	274	763	454
0	768	512	279	764	517
0	768	576	285	766	583
0	768	640	291	765	644
0	768	704	299	766	708
0	768	768	307	768	770
0	768	832	315	769	832
0	768	896	323	769	893
0	768	960	332	771	955
0	768	1023	341	772	1013
0	832	0	276	815	92
0	832	64	278	822	110
0	832	128	279	823	155
0	832	192	281	823	210
0	832	256	283	825	268
0	832	320	286	825	330
0	832	384	290	826	393
0	832	448	294	827	455
0	832	512	299	828	518
0	832	576	305	829	584
0	832	640	310	829	645
0	832	704	317	829	709
0	832	768	324	830	770
0	832	832	332	832	833
0	832	896	340	832	894
0	832	960	348	833	956
0	832	1023	357	835	1014
0	896	0	296	877	99
0	896	64	299	884	116
0	896	128	300	885	159
0	896	192	301	885	213
0	896	256	303	885	270
0	896	320	306	887	332
0	896	384	310	888	394
0	896	448	314	888	457
0	896	512	318	889	520
0	896	576	324	891	585
0	896	640	329	891	646
0	896	704	335	891	710
0	896	768	342	892	771
0	896	832	350	893	834
0	896	896	357	894	895
0	896	960	365	894	957
0	896	1023	373	896	1015
0	960	0	317	938	106
0	960	64	320	945	122
0	960	128	320	945	163
0	960	192	322	946	216
0	960	256	324	947	273
0	960	320	326	948	334
0	960	384	330	949	396
0	960	448	333	950	458
0	960	512	337	950	521
0	960	576	343	951	586
0	960	640	348	952	647
0	960	704	354	952	711
0	960	768	360	953	772
0	960	832	367	955	835
0	960	896	373	953	896
0	960	960	381	954	958
0	960	1023	389	955	1016
0	1023	0	338	1000	113
0	1023	64	341	1007	128
0	1023	128	341	1008	167
0	1023	192	343	1008	220
0	1023	256	345	1009	275
0	1023	320	347	1010	336
0	1023	384	350	1011	398
0	1023	448	354	1012	460
0	1023	512	357	1012	522
0	1023	576	362	1013	588
0	1023	640	367	1012	648
0	1023	704	372	1014	713
0	1023	768	379	1014	774
0	1023	832	385	1014	836
0	1023	896	391	1014	897
0	1023	960	398	1014	959
0	1023	1023	405	1015	1018
64	0	0	61	5	0
64	0	64	62	12	63
64	0	128	66	22	127
64	0	192	74	33	191
64	0	256	83	43	252
64	0	320	94	54	316
64	0	384	106	65	380
64	0	448	119	76	444
64	0	512	133	87	508
64	0	576	147	98	574
64	0	640	161	109	635
64	0	704	175	120	699
64	0	768	189	130	760
64	0	832	203	141	823
64	0	896	217	151	885
64	0	960	231	162	947
64	0	1023	245	172	1005
64	64	0	63	63	7
64	64	64	64	64	63
64	64	128	68	67	127
64	64	192	75	70	191
64	64	256	84	75	252
64	64	320	95	81	316
64	64	384	107	89	380
64	64	448	120	97	444
64	64	512	134	105	508
64	64	576	148	114	574
64	64	640	161	123	635
64	64	704	176	132	699
64	64	768	190	142	760
64	64	832	204	152	823
64	64	896	218	161	884
64	64	960	232	171	947
64	64	1023	245	181	1004
64	128	0	71	127	14
64	128	64	72	129	64
64	128	128	76	130	128
64	128	192	83	132	191
64	128	256	91	134	252
64	128	320	101	137	317
64	128	384	112	141	381
64	128	448	124	146	444
64	128	512	138	151	508
64	128	576	151	158	574
64	128	640	164	164	635
64	128	704	178	171	699
64	128	768	192	178	760
64	128	832	206	185	824
64	128	896	220	193	885
64	128	960	234	201	946
64	128	1023	247	209	1004
64	192	0	84	190	22
64	192	64	86	193	65
64	192	128	89	193	128
64	192	192	94	194	192
64	192	256	102	196	253
64	192	320	111	198	317
64	192	384	121	201	381
64	192	448	132	204	444
64	192	512	144	207	507
64	192	576	157	212	574
64	192	640	170	216	636
64	192	704	184	221	700
64	192	768	197	226	761
64	192	832	210	232	824
64	192	896	224	237	884
64	192	960	237	244	946
64	192	1023	251	250	1004
64	256	0	100	252	29
64	256	64	101	254	68
64	256	128	104	255	129
64	256	192	109	256	193
64	256	256	115	257	254
64	256	320	123	259	318
64	256	384	132	261	382
64	256	448	142	263	445
64	256	512	154	266	508
64	256	576	166	269	575
64	256	640	178	272	635
64	256	704	191	276	700
64	256	768	203	280	761
64	256	832	217	284	823
64	256	896	229	289	885
64	256	960	243	293	947
64	256	1023	256	298	1005
64	320	0	118	315	36
64	320	64	119	318	71
64	320	128	122	319	131
64	320	192	125	319	193
64	320	256	131	320	254
64	320	320	138	322	318
64	320	384	146	324	382
64	320	448	155	326	445
64	320	512	166	328	509
64	320	576	177	331	575
64	320	640	188	333	636
64	320	704	200	335	700
64	320	768	212	338	761
64	320	832	225	342	824
64	320	896	237	346	885
64	320	960	250	349	947
64	320	1023	263	354	1005
64	384	0	137	377	43
64	384	64	138	380	74
64	384	128	140	381	133
64	384	192	143	382	195
64	384	256	148	383	255
64	384	320	154	384	319
64	384	384	162	386	383
64	384	448	170	387	446
64	384	512	179	388	509
64	384	576	190	391	576
64	384	640	200	393	637
64	384	704	211	395	701
64	384	768	222	398	762
64	384	832	235	401	825
64	384	896	246	403	885
64	384	960	258	406	947
64	384	1023	270	409	1005
64	448	0	156	440	51
64	448	64	158	444	79
64	448	128	160	445	135
64	448	192	163	445	196
64	448	256	167	447	257
64	448	320	172	448	320
64	448	384	179	449	383
64	448	448	186	450	447
64	448	512	194	452	510
64	448	576	204	454	576
64	448	640	213	455	637
64	448	704	224	457	701
64	448	768	234	459	762
64	448	832	246	462	826
64	448	896	257	464	887
64	448	960	269	466	948
64	448	1023	280	469	1006
64	512	0	177	505	58
64	512	64	179	509	83
64	512	128	180	509	137
64	512	192	183	510	198
64	512	256	186	511	258
64	512	320	191	512	321
64	512	384	197	514	385
64	512	448	204	514	448
64	512	512	211	515	511
64	512	576	220	517	577
64	512	640	229	519	638
64	512	704	238	520	703
64	512	768	248	522	764
64	512	832	259	524	827
64	512	896	269	525	887
64	512	960	280	527	949
64	512	1023	291	530	1007
64	576	0	199	572	65
64	576	64	200	576	88
64	576	128	202	577	141
64	576	192	204	577	200
64	576	256	207	578	259
64	576	320	211	579	322
64	576	384	217	580	386
64	576	448	222	581	449
64	576	512	230	582	512
64	576	576	238	584	578
64	576	640	246	585	639
64	576	704	254	586	703
64	576	768	264	587	764
64	576	832	274	590	827
64	576	896	283	591	889
64	576	960	294	592	950
64	576	1023	304	595	1008
64	640	0	219	632	72
64	640	64	220	635	93
64	640	128	221	636	143
64	640	192	223	637	202
64	640	256	226	638	261
64	640	320	230	639	324
64	640	384	235	640	387
64	640	448	240	640	450
64	640	512	246	641	513
64	640	576	254	643	580
64	640	640	261	643	640
64	640	704	270	644	704
64	640	768	278	647	766
64	640	832	288	648	828
64	640	896	297	648	889
64	640	960	307	650	951
64	640	1023	316	652	1009
64	704	0	240	696	79
64	704	64	241	700	99
64	704	128	242	700	147
64	704	192	244	702	205
64	704	256	247	702	263
64	704	320	250	703	326
64	704	384	255	705	389
64	704	448	260	705	452
64	704	512	265	705	514
64	704	576	272	707	581
64	704	640	279	708	642
64	704	704	287	709	706
64	704	768	295	710	767
64	704	832	304	712	830
64	704	896	312	712	890
64	704	960	322	713	952
64	704	1023	331	715	1010
64	768	0	260	756	85
64	768	64	261	760	104
64	768	128	263	761	151
64	768	192	264	761	207
64	768	256	267	763	266
64	768	320	270	764	328
64	768	384	274	765	391
64	768	448	278	765	454
64	768	512	284	766	516
64	768	576	290	768	583
64	768	640	296	768	643
64	768	704	303	769	707
64	768	768	311	770	768
64	768	832	320	772	831
64	768	896	328	772	893
64	768	960	337	773	954
64	768	1023	346	775	1013
64	832	0	281	819	93
64	832	64	283	824	110
64	832	128	284	825	154
64	832	192	285	825	210
64	832	256	287	826	267
64	832	320	290	827	329
64	832	384	294	829	392
64	832	448	298	829	455
64	832	512	303	830	518
64	832	576	309	831	584
64	832	640	315	831	644
64	832	704	322	832	708
64	832	768	329	833	769
64	832	832	336	835	832
64	832	896	344	835	893
64	832	960	353	836	955
64	832	1023	361	838	1013
64	896	0	302	881	100
64	896	64	303	885	116
64	896	128	304	886	158
64	896	192	306	887	213
64	896	256	308	888	270
64	896	320	311	889	331
64	896	384	314	890	393
64	896	448	318	891	456
64	896	512	322	891	518
64	896	576	328	892	584
64	896	640	333	893	645
64	896	704	340	893	709
64	896	768	346	894	770
64	896	832	354	896	833
64	896	896	361	895	893
64	896	960	369	896	955
64	896	1023	377	898	1013
64	960	0	322	942	106
64	960	64	324	947	122
64	960	128	325	947	163
64	960	192	326	948	216
64	960	256	328	949	272
64	960	320	331	950	333
64	960	384	334	951	395
64	960	448	337	951	457
64	960	512	341	952	520
64	960	576	347	953	585
64	960	640	352	953	646
64	960	704	358	955	710
64	960	768	364	955	771
64	960	832	371	956	834
64	960	896	378	956	895
64	960	960	385	957	957
64	960	1023	393	958	1015
64	1023	0	343	1004	113
64	1023	64	345	1009	128
64	1023	128	345	1009	167
64	1023	192	347	1011	219
64	1023	256	349	1011	275
64	1023	320	351	1012	335
64	1023	384	354	1013	397
64	1023	448	357	1013	459
64	1023	512	361	1014	522
64	1023	576	366	1015	587
64	1023	640	371	1015	647
64	1023	704	376	1015	711
64	1023	768	382	1017	773
64	1023	832	389	1017	835
64	1023	896	395	1017	896
64	1023	960	402	1018	959
64	1023	1023	409	1018	1017
128	0	0	120	10	0
128	0	64	120	14	63
128	0	128	122	24	127
128	0	192	126	34	191
128	0	256	131	44	252
128	0	320	138	55	316
128	0	384	146	66	381
128	0	448	155	76	444
128	0	512	165	87	507
128	0	576	177	98	574
128	0	640	187	109	635
128	0	704	199	120	699
128	0	768	211	131	760
128	0	832	224	141	823
128	0	896	237	151	884
128	0	960	249	162	945
128	0	1023	262	172	1003
128	64	0	121	63	6
128	64	64	121	65	63
128	64	128	123	67	127
128	64	192	127	70	191
128	64	256	132	75	252
128	64	320	138	82	316
128	64	384	147	89	380
128	64	448	156	97	444
128	64	512	166	105	508
128	64	576	177	114	574
128	64	640	188	123	635
128	64	704	200	133	699
128	64	768	212	142	760
128	64	832	225	152	823
128	64	896	237	161	885
128	64	960	250	171	946
128	64	1023	262	181	1003
128	128	0	125	128	14
128	128	64	126	129	64
128	128	128	127	130	127
128	128	192	131	132	191
128	128	256	136	134	252
128	128	320	142	138	317
128	128	384	150	142	381
128	128	448	159	146	444
128	128	512	169	151	507
128	128	576	180	158	574
128	128	640	191	164	635
128	128	704	203	171	699
128	128	768	214	178	761
128	128	832	227	185	824
128	128	896	239	192	884
128	128	960	252	201	946
128	128	1023	264	208	1004
128	192	0	132	191	22
128	192	64	133	193	66
128	192	128	135	193	128
128	192	192	138	195	192
128	192	256	143	196	253
128	192	320	149	198	317
128	192	384	157	201	381
128	192	448	164	204	444
128	192	512	174	208	508
128	192	576	185	212	574
128	192	640	195	216	635
128	192	704	207	222	700
128	192	768	219	227	761
128	192	832	230	232	823
128	192	896	243	237	884
128	192	960	255	244	946
128	192	1023	267	250	1003
128	256	0	142	253	29
128	256	64	143	254	68
128	256	128	145	255	129
128	256	192	148	256	192
128	256	256	152	258	254
128	256	320	158	259	317
128	256	384	165	261	381
128	256	448	173	263	445
128	256	512	182	266	508
128	256	576	192	270	575
128	256	640	202	272	635
128	256	704	213	276	700
128	256	768	224	280	761
128	256	832	236	284	823
128	256	896	248	288	885
128	256	960	260	293	946
128	256	1023	271	299	1004
128	320	0	154	316	37
128	320	64	155	318	71
128	320	128	157	319	131
128	320	192	160	320	193
128	320	256	164	321	254
128	320	320	169	322	318
128	320	384	176	324	382
128	320	448	183	326	445
128	320	512	192	328	508
128	320	576	202	331	575
128	320	640	211	333	636
128	320	704	221	336	700
128	320	768	232	339	761
128	320	832	244	342	824
128	320	896	255	346	885
128	320	960	266	349	946
128	320	1023	278	353	1004
128	384	0	169	378	43
128	384	64	169	380	74
128	384	128	171	381	132
128	384	192	174	382	194
128	384	256	178	383	255
128	384	320	182	384	319
128	384	384	188	386	382
128	384	448	195	386	445
128	384	512	203	388	509
128	384	576	212	391	575
128	384	640	221	393	636
128	384	704	231	395	700
128	384	768	241	398	762
128	384	832	252	400	824
128	384	896	263	403	885
128	384	960	274	406	947
128	384	1023	285	410	1005
128	448	0	185	441	50
128	448	64	186	444	78
128	448	128	187	445	135
128	448	192	189	446	196
128	448	256	193	446	256
128	448	320	197	447	320
128	448	384	203	449	383
128	448	448	209	450	447
128	448	512	217	452	510
128	448	576	225	454	576
128	448	640	234	455	637
128	448	704	243	457	701
128	448	768	253	459	762
128	448	832	263	462	825
128	448	896	273	464	886
128	448	960	284	466	948
128	448	1023	295	470	1006
128	512	0	202	506	58
128	512	64	203	508	83
128	512	128	204	509	137
128	512	192	206	510	198
128	512	256	210	511	258
128	512	320	214	512	321
128	512	384	219	513	384
128	512	448	224	514	447
128	512	512	231	515	511
128	512	576	240	517	577
128	512	640	247	518	637
128	512	704	256	519	702
128	512	768	265	522	764
128	512	832	275	523	826
128	512	896	284	525	887
128	512	960	295	527	948
128	512	1023	305	530	1007
128	576	0	221	573	66
128	576	64	222	576	89
128	576	128	223	576	140
128	576	192	225	577	200
128	576	256	228	578	259
128	576	320	232	579	322
128	576	384	237	580	386
128	576	448	242	581	449
128	576	512	248	582	511
128	576	576	256	584	578
128	576	640	263	585	639
128	576	704	271	586	703
128	576	768	279	588	764
128	576	832	289	590	827
128	576	896	297	590	888
128	576	960	307	592	949
128	576	1023	317	594	1007
128	640	0	238	631	72
128	640	64	239	635	93
128	640	128	241	636	143
128	640	192	242	636	202
128	640	256	245	638	261
128	640	320	249	639	324
128	640	384	253	639	387
128	640	448	258	640	450
128	640	512	264	641	513
128	640	576	271	643	579
128	640	640	277	643	640
128	640	704	285	644	704
128	640	768	293	646	765
128	640	832	302	648	828
128	640	896	311	649	889
128	640	960	320	650	951
128	640	1023	329	653	1009
128	704	0	258	697	79
128	704	64	259	700	99
128	704	128	260	701	147
128	704	192	262	701	205
128	704	256	264	702	263
128	704	320	267	704	326
128	704	384	272	704	389
128	704	448	276	704	451
128	704	512	281	706	514
128	704	576	288	707	581
128	704	640	294	708	641
128	704	704	302	709	706
128	704	768	309	711	767
128	704	832	317	711	829
128	704	896	325	712	890
128	704	960	334	713	952
128	704	1023	343	715	1010
128	768	0	276	756	85
128	768	64	278	760	104
128	768	128	279	761	151
128	768	192	280	762	207
128	768	256	282	762	265
128	768	320	286	763	328
128	768	384	290	765	391
128	768	448	293	765	453
128	768	512	299	766	516
128	768	576	305	768	583
128	768	640	311	768	643
128	768	704	318	769	707
128	768	768	325	770	768
128	768	832	333	772	831
128	768	896	340	773	893
128	768	960	349	774	955
128	768	1023	357	776	1012
128	832	0	297	821	93
128	832	64	298	824	110
128	832	128	298	825	154
128	832	192	300	826	210
128	832	256	302	827	267
128	832	320	305	828	329
128	832	384	309	829	392
128	832	448	313	829	455
128	832	512	317	830	517
128	832	576	323	831	583
128	832	640	328	832	644
128	832	704	335	832	708
128	832	768	341	834	769
128	832	832	349	835	832
128	832	896	356	834	892
128	832	960	364	835	954
128	832	1023	372	837	1012
128	896	0	316	881	100
128	896	64	317	886	116
128	896	128	318	886	158
128	896	192	319	887	213
128	896	256	321	888	270
128	896	320	324	889	331
128	896	384	327	890	394
128	896	448	331	891	456
128	896	512	335	891	518
128	896	576	341	892	584
128	896	640	346	892	644
128	896	704	352	894	709
128	896	768	359	895	770
128	896	832	365	895	832
128	896	896	372	896	894
128	896	960	380	897	955
128	896	1023	388	898	1013
128	960	0	335	943	107
128	960	64	336	946	122
128	960	128	337	947	162
128	960	192	338	948	216
128	960	256	341	949	272
128	960	320	343	950	333
128	960	384	346	950	395
128	960	448	349	951	457
128	960	512	354	952	520
128	960	576	359	953	585
128	960	640	363	953	645
128	960	704	369	953	709
128	960	768	376	956	771
128	960	832	382	956	833
128	960	896	388	957	895
128	960	960	395	957	956
128	960	1023	403	959	1014
128	1023	0	355	1004	114
128	1023	64	357	1008	127
128	1023	128	358	1009	167
128	1023	192	359	1010	219
128	1023	256	361	1011	275
128	1023	320	363	1012	335
128	1023	384	366	1013	397
128	1023	448	369	1013	459
128	1023	512	373	1014	521
128	1023	576	378	1016	587
128	1023	640	382	1015	647
128	1023	704	387	1015	711
128	1023	768	393	1016	772
128	1023	832	399	1017	835
128	1023	896	405	1017	896
128	1023	960	412	1018	958
128	1023	1023	419	1018	1017
192	0	0	179	15	0
192	0	64	179	18	63
192	0	128	180	26	127
192	0	192	183	35	191
192	0	256	186	45	252
192	0	320	190	56	316
192	0	384	196	66	380
192	0	448	202	77	444
192	0	512	210	88	507
192	0	576	219	99	573
192	0	640	227	109	634
192	0	704	237	120	699
192	0	768	247	131	760
192	0	832	257	141	822
192	0	896	267	152	884
192	0	960	278	162	945
192	0	1023	289	172	1004
192	64	0	180	64	5
192	64	64	180	66	63
192	64	128	181	67	127
192	64	192	183	71	191
192	64	256	186	76	252
192	64	320	191	82	316
192	64	384	197	89	380
192	64	448	203	97	444
192	64	512	210	105	507
192	64	576	219	115	574
192	64	640	228	123	634
192	64	704	237	133	699
192	64	768	247	143	760
192	64	832	258	151	823
192	64	896	268	162	884
192	64	960	279	171	946
192	64	1023	290	181	1004
192	128	0	182	128	14
192	128	64	182	129	64
192	128	128	183	130	127
192	128	192	186	132	191
192	128	256	189	135	252
192	128	320	194	138	317
192	128	384	199	142	380
192	128	448	205	146	444
192	128	512	213	152	507
192	128	576	222	158	574
192	128	640	230	164	634
192	128	704	239	171	699
192	128	768	249	178	761
192	128	832	259	185	823
192	128	896	269	193	884
192	128	960	281	201	946
192	128	1023	292	209	1004
192	192	0	187	191	22
192	192	64	187	193	65
192	192	128	188	194	128
192	192	192	190	195	191
192	192	256	194	197	253
192	192	320	198	199	317
192	192	384	203	201	380
192	192	448	210	204	444
192	192	512	217	208	507
192	192	576	226	212	574
192	192	640	234	216	634
192	192	704	243	221	699
192	192	768	252	227	760
192	192	832	263	232	823
192	192	896	273	238	884
192	192	960	284	244	946
192	192	1023	294	250	1004
192	256	0	194	252	29
192	256	64	194	255	68
192	256	128	195	255	129
192	256	192	197	256	192
192	256	256	200	257	253
192	256	320	205	259	317
192	256	384	210	261	381
192	256	448	216	264	445
192	256	512	223	266	508
192	256	576	231	270	574
192	256	640	239	272	635
192	256	704	248	276	699
192	256	768	257	280	760
192	256	832	268	285	824
192	256	896	278	289	885
192	256	960	288	294	947
192	256	1023	299	299	1005
192	320	0	203	316	36
192	320	64	203	319	71
192	320	128	204	319	131
192	320	192	206	320	193
192	320	256	209	321	254
192	320	320	213	322	318
192	320	384	219	324	382
192	320	448	224	326	445
192	320	512	231	328	508
192	320	576	239	331	575
192	320	640	246	333	635
192	320	704	255	336	700
192	320	768	264	339	761
192	320	832	274	342	823
192	320	896	284	345	884
192	320	960	294	349	946
192	320	1023	304	353	1004
192	384	0	213	377	43
192	384	64	214	380	74
192	384	128	215	381	132
192	384	192	216	381	194
192	384	256	219	382	254
192	384	320	223	383	318
192	384	384	228	385	382
192	384	448	234	387	446
192	384	512	240	389	509
192	384	576	248	391	575
192	384	640	255	393	636
192	384	704	263	395	700
192	384	768	272	397	761
192	384	832	282	401	824
192	384	896	291	403	885
192	384	960	301	406	947
192	384	1023	311	410	1005
192	448	0	225	441	51
192	448	64	226	445	79
192	448	128	227	444	135
192	448	192	229	446	196
192	448	256	232	447	256
192	448	320	236	448	320
192	448	384	240	449	383
192	448	448	245	450	446
192	448	512	251	451	509
192	448	576	258	454	576
192	448	640	266	455	637
192	448	704	274	457	701
192	448	768	282	459	762
192	448	832	291	461	824
192	448	896	300	463	886
192	448	960	310	466	947
192	448	1023	319	469	1005
192	512	0	239	505	58
192	512	64	240	508	83
192	512	128	241	509	137
192	512	192	243	510	197
192	512	256	246	511	258
192	512	320	249	511	320
192	512	384	253	513	384
192	512	448	258	514	448
192	512	512	264	515	510
192	512	576	271	517	577
192	512	640	277	518	637
192	512	704	285	519	701
192	512	768	293	521	763
192	512	832	302	524	826
192	512	896	310	525	887
192	512	960	320	527	949
192	512	1023	329	530	1006
192	576	0	255	573	65
192	576	64	256	576	88
192	576	128	257	576	140
192	576	192	259	577	200
192	576	256	261	578	259
192	576	320	264	579	322
192	576	384	268	580	385
192	576	448	273	581	448
192	576	512	278	582	511
192	576	576	285	584	578
192	576	640	291	584	638
192	576	704	298	585	702
192	576	768	306	588	764
192	576	832	314	589	826
192	576	896	322	590	888
192	576	960	331	592	949
192	576	1023	340	594	1007
192	640	0	270	632	72
192	640	64	271	635	93
192	640	128	272	636	143
192	640	192	274	637	202
192	640	256	276	637	261
192	640	320	279	638	323
192	640	384	283	640	387
192	640	448	287	640	450
192	640	512	292	641	513
192	640	576	299	643	579
192	640	640	304	643	640
192	640	704	311	644	704
192	640	768	318	646	765
192	640	832	327	648	828
192	640	896	334	649	889
192	640	960	343	650	951
192	640	1023	351	652	1008
192	704	0	287	696	79
192	704	64	288	700	98
192	704	128	289	701	147
192	704	192	290	701	204
192	704	256	293	702	263
192	704	320	296	703	326
192	704	384	299	704	388
192	704	448	303	704	451
192	704	512	308	705	514
192	704	576	314	707	580
192	704	640	319	707	641
192	704	704	326	708	705
192	704	768	332	709	766
192	704	832	340	711	829
192	704	896	348	712	890
192	704	960	356	713	952
192	704	1023	364	715	1010
192	768	0	304	757	86
192	768	64	305	760	104
192	768	128	306	760	150
192	768	192	307	762	207
192	768	256	309	762	265
192	768	320	312	763	327
192	768	384	315	765	390
192	768	448	319	765	453
192	768	512	324	766	516
192	768	576	329	767	582
192	768	640	334	767	642
192	768	704	341	769	707
192	768	768	347	770	768
192	768	832	354	771	830
192	768	896	361	771	891
192	768	960	369	772	953
192	768	1023	377	774	1011
192	832	0	322	820	93
192	832	64	322	823	110
192	832	128	323	825	154
192	832	192	325	825	210
192	832	256	327	826	267
192	832	320	329	827	329
192	832	384	333	828	392
192	832	448	336	828	454
192	832	512	340	829	517
192	832	576	346	831	583
192	832	640	350	830	643
192	832	704	356	831	707
192	832	768	363	833	769
192	832	832	370	834	831
192	832	896	376	834	892
192	832	960	384	835	954
192	832	1023	391	837	1012
192	896	0	339	881	99
192	896	64	340	885	116
192	896	128	341	886	158
192	896	192	342	886	212
192	896	256	344	888	269
192	896	320	346	888	330
192	896	384	350	889	393
192	896	448	353	889	455
192	896	512	357	891	518
192	896	576	362	892	584
192	896	640	367	892	644
192	896	704	372	892	708
192	896	768	378	893	769
192	896	832	385	895	832
192	896	896	391	895	893
192	896	960	398	897	955
192	896	1023	406	898	1013
192	960	0	357	943	107
192	960	64	358	946	122
192	960	128	359	947	162
192	960	192	361	948	215
192	960	256	362	948	272
192	960	320	364	949	332
192	960	384	367	950	394
192	960	448	370	951	457
192	960	512	374	952	519
192	960	576	379	954	585
192	960	640	383	953	645
192	960	704	389	954	709
192	960	768	394	955	770
192	960	832	401	956	833
192	960	896	407	956	894
192	960	960	414	957	956
192	960	1023	421	959	1014
192	1023	0	376	1004	113
192	1023	64	377	1008	128
192	1023	128	378	1009	167
192	1023	192	379	1010	219
192	1023	256	381	1010	274
192	1023	320	383	1011	335
192	1023	384	386	1012	396
192	1023	448	389	1013	459
192	1023	512	392	1014	521
192	1023	576	397	1015	587
192	1023	640	401	1015	647
192	1023	704	406	1015	711
192	1023	768	411	1016	772
192	1023	832	417	1017	835
192	1023	896	423	1017	896
192	1023	960	430	1018	958
192	1023	1023	436	1018	1016
256	0	0	237	20	0
256	0	64	236	22	62
256	0	128	237	29	127
256	0	192	239	37	190
256	0	256	241	46	251
256	0	320	244	57	315
256	0	384	249	67	380
256	0	448	254	78	443
256	0	512	260	88	507
256	0	576	267	99	573
256	0	640	273	110	634
256	0	704	281	120	698
256	0	768	289	131	760
256	0	832	298	142	823
256	0	896	306	152	884
256	0	960	316	163	945
256	0	1023	325	172	1003
256	64	0	237	65	2
256	64	64	237	66	62
256	64	128	238	69	127
256	64	192	239	72	191
256	64	256	242	77	252
256	64	320	245	83	316
256	64	384	250	90	380
256	64	448	254	98	444
256	64	512	260	106	507
256	64	576	267	115	573
256	64	640	274	123	634
256	64	704	281	133	698
256	64	768	289	143	760
256	64	832	298	152	823
256	64	896	307	162	884
256	64	960	317	171	946
256	64	1023	326	181	1003
256	128	0	239	128	13
256	128	64	239	130	63
256	128	128	239	130	127
256	128	192	241	132	191
256	128	256	244	135	252
256	128	320	247	138	316
256	128	384	252	142	380
256	128	448	256	147	443
256	128	512	262	152	507
256	128	576	269	158	574
256	128	640	275	164	634
256	128	704	283	171	698
256	128	768	291	178	759
256	128	832	300	185	823
256	128	896	308	193	884
256	128	960	317	201	945
256	128	1023	327	209	1002
256	192	0	243	191	21
256	192	64	243	193	65
256	192	128	243	193	128
256	192	192	245	195	191
256	192	256	247	196	252
256	192	320	251	199	316
256	192	384	255	202	380
256	192	448	259	204	443
256	192	512	265	208	507
256	192	576	272	212	573
256	192	640	278	216	634
256	192	704	286	222	699
256	192	768	294	227	760
256	192	832	302	232	822
256	192	896	310	238	883
256	192	960	320	244	945
256	192	1023	329	250	1003
256	256	0	248	253	28
256	256	64	247	254	67
256	256	128	248	255	129
256	256	192	250	256	192
256	256	256	253	258	253
256	256	320	256	259	317
256	256	384	260	261	381
256	256	448	264	263	444
256	256	512	270	266	507
256	256	576	277	269	574
256	256	640	283	272	634
256	256	704	290	276	699
256	256	768	298	280	760
256	256	832	306	284	822
256	256	896	315	288	884
256	256	960	324	293	946
256	256	1023	333	298	1003
256	320	0	254	316	36
256	320	64	254	318	70
256	320	128	255	319	130
256	320	192	257	320	193
256	320	256	259	320	253
256	320	320	262	322	317
256	320	384	266	324	381
256	320	448	271	325	444
256	320	512	276	328	508
256	320	576	283	331	574
256	320	640	289	333	635
256	320	704	296	335	699
256	320	768	304	339	760
256	320	832	312	342	823
256	320	896	321	346	885
256	320	960	329	349	946
256	320	1023	339	354	1004
256	384	0	263	378	43
256	384	64	263	381	74
256	384	128	263	381	132
256	384	192	265	382	194
256	384	256	267	382	254
256	384	320	270	384	318
256	384	384	274	385	382
256	384	448	278	386	445
256	384	512	284	388	508
256	384	576	290	391	574
256	384	640	296	392	635
256	384	704	303	395	700
256	384	768	311	398	761
256	384	832	318	400	823
256	384	896	326	402	884
256	384	960	335	405	946
256	384	1023	344	409	1004
256	448	0	272	441	50
256	448	64	273	444	78
256	448	128	274	445	134
256	448	192	275	445	195
256	448	256	277	446	255
256	448	320	280	447	319
256	448	384	284	448	382
256	448	448	288	450	446
256	448	512	293	451	509
256	448	576	299	453	575
256	448	640	305	455	636
256	448	704	311	456	700
256	448	768	319	458	761
256	448	832	327	461	824
256	448	896	335	463	885
256	448	960	343	466	947
256	448	1023	351	469	1005
256	512	0	284	505	57
256	512	64	284	508	83
256	512	128	285	509	137
256	512	192	287	510	197
256	512	256	289	510	257
256	512	320	291	511	320
256	512	384	295	513	384
256	512	448	299	513	447
256	512	512	304	515	510
256	512	576	310	517	576
256	512	640	315	517	637
256	512	704	322	519	701
256	512	768	329	521	762
256	512	832	336	523	825
256	512	896	344	524	886
256	512	960	351	527	948
256	512	1023	360	530	1006
256	576	0	297	572	65
256	576	64	297	576	88
256	576	128	298	576	140
256	576	192	299	577	199
256	576	256	301	577	259
256	576	320	304	578	322
256	576	384	308	580	385
256	576	448	312	580	448
256	576	512	317	582	511
256	576	576	322	584	578
256	576	640	327	584	638
256	576	704	333	585	702
256	576	768	340	587	763
256	576	832	348	590	827
256	576	896	355	590	887
256	576	960	362	592	949
256	576	1023	371	595	1007
256	640	0	310	632	72
256	640	64	310	635	93
256	640	128	311	636	143
256	640	192	312	636	201
256	640	256	314	637	261
256	640	320	317	638	323
256	640	384	320	639	386
256	640	448	324	640	449
256	640	512	328	641	512
256	640	576	334	642	578
256	640	640	339	643	639
256	640	704	345	644	703
256	640	768	352	646	765
256	640	832	358	647	827
256	640	896	365	648	888
256	640	960	373	650	950
256	640	1023	380	652	1008
256	704	0	324	696	79
256	704	64	325	700	98
256	704	128	325	700	147
256	704	192	327	701	204
256	704	256	329	702	263
256	704	320	331	703	325
256	704	384	335	704	388
256	704	448	338	705	451
256	704	512	342	705	514
256	704	576	348	707	580
256	704	640	352	707	640
256	704	704	358	708	705
256	704	768	364	710	766
256	704	832	371	711	828
256	704	896	377	711	890
256	704	960	384	713	951
256	704	1023	392	715	1009
256	768	0	339	756	86
256	768	64	340	760	104
256	768	128	341	761	150
256	768	192	342	761	207
256	768	256	343	762	265
256	768	320	346	763	327
256	768	384	349	764	390
256	768	448	352	764	453
256	768	512	357	766	516
256	768	576	362	767	582
256	768	640	366	767	642
256	768	704	371	768	706
256	768	768	377	769	767
256	768	832	384	771	830
256	768	896	390	772	892
256	768	960	398	773	953
256	768	1023	405	775	1011
256	832	0	355	820	93
256	832	64	356	824	110
256	832	128	356	824	154
256	832	192	357	825	210
256	832	256	359	825	267
256	832	320	361	826	329
256	832	384	364	828	391
256	832	448	367	828	454
256	832	512	371	829	517
256	832	576	376	831	583
256	832	640	381	831	643
256	832	704	386	831	707
256	832	768	391	832	768
256	832	832	398	834	831
256	832	896	404	835	892
256	832	960	410	834	953
256	832	1023	417	836	1011
256	896	0	370	881	100
256	896	64	372	886	116
256	896	128	372	886	158
256	896	192	373	887	212
256	896	256	375	887	269
256	896	320	377	888	330
256	896	384	380	889	393
256	896	448	382	889	455
256	896	512	387	890	517
256	896	576	391	891	583
256	896	640	395	891	643
256	896	704	401	893	708
256	896	768	406	894	769
256	896	832	412	894	831
256	896	896	417	895	893
256	896	960	424	896	955
256	896	1023	431	898	1012
256	960	0	387	943	106
256	960	64	388	946	122
256	960	128	388	947	162
256	960	192	390	948	215
256	960	256	391	948	271
256	960	320	393	949	332
256	960	384	396	951	394
256	960	448	398	950	456
256	960	512	402	951	519
256	960	576	406	953	585
256	960	640	410	952	645
256	960	704	415	953	709
256	960	768	421	955	771
256	960	832	426	956	833
256	960	896	432	956	894
256	960	960	438	956	956
256	960	1023	444	958	1014
256	1023	0	404	1005	114
256	1023	64	405	1008	128
256	1023	128	405	1009	167
256	1023	192	407	1010	219
256	1023	256	408	1011	274
256	1023	320	410	1012	335
256	1023	384	413	1013	396
256	1023	448	415	1012	458
256	1023	512	419	1013	521
256	1023	576	423	1015	586
256	1023	640	426	1014	646
256	1023	704	431	1014	710
256	1023	768	437	1017	772
256	1023	832	442	1017	834
256	1023	896	447	1016	895
256	1023	960	453	1017	958
256	1023	1023	459	1017	1016
320	0	0	296	25	0
320	0	64	296	27	62
320	0	128	296	32	126
320	0	192	298	40	190
320	0	256	300	49	252
320	0	320	302	58	316
320	0	384	306	69	380
320	0	448	309	79	443
320	0	512	314	89	506
320	0	576	320	100	573
320	0	640	325	110	634
320	0	704	331	121	698
320	0	768	338	132	760
320	0	832	345	142	822
320	0	896	352	152	883
320	0	960	360	163	945
320	0	1023	368	173	1003
320	64	0	297	67	0
320	64	64	296	68	62
320	64	128	297	70	127
320	64	192	298	73	190
320	64	256	300	78	252
320	64	320	303	84	316
320	64	384	306	91	380
320	64	448	310	98	443
320	64	512	314	106	506
320	64	576	320	115	573
320	64	640	325	124	633
320	64	704	331	134	698
320	64	768	338	143	760
320	64	832	345	153	822
320	64	896	352	162	884
320	64	960	360	172	945
320	64	1023	368	182	1002
320	128	0	298	129	13
320	128	64	298	130	63
320	128	128	298	131	127
320	128	192	299	133	190
320	128	256	302	135	252
320	128	320	304	139	316
320	128	384	307	143	380
320	128	448	311	147	443
320	128	512	316	152	507
320	128	576	321	159	573
320	128	640	326	164	634
320	128	704	332	171	698
320	128	768	339	178	759
320	128	832	347	185	822
320	128	896	354	193	883
320	128	960	362	201	945
320	128	1023	370	209	1003
320	192	0	301	191	21
320	192	64	301	193	65
320	192	128	301	194	128
320	192	192	302	195	191
320	192	256	304	197	252
320	192	320	307	199	316
320	192	384	310	202	380
320	192	448	314	205	443
320	192	512	319	208	507
320	192	576	324	213	573
320	192	640	329	217	634
320	192	704	335	222	698
320	192	768	341	227	759
320	192	832	349	233	822
320	192	896	356	238	884
320	192	960	364	244	946
320	192	1023	372	251	1003
320	256	0	305	253	28
320	256	64	305	255	67
320	256	128	305	256	129
320	256	192	306	256	192
320	256	256	308	258	253
320	256	320	311	259	317
320	256	384	314	262	381
320	256	448	318	264	444
320	256	512	322	266	507
320	256	576	328	270	574
320	256	640	333	273	635
320	256	704	339	276	699
320	256	768	345	280	760
320	256	832	353	285	823
320	256	896	360	289	884
320	256	960	367	293	945
320	256	1023	375	298	1003
320	320	0	310	316	36
320	320	64	310	318	70
320	320	128	311	319	130
320	320	192	312	320	193
320	320	256	314	321	254
320	320	320	317	323	317
320	320	384	320	325	381
320	320	448	323	326	444
320	320	512	328	328	508
320	320	576	333	331	574
320	320	640	338	333	635
320	320	704	344	335	699
320	320	768	350	339	761
320	320	832	357	342	823
320	320	896	364	346	884
320	320	960	372	349	946
320	320	1023	379	354	1004
320	384	0	317	378	43
320	384	64	317	381	74
320	384	128	318	381	132
320	384	192	319	382	194
320	384	256	320	383	254
320	384	320	323	384	318
320	384	384	326	385	382
320	384	448	329	387	445
320	384	512	334	389	508
320	384	576	340	391	575
320	384	640	344	393	635
320	384	704	350	395	700
320	384	768	356	398	761
320	384	832	363	401	824
320	384	896	370	403	885
320	384	960	377	406	947
320	384	1023	385	410	1005
320	448	0	325	442	50
320	448	64	325	445	78
320	448	128	325	445	134
320	448	192	327	446	196
320	448	256	329	447	256
320	448	320	331	448	319
320	448	384	334	449	383
320	448	448	337	450	446
320	448	512	342	452	509
320	448	576	347	454	575
320	448	640	352	455	636
320	448	704	357	457	700
320	448	768	364	459	762
320	448	832	370	461	824
320	448	896	377	463	885
320	448	960	384	466	947
320	448	1023	391	469	1005
320	512	0	334	506	57
320	512	64	334	509	83
320	512	128	335	509	137
320	512	192	336	510	197
320	512	256	338	510	257
320	512	320	340	511	320
320	512	384	344	513	384
320	512	448	347	514	447
320	512	512	351	515	510
320	512	576	356	517	576
320	512	640	360	518	637
320	512	704	366	519	701
320	512	768	372	521	762
320	512	832	379	524	825
320	512	896	385	525	887
320	512	960	392	528	948
320	512	1023	400	530	1006
320	576	0	345	573	65
320	576	64	345	576	88
320	576	128	346	577	140
320	576	192	347	577	199
320	576	256	349	578	259
320	576	320	351	579	322
320	576	384	354	580	385
320	576	448	357	580	448
320	576	512	361	582	511
320	576	576	366	584	577
320	576	640	371	584	638
320	576	704	376	585	702
320	576	768	382	588	764
320	576	832	388	589	826
320	576	896	394	590	887
320	576	960	401	592	949
320	576	1023	409	594	1007
320	640	0	356	632	72
320	640	64	357	636	93
320	640	128	357	636	143
320	640	192	358	637	202
320	640	256	360	637	260
320	640	320	362	638	323
320	640	384	365	639	386
320	640	448	368	640	449
320	640	512	372	641	512
320	640	576	376	642	578
320	640	640	381	643	639
320	640	704	386	645	703
320	640	768	392	646	765
320	640	832	398	648	828
320	640	896	403	648	888
320	640	960	410	649	950
320	640	1023	417	652	1007
320	704	0	368	696	79
320	704	64	369	700	98
320	704	128	370	701	147
320	704	192	371	701	204
320	704	256	372	701	262
320	704	320	374	702	325
320	704	384	377	704	388
320	704	448	380	704	451
320	704	512	384	705	514
320	704	576	389	707	580
320	704	640	393	707	640
320	704	704	398	708	705
320	704	768	403	709	766
320	704	832	409	712	829
320	704	896	415	712	890
320	704	960	422	714	952
320	704	1023	428	715	1009
320	768	0	382	757	85
320	768	64	382	761	104
320	768	128	383	761	150
320	768	192	384	762	207
320	768	256	385	762	265
320	768	320	387	763	327
320	768	384	390	764	390
320	768	448	393	764	452
320	768	512	397	766	515
320	768	576	401	767	581
320	768	640	405	767	642
320	768	704	410	769	706
320	768	768	415	770	768
320	768	832	421	771	830
320	768	896	426	771	891
320	768	960	433	772	953
320	768	1023	439	775	1011
320	832	0	395	820	92
320	832	64	396	824	110
320	832	128	397	825	154
320	832	192	397	825	209
320	832	256	399	826	267
320	832	320	401	827	329
320	832	384	403	827	391
320	832	448	406	828	454
320	832	512	410	829	516
320	832	576	414	831	582
320	832	640	418	830	643
320	832	704	422	831	707
320	832	768	427	832	768
320	832	832	433	834	831
320	832	896	439	834	892
320	832	960	445	835	954
320	832	1023	451	837	1012
320	896	0	409	881	100
320	896	64	410	886	115
320	896	128	411	886	158
320	896	192	411	886	212
320	896	256	413	887	269
320	896	320	415	888	330
320	896	384	418	889	392
320	896	448	420	889	455
320	896	512	423	891	518
320	896	576	428	892	583
320	896	640	431	892	644
320	896	704	435	892	708
320	896	768	441	893	769
320	896	832	446	895	832
320	896	896	451	895	893
320	896	960	457	896	955
320	896	1023	463	898	1013
320	960	0	423	942	107
320	960	64	424	947	122
320	960	128	425	947	162
320	960	192	426	947	215
320	960	256	427	948	271
320	960	320	429	949	332
320	960	384	432	950	394
320	960	448	434	951	456
320	960	512	437	951	519
320	960	576	441	953	584
320	960	640	445	953	645
320	960	704	449	953	709
320	960	768	454	955	770
320	960	832	460	956	833
320	960	896	464	955	893
320	960	960	470	956	955
320	960	1023	476	958	1013
320	1023	0	439	1005	113
320	1023	64	440	1009	127
320	1023	128	441	1009	167
320	1023	192	441	1010	219
320	1023	256	443	1010	274
320	1023	320	445	1011	334
320	1023	384	447	1012	396
320	1023	448	450	1013	458
320	1023	512	452	1012	520
320	1023	576	456	1014	586
320	1023	640	460	1015	647
320	1023	704	464	1015	711
320	1023	768	468	1016	772
320	1023	832	474	1017	835
320	1023	896	478	1016	895
320	1023	960	484	1016	957
320	1023	1023	489	1017	1015
384	0	0	355	30	0
384	0	64	354	32	62
384	0	128	354	36	126
384	0	192	356	43	190
384	0	256	357	51	251
384	0	320	359	60	315
384	0	384	362	70	380
384	0	448	365	80	443
384	0	512	369	90	507
384	0	576	374	101	573
384	0	640	378	111	634
384	0	704	383	122	698
384	0	768	389	132	759
384	0	832	395	143	822
384	0	896	401	153	884
384	0	960	407	163	945
384	0	1023	414	173	1002
384	64	0	355	68	0
384	64	64	355	69	62
384	64	128	355	71	126
384	64	192	356	74	190
384	64	256	357	79	251
384	64	320	360	85	316
384	64	384	363	92	380
384	64	448	366	99	443
384	64	512	369	107	507
384	64	576	374	116	573
384	64	640	378	125	634
384	64	704	383	135	698
384	64	768	389	144	759
384	64	832	395	153	822
384	64	896	401	163	883
384	64	960	407	173	945
384	64	1023	414	182	1002
384	128	0	356	130	11
384	128	64	356	131	63
384	128	128	356	132	127
384	128	192	357	134	191
384	128	256	359	136	252
384	128	320	361	139	316
384	128	384	364	144	380
384	128	448	367	148	443
384	128	512	370	153	506
384	128	576	375	159	573
384	128	640	380	165	634
384	128	704	385	172	698
384	128	768	390	179	759
384	128	832	396	187	822
384	128	896	402	193	883
384	128	960	409	202	944
384	128	1023	416	210	1002
384	192	0	359	192	20
384	192	64	358	194	65
384	192	128	358	195	128
384	192	192	360	196	191
384	192	256	361	197	252
384	192	320	363	200	316
384	192	384	366	202	380
384	192	448	369	205	443
384	192	512	373	209	507
384	192	576	377	213	573
384	192	640	381	217	634
384	192	704	387	222	698
384	192	768	392	228	760
384	192	832	398	233	822
384	192	896	404	238	883
384	192	960	411	245	945
384	192	1023	417	251	1003
384	256	0	362	253	28
384	256	64	361	255	67
384	256	128	362	256	129
384	256	192	363	257	192
384	256	256	365	258	253
384	256	320	367	260	317
384	256	384	370	262	381
384	256	448	372	264	444
384	256	512	376	267	507
384	256	576	380	270	573
384	256	640	384	273	634
384	256	704	389	276	698
384	256	768	395	281	760
384	256	832	401	285	822
384	256	896	407	289	883
384	256	960	414	294	946
384	256	1023	420	299	1003
384	320	0	366	317	36
384	320	64	366	319	70
384	320	128	366	319	130
384	320	192	367	320	193
384	320	256	369	321	253
384	320	320	371	323	317
384	320	384	374	325	381
384	320	448	377	326	444
384	320	512	380	328	507
384	320	576	385	331	573
384	320	640	389	333	635
384	320	704	394	336	699
384	320	768	399	339	760
384	320	832	406	343	823
384	320	896	411	345	884
384	320	960	417	349	946
384	320	1023	424	354	1003
384	384	0	372	378	43
384	384	64	371	381	73
384	384	128	372	382	132
384	384	192	373	382	194
384	384	256	375	383	254
384	384	320	377	384	318
384	384	384	380	386	382
384	384	448	382	387	445
384	384	512	386	389	508
384	384	576	391	391	575
384	384	640	394	393	635
384	384	704	399	395	699
384	384	768	405	398	761
384	384	832	410	401	823
384	384	896	416	403	885
384	384	960	422	406	946
384	384	1023	429	410	1004
384	448	0	379	442	50
384	448	64	378	445	78
384	448	128	379	445	134
384	448	192	380	446	195
384	448	256	381	446	255
384	448	320	383	448	319
384	448	384	386	449	382
384	448	448	389	450	446
384	448	512	393	452	509
384	448	576	397	454	575
384	448	640	401	455	636
384	448	704	405	457	700
384	448	768	411	459	761
384	448	832	417	462	824
384	448	896	422	464	886
384	448	960	429	467	947
384	448	1023	436	470	1005
384	512	0	387	506	57
384	512	64	386	509	82
384	512	128	387	509	137
384	512	192	388	510	197
384	512	256	390	511	257
384	512	320	391	512	320
384	512	384	394	513	384
384	512	448	396	513	446
384	512	512	400	515	510
384	512	576	405	517	576
384	512	640	408	518	637
384	512	704	413	520	701
384	512	768	419	522	763
384	512	832	424	523	824
384	512	896	429	525	886
384	512	960	436	527	948
384	512	1023	442	530	1006
384	576	0	396	573	65
384	576	64	396	577	88
384	576	128	396	576	140
384	576	192	397	577	199
384	576	256	399	578	259
384	576	320	401	579	322
384	576	384	404	580	385
384	576	448	406	581	448
384	576	512	409	582	511
384	576	576	413	583	577
384	576	640	417	585	638
384	576	704	422	586	702
384	576	768	427	588	763
384	576	832	433	590	826
384	576	896	437	590	887
384	576	960	443	591	948
384	576	1023	450	594	1006
384	640	0	405	632	72
384	640	64	405	636	93
384	640	128	406	636	143
384	640	192	406	636	201
384	640	256	408	638	260
384	640	320	410	638	323
384	640	384	412	639	386
384	640	448	415	640	449
384	640	512	418	641	512
384	640	576	423	643	578
384	640	640	426	643	639
384	640	704	431	644	703
384	640	768	435	646	764
384	640	832	441	648	827
384	640	896	446	648	888
384	640	960	452	650	950
384	640	1023	458	652	1008
384	704	0	416	697	79
384	704	64	417	701	98
384	704	128	417	701	146
384	704	192	418	701	204
384	704	256	419	702	262
384	704	320	421	703	325
384	704	384	424	704	388
384	704	448	426	704	450
384	704	512	429	705	513
384	704	576	434	707	580
384	704	640	437	707	640
384	704	704	441	709	705
384	704	768	446	710	766
384	704	832	451	711	828
384	704	896	456	712	889
384	704	960	462	713	951
384	704	1023	468	715	1009
384	768	0	428	757	85
384	768	64	428	761	104
384	768	128	429	762	150
384	768	192	429	762	207
384	768	256	430	762	265
384	768	320	432	763	327
384	768	384	435	765	390
384	768	448	437	765	452
384	768	512	441	766	515
384	768	576	445	768	581
384	768	640	448	768	642
384	768	704	452	768	706
384	768	768	457	770	767
384	768	832	462	771	830
384	768	896	467	772	892
384	768	960	473	773	953
384	768	1023	479	775	1011
384	832	0	439	821	93
384	832	64	440	824	110
384	832	128	440	825	154
384	832	192	441	825	209
384	832	256	443	826	267
384	832	320	444	827	328
384	832	384	447	828	391
384	832	448	449	828	454
384	832	512	452	829	516
384	832	576	456	830	582
384	832	640	460	831	643
384	832	704	464	832	707
384	832	768	468	833	768
384	832	832	474	835	831
384	832	896	478	834	892
384	832	960	483	835	953
384	832	1023	489	837	1011
384	896	0	452	882	99
384	896	64	453	886	115
384	896	128	453	886	158
384	896	192	454	887	212
384	896	256	455	887	269
384	896	320	457	888	330
384	896	384	459	890	393
384	896	448	461	889	455
384	896	512	464	890	517
384	896	576	468	892	583
384	896	640	471	891	643
384	896	704	475	892	707
384	896	768	480	894	769
384	896	832	485	895	831
384	896	896	489	895	892
384	896	960	495	896	954
384	896	1023	500	898	1012
384	960	0	464	942	106
384	960	64	465	947	122
384	960	128	466	947	162
384	960	192	466	947	215
384	960	256	468	949	271
384	960	320	470	950	332
384	960	384	472	950	394
384	960	448	474	950	456
384	960	512	477	952	519
384	960	576	481	953	584
384	960	640	484	953	645
384	960	704	487	953	709
384	960	768	492	954	769
384	960	832	497	956	833
384	960	896	501	956	894
384	960	960	506	957	956
384	960	1023	512	958	1014
384	1023	0	479	1005	113
384	1023	64	480	1009	127
384	1023	128	480	1010	167
384	1023	192	481	1010	219
384	1023	256	483	1011	274
384	1023	320	484	1012	335
384	1023	384	486	1012	396
384	1023	448	488	1012	458
384	1023	512	491	1013	520
384	1023	576	495	1015	586
384	1023	640	497	1015	647
384	1023	704	501	1015	710
384	1023	768	505	1015	771
384	1023	832	510	1017	834
384	1023	896	514	1017	895
384	1023	960	519	1017	958
384	1023	1023	524	1018	1016
448	0	0	415	35	0
448	0	64	414	37	62
448	0	128	414	40	126
448	0	192	415	47	190
448	0	256	416	54	251
448	0	320	418	63	315
448	0	384	421	72	379
448	0	448	423	82	443
448	0	512	427	92	506
448	0	576	431	103	573
448	0	640	434	112	634
448	0	704	438	123	698
448	0	768	443	133	759
448	0	832	449	144	822
448	0	896	453	154	883
448	0	960	459	164	945
448	0	1023	465	174	1002
448	64	0	415	70	0
448	64	64	415	71	62
448	64	128	415	73	126
448	64	192	416	76	190
448	64	256	417	81	251
448	64	320	418	86	315
448	64	384	421	93	380
448	64	448	423	101	443
448	64	512	427	109	506
448	64	576	431	117	573
448	64	640	434	126	633
448	64	704	438	135	698
448	64	768	443	145	759
448	64	832	449	154	822
448	64	896	454	163	883
448	64	960	460	173	945
448	64	1023	465	183	1002
448	128	0	416	131	9
448	128	64	416	132	63
448	128	128	415	133	127
448	128	192	417	135	190
448	128	256	418	137	251
448	128	320	420	140	316
448	128	384	422	144	380
448	128	448	425	149	443
448	128	512	428	154	506
448	128	576	432	160	573
448	128	640	435	166	634
448	128	704	440	173	698
448	128	768	444	180	759
448	128	832	450	187	822
448	128	896	454	194	883
448	128	960	460	203	944
448	128	1023	466	210	1002
448	192	0	418	193	19
448	192	64	418	195	64
448	192	128	417	195	127
448	192	192	419	197	191
448	192	256	420	198	252
448	192	320	422	200	316
448	192	384	424	203	380
448	192	448	426	206	443
448	192	512	430	209	506
448	192	576	434	214	573
448	192	640	437	218	634
448	192	704	442	223	698
448	192	768	446	228	760
448	192	832	451	233	822
448	192	896	456	239	883
448	192	960	462	245	945
448	192	1023	468	251	1002
448	256	0	421	254	27
448	256	64	420	256	67
448	256	128	420	256	129
448	256	192	421	257	192
448	256	256	423	258	252
448	256	320	424	260	317
448	256	384	427	262	380
448	256	448	429	264	444
448	256	512	432	267	507
448	256	576	436	270	573
448	256	640	439	273	634
448	256	704	444	277	698
448	256	768	449	281	760
448	256	832	454	285	822
448	256	896	459	290	884
448	256	960	465	295	945
448	256	1023	470	300	1003
448	320	0	425	317	35
448	320	64	424	320	70
448	320	128	424	320	130
448	320	192	425	321	193
448	320	256	426	322	253
448	320	320	428	323	317
448	320	384	431	325	381
448	320	448	433	327	444
448	320	512	436	329	508
448	320	576	440	332	574
448	320	640	443	334	634
448	320	704	448	336	699
448	320	768	452	340	760
448	320	832	458	343	823
448	320	896	463	346	884
448	320	960	467	349	945
448	320	1023	474	354	1003
448	384	0	429	379	42
448	384	64	428	381	73
448	384	128	429	382	132
448	384	192	430	383	194
448	384	256	431	383	254
448	384	320	433	384	318
448	384	384	436	386	382
448	384	448	438	387	444
448	384	512	441	389	508
448	384	576	445	392	574
448	384	640	448	393	635
448	384	704	452	395	699
448	384	768	457	398	761
448	384	832	461	401	823
448	384	896	466	403	884
448	384	960	472	406	946
448	384	1023	478	410	1004
448	448	0	435	442	49
448	448	64	435	445	78
448	448	128	435	446	134
448	448	192	436	446	195
448	448	256	437	446	255
448	448	320	439	448	319
448	448	384	441	449	382
448	448	448	443	450	445
448	448	512	447	452	509
448	448	576	451	454	575
448	448	640	454	455	636
448	448	704	458	457	700
448	448	768	462	459	761
448	448	832	468	462	824
448	448	896	472	464	886
448	448	960	478	467	947
448	448	1023	483	470	1005
448	512	0	442	506	57
448	512	64	442	510	82
448	512	128	442	510	137
448	512	192	443	510	197
448	512	256	444	511	257
448	512	320	446	512	320
448	512	384	448	513	383
448	512	448	450	514	446
448	512	512	453	515	510
448	512	576	457	517	576
448	512	640	460	518	636
448	512	704	464	519	700
448	512	768	469	522	762
448	512	832	474	524	824
448	512	896	479	525	886
448	512	960	484	527	947
448	512	1023	489	530	1005
448	576	0	450	573	65
448	576	64	450	577	88
448	576	128	450	577	140
448	576	192	451	578	199
448	576	256	452	578	258
448	576	320	454	579	321
448	576	384	456	580	385
448	576	448	459	581	448
448	576	512	461	582	510
448	576	576	465	584	577
448	576	640	469	585	638
448	576	704	472	586	702
448	576	768	477	588	763
448	576	832	482	590	826
448	576	896	486	590	886
448	576	960	491	592	948
448	576	1023	496	594	1006
448	640	0	458	632	71
448	640	64	458	636	93
448	640	128	459	637	143
448	640	192	459	636	201
448	640	256	460	637	260
448	640	320	462	638	323
448	640	384	464	639	386
448	640	448	466	640	449
448	640	512	469	641	512
448	640	576	473	643	578
448	640	640	476	643	639
448	640	704	480	644	703
448	640	768	484	646	764
448	640	832	489	648	827
448	640	896	494	649	888
448	640	960	499	650	950
448	640	1023	504	653	1008
448	704	0	468	697	78
448	704	64	468	701	98
448	704	128	468	701	146
448	704	192	469	701	204
448	704	256	470	702	262
448	704	320	472	703	325
448	704	384	474	704	388
448	704	448	476	704	450
448	704	512	479	705	513
448	704	576	483	707	580
448	704	640	485	707	640
448	704	704	489	709	705
448	704	768	494	710	766
448	704	832	498	711	828
448	704	896	502	711	889
448	704	960	507	713	951
448	704	1023	513	715	1009
448	768	0	478	757	85
448	768	64	478	761	104
448	768	128	479	762	150
448	768	192	479	762	206
448	768	256	480	762	264
448	768	320	482	763	327
448	768	384	484	764	390
448	768	448	486	765	452
448	768	512	489	766	515
448	768	576	493	767	581
448	768	640	495	768	642
448	768	704	499	768	706
448	768	768	503	769	767
448	768	832	508	771	830
448	768	896	512	772	891
448	768	960	517	773	953
448	768	1023	523	775	1011
448	832	0	488	821	93
448	832	64	489	825	110
448	832	128	489	824	154
448	832	192	490	825	209
448	832	256	491	826	266
448	832	320	492	827	328
448	832	384	495	828	391
448	832	448	497	828	454
448	832	512	499	829	516
448	832	576	503	830	582
448	832	640	506	831	643
448	832	704	509	832	707
448	832	768	514	833	768
448	832	832	518	835	831
448	832	896	521	834	891
448	832	960	526	835	953
448	832	1023	532	837	1011
448	896	0	500	882	99
448	896	64	500	886	115
448	896	128	500	887	158
448	896	192	501	887	212
448	896	256	502	887	269
448	896	320	504	888	330
448	896	384	506	889	392
448	896	448	507	889	454
448	896	512	510	890	517
448	896	576	513	892	583
448	896	640	516	891	643
448	896	704	520	893	708
448	896	768	524	894	769
448	896	832	528	894	831
448	896	896	532	895	892
448	896	960	537	896	954
448	896	1023	542	897	1012
448	960	0	511	943	107
448	960	64	511	947	121
448	960	128	511	947	162
448	960	192	512	948	215
448	960	256	513	948	271
448	960	320	515	949	332
448	960	384	517	951	394
448	960	448	518	950	456
448	960	512	521	951	518
448	960	576	525	953	584
448	960	640	527	952	644
448	960	704	530	953	708
448	960	768	535	955	770
448	960	832	539	956	832
448	960	896	543	956	893
448	960	960	548	957	956
448	960	1023	553	958	1014
448	1023	0	524	1005	113
448	1023	64	524	1009	127
448	1023	128	524	1010	167
448	1023	192	525	1010	218
448	1023	256	526	1010	274
448	1023	320	528	1011	334
448	1023	384	530	1012	395
448	1023	448	531	1012	457
448	1023	512	534	1013	520
448	1023	576	537	1015	586
448	1023	640	540	1014	646
448	1023	704	543	1014	710
448	1023	768	546	1015	771
448	1023	832	551	1016	834
448	1023	896	555	1016	895
448	1023	960	559	1016	957
448	1023	1023	564	1017	1015
512	0	0	473	40	0
512	0	64	472	41	61
512	0	128	473	45	126
512	0	192	473	50	190
512	0	256	474	57	251
512	0	320	476	65	315
512	0	384	478	74	379
512	0	448	480	84	443
512	0	512	483	94	506
512	0	576	487	104	573
512	0	640	489	114	633
512	0	704	493	124	698
512	0	768	497	134	759
512	0	832	502	145	822
512	0	896	506	155	883
512	0	960	511	165	945
512	0	1023	517	175	1003
512	64	0	473	73	0
512	64	64	473	74	62
512	64	128	473	76	126
512	64	192	474	79	190
512	64	256	474	83	251
512	64	320	476	88	315
512	64	384	478	95	379
512	64	448	480	102	443
512	64	512	483	110	506
512	64	576	487	119	573
512	64	640	490	127	633
512	64	704	493	137	697
512	64	768	497	146	759
512	64	832	502	155	822
512	64	896	507	164	883
512	64	960	512	174	945
512	64	1023	517	183	1003
512	128	0	474	132	7
512	128	64	474	133	63
512	128	128	474	134	127
512	128	192	475	136	190
512	128	256	476	138	251
512	128	320	477	141	315
512	128	384	480	145	380
512	128	448	481	150	443
512	128	512	484	155	506
512	128	576	488	161	573
512	128	640	491	167	634
512	128	704	494	174	698
512	128	768	498	180	759
512	128	832	504	188	822
512	128	896	508	195	884
512	128	960	512	203	944
512	128	1023	517	211	1002
512	192	0	476	194	19
512	192	64	476	196	64
512	192	128	475	196	127
512	192	192	477	197	191
512	192	256	477	199	252
512	192	320	479	201	316
512	192	384	481	204	380
512	192	448	483	206	443
512	192	512	486	210	506
512	192	576	489	214	573
512	192	640	492	218	633
512	192	704	496	224	698
512	192	768	500	229	759
512	192	832	504	234	822
512	192	896	509	239	883
512	192	960	513	246	945
512	192	1023	519	252	1003
512	256	0	479	254	27
512	256	64	478	256	67
512	256	128	478	257	129
512	256	192	479	258	192
512	256	256	480	259	253
512	256	320	482	261	317
512	256	384	484	263	380
512	256	448	486	265	444
512	256	512	489	268	507
512	256	576	492	271	573
512	256	640	494	274	634
512	256	704	498	277	698
512	256	768	503	282	760
512	256	832	507	286	822
512	256	896	511	290	884
512	256	960	516	295	945
512	256	1023	522	300	1003
512	320	0	482	317	35
512	320	64	481	320	70
512	320	128	482	321	130
512	320	192	482	321	192
512	320	256	483	322	253
512	320	320	485	323	317
512	320	384	487	325	380
512	320	448	489	327	444
512	320	512	492	329	507
512	320	576	495	332	574
512	320	640	498	334	634
512	320	704	501	337	699
512	320	768	505	340	760
512	320	832	510	344	823
512	320	896	515	347	884
512	320	960	520	351	946
512	320	1023	524	355	1004
512	384	0	486	379	42
512	384	64	485	382	73
512	384	128	485	382	132
512	384	192	486	383	194
512	384	256	487	384	254
512	384	320	489	385	318
512	384	384	491	387	381
512	384	448	492	387	444
512	384	512	495	389	508
512	384	576	499	392	574
512	384	640	502	393	635
512	384	704	506	396	699
512	384	768	510	399	761
512	384	832	514	401	823
512	384	896	518	404	884
512	384	960	522	407	946
512	384	1023	528	410	1004
512	448	0	491	442	49
512	448	64	490	445	78
512	448	128	491	446	134
512	448	192	491	446	195
512	448	256	492	447	255
512	448	320	494	448	318
512	448	384	496	449	382
512	448	448	498	450	445
512	448	512	501	452	509
512	448	576	504	454	575
512	448	640	507	455	636
512	448	704	510	457	700
512	448	768	514	459	761
512	448	832	519	462	824
512	448	896	523	464	885
512	448	960	528	467	947
512	448	1023	533	470	1005
512	512	0	497	507	56
512	512	64	497	510	82
512	512	128	497	510	136
512	512	192	498	511	197
512	512	256	499	511	257
512	512	320	500	512	320
512	512	384	502	513	383
512	512	448	504	514	446
512	512	512	507	515	509
512	512	576	510	517	576
512	512	640	513	518	636
512	512	704	517	520	701
512	512	768	520	522	762
512	512	832	524	524	824
512	512	896	528	525	886
512	512	960	533	527	947
512	512	1023	538	530	1005
512	576	0	504	574	64
512	576	64	504	577	88
512	576	128	504	577	140
512	576	192	505	578	199
512	576	256	506	578	258
512	576	320	507	579	321
512	576	384	509	580	384
512	576	448	512	581	448
512	576	512	514	583	511
512	576	576	518	584	577
512	576	640	520	585	638
512	576	704	523	586	702
512	576	768	527	588	763
512	576	832	532	590	826
512	576	896	536	591	887
512	576	960	540	593	949
512	576	1023	545	594	1006
512	640	0	512	633	72
512	640	64	511	636	93
512	640	128	512	637	143
512	640	192	512	637	201
512	640	256	513	638	260
512	640	320	515	638	323
512	640	384	516	639	386
512	640	448	519	640	449
512	640	512	521	641	512
512	640	576	525	643	578
512	640	640	527	643	639
512	640	704	530	644	702
512	640	768	535	647	765
512	640	832	539	648	827
512	640	896	542	649	888
512	640	960	547	650	950
512	640	1023	552	653	1008
512	704	0	520	698	78
512	704	64	520	701	98
512	704	128	520	701	146
512	704	192	521	702	204
512	704	256	522	702	262
512	704	320	523	703	325
512	704	384	526	704	388
512	704	448	528	705	451
512	704	512	530	705	513
512	704	576	533	707	579
512	704	640	535	707	640
512	704	704	539	709	704
512	704	768	543	710	766
512	704	832	547	711	828
512	704	896	550	712	889
512	704	960	555	713	951
512	704	1023	560	715	1009
512	768	0	529	757	85
512	768	64	529	761	103
512	768	128	530	762	150
512	768	192	530	762	207
512	768	256	531	762	264
512	768	320	532	763	327
512	768	384	535	765	389
512	768	448	536	765	452
512	768	512	539	766	515
512	768	576	542	768	581
512	768	640	545	768	642
512	768	704	548	769	706
512	768	768	551	770	767
512	768	832	556	772	830
512	768	896	560	772	891
512	768	960	564	773	953
512	768	1023	569	775	1011
512	832	0	538	821	93
512	832	64	539	825	109
512	832	128	539	825	154
512	832	192	540	826	209
512	832	256	540	826	266
512	832	320	542	827	328
512	832	384	544	828	391
512	832	448	546	828	453
512	832	512	548	830	516
512	832	576	552	831	582
512	832	640	554	831	643
512	832	704	557	832	707
512	832	768	561	833	768
512	832	832	565	835	831
512	832	896	569	835	892
512	832	960	572	835	953
512	832	1023	577	836	1011
512	896	0	548	882	99
512	896	64	549	887	115
512	896	128	549	887	158
512	896	192	550	887	212
512	896	256	550	888	269
512	896	320	552	888	330
512	896	384	554	890	392
512	896	448	555	889	454
512	896	512	558	890	517
512	896	576	561	892	583
512	896	640	563	891	643
512	896	704	567	893	708
512	896	768	570	894	769
512	896	832	574	895	831
512	896	896	578	895	892
512	896	960	581	896	954
512	896	1023	587	898	1012
512	960	0	559	944	106
512	960	64	559	947	121
512	960	128	559	948	162
512	960	192	560	949	215
512	960	256	561	949	271
512	960	320	562	950	332
512	960	384	564	951	394
512	960	448	565	950	456
512	960	512	568	952	518
512	960	576	571	953	584
512	960	640	573	953	644
512	960	704	576	953	708
512	960	768	580	955	770
512	960	832	584	956	832
512	960	896	588	956	893
512	960	960	592	957	956
512	960	1023	596	958	1013
512	1023	0	571	1006	113
512	1023	64	570	1009	127
512	1023	128	570	1009	166
512	1023	192	571	1010	218
512	1023	256	572	1011	274
512	1023	320	574	1011	334
512	1023	384	576	1013	396
512	1023	448	577	1012	457
512	1023	512	579	1013	520
512	1023	576	582	1015	586
512	1023	640	584	1014	646
512	1023	704	587	1014	710
512	1023	768	592	1016	771
512	1023	832	595	1016	833
512	1023	896	598	1016	895
512	1023	960	602	1016	957
512	1023	1023	607	1016	1015
576	0	0	536	46	0
576	0	64	536	47	61
576	0	128	536	50	126
576	0	192	536	55	190
576	0	256	537	61	251
576	0	320	538	69	315
576	0	384	540	77	379
576	0	448	542	86	443
576	0	512	545	96	506
576	0	576	548	106	572
576	0	640	550	115	633
576	0	704	553	126	697
576	0	768	557	136	759
576	0	832	561	146	822
576	0	896	565	156	883
576	0	960	569	166	945
576	0	1023	574	176	1003
576	64	0	536	75	0
576	64	64	536	77	61
576	64	128	536	78	126
576	64	192	536	81	190
576	64	256	538	85	251
576	64	320	539	90	315
576	64	384	541	97	379
576	64	448	542	104	443
576	64	512	545	112	506
576	64	576	548	120	572
576	64	640	550	129	633
576	64	704	553	138	697
576	64	768	557	147	759
576	64	832	561	156	822
576	64	896	565	166	883
576	64	960	569	175	945
576	64	1023	574	185	1002
576	128	0	537	133	5
576	128	64	537	135	63
576	128	128	537	135	127
576	128	192	537	137	190
576	128	256	538	139	251
576	128	320	539	143	315
576	128	384	542	147	379
576	128	448	543	151	443
576	128	512	546	156	506
576	128	576	549	162	573
576	128	640	551	168	633
576	128	704	554	175	697
576	128	768	558	182	758
576	128	832	562	188	822
576	128	896	566	196	883
576	128	960	570	204	945
576	128	1023	575	212	1003
576	192	0	539	194	17
576	192	64	538	196	64
576	192	128	538	197	127
576	192	192	539	198	191
576	192	256	540	200	251
576	192	320	541	202	316
576	192	384	543	205	380
576	192	448	545	207	443
576	192	512	547	211	506
576	192	576	550	215	572
576	192	640	553	219	634
576	192	704	556	224	698
576	192	768	560	229	759
576	192	832	564	235	822
576	192	896	567	240	883
576	192	960	571	246	945
576	192	1023	575	253	1002
576	256	0	541	255	26
576	256	64	541	257	67
576	256	128	540	258	128
576	256	192	541	259	191
576	256	256	542	260	252
576	256	320	543	261	316
576	256	384	545	263	380
576	256	448	547	266	444
576	256	512	549	268	507
576	256	576	552	272	573
576	256	640	554	274	634
576	256	704	558	278	699
576	256	768	561	282	760
576	256	832	565	286	822
576	256	896	569	290	883
576	256	960	573	295	945
576	256	1023	578	300	1003
576	320	0	544	318	35
576	320	64	543	320	70
576	320	128	543	321	130
576	320	192	544	322	192
576	320	256	544	322	253
576	320	320	546	324	316
576	320	384	548	326	380
576	320	448	549	327	444
576	320	512	552	329	507
576	320	576	555	332	573
576	320	640	557	334	634
576	320	704	560	337	698
576	320	768	564	340	759
576	320	832	568	344	823
576	320	896	572	347	884
576	320	960	576	351	946
576	320	1023	581	355	1003
576	384	0	547	379	42
576	384	64	547	382	73
576	384	128	547	383	132
576	384	192	548	383	194
576	384	256	548	384	254
576	384	320	550	385	317
576	384	384	552	387	381
576	384	448	554	388	445
576	384	512	556	390	507
576	384	576	559	392	574
576	384	640	562	394	635
576	384	704	565	396	699
576	384	768	568	399	761
576	384	832	572	402	823
576	384	896	575	403	884
576	384	960	579	407	945
576	384	1023	584	410	1004
576	448	0	552	443	49
576	448	64	551	446	78
576	448	128	552	446	134
576	448	192	552	446	195
576	448	256	553	448	255
576	448	320	555	449	319
576	448	384	556	450	382
576	448	448	558	451	445
576	448	512	560	452	508
576	448	576	563	455	575
576	448	640	565	456	635
576	448	704	568	457	700
576	448	768	573	461	762
576	448	832	576	463	824
576	448	896	579	464	885
576	448	960	583	467	947
576	448	1023	588	470	1005
576	512	0	557	507	57
576	512	64	557	510	82
576	512	128	557	510	136
576	512	192	558	511	197
576	512	256	559	512	257
576	512	320	560	512	320
576	512	384	561	513	383
576	512	448	564	515	446
576	512	512	565	515	509
576	512	576	569	518	575
576	512	640	571	519	637
576	512	704	574	520	701
576	512	768	578	522	762
576	512	832	582	525	825
576	512	896	584	525	885
576	512	960	588	528	947
576	512	1023	593	530	1005
576	576	0	563	574	64
576	576	64	563	577	88
576	576	128	564	578	140
576	576	192	564	578	199
576	576	256	564	578	258
576	576	320	566	579	321
576	576	384	568	580	384
576	576	448	569	581	447
576	576	512	572	582	510
576	576	576	575	584	577
576	576	640	577	585	637
576	576	704	580	586	701
576	576	768	583	588	762
576	576	832	587	590	825
576	576	896	591	591	887
576	576	960	595	593	949
576	576	1023	600	595	1007
576	640	0	570	633	71
576	640	64	570	637	92
576	640	128	570	637	143
576	640	192	571	638	201
576	640	256	572	638	260
576	640	320	573	639	323
576	640	384	575	640	386
576	640	448	576	640	449
576	640	512	578	641	511
576	640	576	581	643	578
576	640	640	583	643	638
576	640	704	586	644	702
576	640	768	591	647	764
576	640	832	594	648	827
576	640	896	597	649	888
576	640	960	601	650	950
576	640	1023	606	653	1008
576	704	0	578	698	78
576	704	64	578	701	98
576	704	128	578	701	146
576	704	192	579	702	204
576	704	256	579	703	262
576	704	320	581	703	325
576	704	384	582	704	387
576	704	448	584	705	450
576	704	512	587	706	513
576	704	576	590	708	580
576	704	640	592	708	640
576	704	704	594	709	704
576	704	768	598	710	765
576	704	832	602	712	828
576	704	896	605	713	890
576	704	960	608	713	951
576	704	1023	613	715	1009
576	768	0	586	758	85
576	768	64	586	762	104
576	768	128	586	762	150
576	768	192	587	762	206
576	768	256	588	763	264
576	768	320	589	764	327
576	768	384	591	764	389
576	768	448	592	765	452
576	768	512	595	766	515
576	768	576	598	768	581
576	768	640	599	768	642
576	768	704	602	768	706
576	768	768	605	770	767
576	768	832	610	771	830
576	768	896	613	772	891
576	768	960	617	773	953
576	768	1023	621	775	1011
576	832	0	594	821	92
576	832	64	594	825	110
576	832	128	595	826	153
576	832	192	595	826	209
576	832	256	596	826	266
576	832	320	597	827	328
576	832	384	599	828	391
576	832	448	600	828	453
576	832	512	603	829	516
576	832	576	606	831	582
576	832	640	608	831	642
576	832	704	610	832	706
576	832	768	613	833	767
576	832	832	618	835	831
576	832	896	621	835	892
576	832	960	625	836	954
576	832	1023	629	838	1012
576	896	0	603	882	99
576	896	64	603	887	115
576	896	128	603	886	158
576	896	192	604	887	212
576	896	256	605	887	268
576	896	320	606	888	329
576	896	384	608	889	392
576	896	448	609	890	455
576	896	512	611	890	517
576	896	576	614	891	582
576	896	640	617	892	643
576	896	704	619	893	707
576	896	768	622	894	769
576	896	832	626	896	832
576	896	896	628	895	892
576	896	960	632	896	954
576	896	1023	637	897	1012
576	960	0	612	943	107
576	960	64	613	948	121
576	960	128	613	948	162
576	960	192	613	948	215
576	960	256	614	949	271
576	960	320	615	949	332
576	960	384	617	951	394
576	960	448	618	950	456
576	960	512	620	951	518
576	960	576	623	953	584
576	960	640	625	952	644
576	960	704	628	954	709
576	960	768	631	955	770
576	960	832	635	956	832
576	960	896	637	956	893
576	960	960	641	956	955
576	960	1023	645	958	1013
576	1023	0	623	1006	113
576	1023	64	623	1010	127
576	1023	128	623	1010	166
576	1023	192	624	1011	218
576	1023	256	625	1011	274
576	1023	320	626	1012	334
576	1023	384	628	1013	395
576	1023	448	628	1012	457
576	1023	512	631	1013	520
576	1023	576	634	1015	585
576	1023	640	635	1014	645
576	1023	704	639	1015	710
576	1023	768	642	1016	771
576	1023	832	645	1016	833
576	1023	896	647	1016	895
576	1023	960	651	1016	957
576	1023	1023	655	1017	1015
640	0	0	593	51	0
640	0	64	591	51	61
640	0	128	592	54	126
640	0	192	592	59	190
640	0	256	593	64	251
640	0	320	594	72	315
640	0	384	596	80	379
640	0	448	597	89	443
640	0	512	599	98	506
640	0	576	602	108	572
640	0	640	604	117	633
640	0	704	607	128	697
640	0	768	611	137	759
640	0	832	614	147	822
640	0	896	617	157	883
640	0	960	621	167	945
640	0	1023	625	177	1003
640	64	0	593	78	0
640	64	64	592	79	61
640	64	128	592	81	126
640	64	192	592	84	190
640	64	256	593	88	251
640	64	320	595	93	315
640	64	384	596	99	379
640	64	448	598	107	443
640	64	512	600	113	506
640	64	576	603	122	573
640	64	640	605	130	633
640	64	704	607	139	697
640	64	768	611	149	760
640	64	832	614	157	822
640	64	896	618	167	883
640	64	960	622	176	945
640	64	1023	626	186	1003
640	128	0	593	135	0
640	128	64	593	136	62
640	128	128	593	137	126
640	128	192	593	139	190
640	128	256	594	141	252
640	128	320	595	144	315
640	128	384	597	148	379
640	128	448	598	153	443
640	128	512	600	157	506
640	128	576	604	163	573
640	128	640	605	169	633
640	128	704	608	176	697
640	128	768	611	183	759
640	128	832	615	190	822
640	128	896	618	197	883
640	128	960	622	205	945
640	128	1023	627	212	1003
640	192	0	595	195	16
640	192	64	594	198	64
640	192	128	594	198	127
640	192	192	594	199	191
640	192	256	595	201	252
640	192	320	596	203	316
640	192	384	598	206	380
640	192	448	600	209	443
640	192	512	602	212	507
640	192	576	605	216	573
640	192	640	607	220	634
640	192	704	609	225	698
640	192	768	613	230	759
640	192	832	617	236	822
640	192	896	620	241	884
640	192	960	624	247	946
640	192	1023	628	254	1003
640	256	0	597	256	24
640	256	64	596	258	66
640	256	128	596	258	128
640	256	192	597	260	191
640	256	256	597	261	252
640	256	320	599	262	316
640	256	384	601	265	380
640	256	448	602	267	444
640	256	512	604	269	506
640	256	576	607	272	573
640	256	640	609	276	634
640	256	704	612	279	699
640	256	768	615	283	760
640	256	832	619	288	823
640	256	896	621	291	884
640	256	960	625	296	945
640	256	1023	629	301	1003
640	320	0	599	319	33
640	320	64	599	321	69
640	320	128	599	322	130
640	320	192	599	323	192
640	320	256	600	324	253
640	320	320	601	325	317
640	320	384	603	327	380
640	320	448	604	328	444
640	320	512	606	330	507
640	320	576	610	333	574
640	320	640	611	335	634
640	320	704	614	338	698
640	320	768	617	341	759
640	320	832	621	345	823
640	320	896	624	348	884
640	320	960	628	352	946
640	320	1023	632	356	1004
640	384	0	603	380	41
640	384	64	602	383	73
640	384	128	602	384	132
640	384	192	603	385	194
640	384	256	603	385	254
640	384	320	605	386	318
640	384	384	606	388	381
640	384	448	608	389	445
640	384	512	610	391	508
640	384	576	613	393	574
640	384	640	615	395	635
640	384	704	617	397	699
640	384	768	620	400	760
640	384	832	624	403	824
640	384	896	627	405	885
640	384	960	630	407	946
640	384	1023	634	411	1004
640	448	0	607	444	48
640	448	64	606	446	77
640	448	128	606	447	134
640	448	192	607	448	195
640	448	256	608	448	255
640	448	320	609	450	319
640	448	384	611	451	382
640	448	448	612	452	445
640	448	512	614	453	508
640	448	576	617	455	575
640	448	640	618	456	635
640	448	704	621	458	699
640	448	768	625	461	762
640	448	832	628	463	824
640	448	896	631	465	885
640	448	960	635	468	947
640	448	1023	639	471	1005
640	512	0	612	507	56
640	512	64	611	511	82
640	512	128	611	511	136
640	512	192	612	512	197
640	512	256	612	512	256
640	512	320	614	513	320
640	512	384	616	514	383
640	512	448	617	515	446
640	512	512	619	517	510
640	512	576	622	519	576
640	512	640	624	520	637
640	512	704	626	521	701
640	512	768	629	523	762
640	512	832	633	525	825
640	512	896	636	527	887
640	512	960	640	529	948
640	512	1023	643	531	1005
640	576	0	617	574	64
640	576	64	617	578	87
640	576	128	617	578	139
640	576	192	617	578	199
640	576	256	619	580	258
640	576	320	620	580	321
640	576	384	621	581	384
640	576	448	622	582	447
640	576	512	625	583	511
640	576	576	628	585	577
640	576	640	629	585	637
640	576	704	632	587	702
640	576	768	635	588	763
640	576	832	639	591	826
640	576	896	642	592	887
640	576	960	645	593	949
640	576	1023	649	596	1007
640	640	0	623	634	70
640	640	64	623	638	92
640	640	128	623	637	142
640	640	192	624	638	201
640	640	256	625	639	260
640	640	320	625	639	323
640	640	384	627	641	386
640	640	448	628	640	448
640	640	512	631	642	512
640	640	576	633	644	578
640	640	640	635	644	638
640	640	704	638	646	703
640	640	768	641	647	764
640	640	832	644	648	827
640	640	896	647	649	888
640	640	960	651	651	950
640	640	1023	655	653	1008
640	704	0	631	698	78
640	704	64	631	702	97
640	704	128	631	703	146
640	704	192	631	703	203
640	704	256	632	703	262
640	704	320	633	704	325
640	704	384	635	705	388
640	704	448	636	705	450
640	704	512	638	707	513
640	704	576	641	708	580
640	704	640	643	708	640
640	704	704	645	709	704
640	704	768	648	711	765
640	704	832	652	713	829
640	704	896	655	713	890
640	704	960	658	715	952
640	704	1023	663	717	1010
640	768	0	639	759	85
640	768	64	638	762	103
640	768	128	638	763	150
640	768	192	639	764	206
640	768	256	639	764	264
640	768	320	641	765	327
640	768	384	643	766	390
640	768	448	643	766	452
640	768	512	645	767	515
640	768	576	648	768	581
640	768	640	650	768	642
640	768	704	652	769	706
640	768	768	656	771	768
640	768	832	659	772	830
640	768	896	662	773	891
640	768	960	665	774	953
640	768	1023	669	776	1011
640	832	0	646	822	92
640	832	64	646	826	109
640	832	128	646	826	154
640	832	192	646	826	209
640	832	256	647	827	266
640	832	320	648	827	328
640	832	384	650	828	391
640	832	448	651	829	453
640	832	512	653	830	516
640	832	576	655	831	582
640	832	640	657	831	642
640	832	704	659	832	706
640	832	768	663	833	768
640	832	832	667	835	831
640	832	896	669	835	892
640	832	960	673	836	954
640	832	1023	677	838	1012
640	896	0	654	883	99
640	896	64	653	887	115
640	896	128	654	888	157
640	896	192	654	888	211
640	896	256	655	888	268
640	896	320	656	889	330
640	896	384	658	890	392
640	896	448	659	891	455
640	896	512	661	892	517
640	896	576	664	893	583
640	896	640	666	893	644
640	896	704	668	893	708
640	896	768	671	894	769
640	896	832	674	896	832
640	896	896	677	897	893
640	896	960	681	898	955
640	896	1023	685	899	1013
640	960	0	662	944	106
640	960	64	663	949	121
640	960	128	662	949	162
640	960	192	663	949	215
640	960	256	663	949	271
640	960	320	665	950	332
640	960	384	666	951	394
640	960	448	668	952	456
640	960	512	669	952	518
640	960	576	672	953	584
640	960	640	674	954	645
640	960	704	676	955	709
640	960	768	679	955	770
640	960	832	683	958	833
640	960	896	685	956	894
640	960	960	688	957	955
640	960	1023	692	959	1013
640	1023	0	672	1007	113
640	1023	64	672	1011	127
640	1023	128	671	1010	166
640	1023	192	672	1011	218
640	1023	256	673	1012	273
640	1023	320	674	1012	334
640	1023	384	676	1013	396
640	1023	448	677	1014	458
640	1023	512	679	1014	520
640	1023	576	681	1015	585
640	1023	640	683	1014	646
640	1023	704	686	1016	710
640	1023	768	689	1017	772
640	1023	832	691	1017	833
640	1023	896	694	1017	895
640	1023	960	697	1017	957
640	1023	1023	701	1017	1015
704	0	0	651	56	0
704	0	64	650	57	60
704	0	128	650	59	125
704	0	192	650	63	189
704	0	256	651	68	251
704	0	320	652	75	315
704	0	384	654	83	379
704	0	448	655	91	442
704	0	512	657	100	505
704	0	576	660	110	572
704	0	640	661	119	633
704	0	704	664	129	698
704	0	768	667	139	759
704	0	832	670	148	821
704	0	896	673	158	882
704	0	960	676	169	945
704	0	1023	680	178	1002
704	64	0	651	82	0
704	64	64	651	83	60
704	64	128	650	84	125
704	64	192	651	87	190
704	64	256	652	91	251
704	64	320	652	96	315
704	64	384	654	102	379
704	64	448	655	108	442
704	64	512	658	115	506
704	64	576	660	124	572
704	64	640	662	132	633
704	64	704	665	141	698
704	64	768	668	150	759
704	64	832	670	158	821
704	64	896	673	168	883
704	64	960	676	178	944
704	64	1023	680	187	1002
704	128	0	652	137	0
704	128	64	651	138	61
704	128	128	651	139	126
704	128	192	652	140	190
704	128	256	652	142	251
704	128	320	653	146	315
704	128	384	655	150	379
704	128	448	656	154	442
704	128	512	658	159	505
704	128	576	661	164	572
704	128	640	662	170	633
704	128	704	664	177	697
704	128	768	668	184	759
704	128	832	671	191	821
704	128	896	673	198	883
704	128	960	677	206	945
704	128	1023	681	214	1002
704	192	0	653	196	12
704	192	64	652	198	63
704	192	128	652	199	127
704	192	192	652	200	190
704	192	256	654	202	251
704	192	320	655	204	316
704	192	384	656	206	379
704	192	448	657	209	443
704	192	512	659	213	506
704	192	576	662	217	573
704	192	640	663	221	633
704	192	704	666	226	698
704	192	768	669	231	759
704	192	832	672	236	821
704	192	896	675	242	883
704	192	960	678	248	945
704	192	1023	682	254	1003
704	256	0	655	256	23
704	256	64	654	259	65
704	256	128	654	259	128
704	256	192	654	260	191
704	256	256	655	261	252
704	256	320	656	263	316
704	256	384	658	265	380
704	256	448	659	267	443
704	256	512	661	269	506
704	256	576	664	273	573
704	256	640	666	276	634
704	256	704	668	279	698
704	256	768	670	284	759
704	256	832	675	288	822
704	256	896	677	292	884
704	256	960	681	297	946
704	256	1023	684	302	1004
704	320	0	657	319	32
704	320	64	657	322	69
704	320	128	656	322	129
704	320	192	657	323	192
704	320	256	657	324	253
704	320	320	659	325	316
704	320	384	660	327	380
704	320	448	661	328	443
704	320	512	663	330	506
704	320	576	666	333	573
704	320	640	667	335	634
704	320	704	670	339	698
704	320	768	673	342	760
704	320	832	676	345	822
704	320	896	679	348	883
704	320	960	682	352	946
704	320	1023	686	356	1004
704	384	0	660	380	39
704	384	64	659	383	72
704	384	128	660	384	131
704	384	192	660	384	193
704	384	256	661	386	254
704	384	320	661	386	317
704	384	384	663	388	381
704	384	448	664	389	444
704	384	512	667	391	507
704	384	576	669	393	574
704	384	640	671	395	634
704	384	704	673	397	699
704	384	768	676	399	760
704	384	832	679	403	823
704	384	896	682	405	884
704	384	960	685	408	946
704	384	1023	689	412	1004
704	448	0	664	444	48
704	448	64	663	447	76
704	448	128	663	447	133
704	448	192	664	448	195
704	448	256	665	449	255
704	448	320	666	450	318
704	448	384	667	451	382
704	448	448	669	452	445
704	448	512	670	453	508
704	448	576	673	455	574
704	448	640	675	457	636
704	448	704	677	459	700
704	448	768	680	461	761
704	448	832	684	464	824
704	448	896	685	465	885
704	448	960	688	467	947
704	448	1023	692	471	1005
704	512	0	668	508	55
704	512	64	668	511	81
704	512	128	668	511	136
704	512	192	668	512	196
704	512	256	670	513	257
704	512	320	670	513	319
704	512	384	672	514	383
704	512	448	673	515	446
704	512	512	675	517	509
704	512	576	677	519	575
704	512	640	679	519	636
704	512	704	681	521	700
704	512	768	684	523	762
704	512	832	688	525	825
704	512	896	690	527	886
704	512	960	694	529	948
704	512	1023	697	532	1006
704	576	0	674	575	63
704	576	64	674	579	86
704	576	128	673	579	139
704	576	192	674	579	199
704	576	256	675	580	258
704	576	320	676	580	321
704	576	384	677	581	384
704	576	448	678	582	447
704	576	512	680	583	510
704	576	576	683	585	576
704	576	640	684	585	637
704	576	704	687	587	702
704	576	768	690	589	763
704	576	832	692	590	825
704	576	896	695	591	886
704	576	960	698	593	948
704	576	1023	702	596	1006
704	640	0	679	633	70
704	640	64	679	637	92
704	640	128	679	638	142
704	640	192	679	638	201
704	640	256	680	638	260
704	640	320	681	639	322
704	640	384	682	640	385
704	640	448	684	641	448
704	640	512	686	642	512
704	640	576	689	644	578
704	640	640	690	644	638
704	640	704	692	645	702
704	640	768	695	647	764
704	640	832	698	649	827
704	640	896	701	650	888
704	640	960	704	651	950
704	640	1023	708	654	1008
704	704	0	685	697	77
704	704	64	685	702	97
704	704	128	685	702	145
704	704	192	685	702	203
704	704	256	687	703	262
704	704	320	688	704	324
704	704	384	689	704	387
704	704	448	690	705	450
704	704	512	692	706	513
704	704	576	695	708	579
704	704	640	696	708	639
704	704	704	698	708	703
704	704	768	701	710	765
704	704	832	705	712	828
704	704	896	707	713	889
704	704	960	710	714	951
704	704	1023	714	716	1009
704	768	0	693	758	84
704	768	64	693	762	103
704	768	128	692	762	149
704	768	192	693	763	206
704	768	256	694	763	264
704	768	320	695	764	326
704	768	384	696	765	389
704	768	448	698	766	452
704	768	512	699	766	514
704	768	576	701	767	580
704	768	640	704	769	642
704	768	704	706	769	706
704	768	768	709	771	767
704	768	832	712	772	830
704	768	896	713	771	890
704	768	960	717	773	953
704	768	1023	720	775	1011
704	832	0	700	822	91
704	832	64	699	825	109
704	832	128	699	826	153
704	832	192	700	827	209
704	832	256	701	827	266
704	832	320	702	827	328
704	832	384	703	829	391
704	832	448	704	828	453
704	832	512	706	829	515
704	832	576	709	831	581
704	832	640	710	831	642
704	832	704	712	831	706
704	832	768	716	834	768
704	832	832	718	834	830
704	832	896	720	835	891
704	832	960	724	836	953
704	832	1023	727	838	1011
704	896	0	707	883	99
704	896	64	707	887	114
704	896	128	707	888	157
704	896	192	707	888	211
704	896	256	708	889	268
704	896	320	709	889	330
704	896	384	710	890	391
704	896	448	711	890	454
704	896	512	713	891	516
704	896	576	716	893	582
704	896	640	717	892	643
704	896	704	719	893	707
704	896	768	722	894	768
704	896	832	725	896	831
704	896	896	728	896	892
704	896	960	731	897	954
704	896	1023	735	899	1012
704	960	0	715	943	105
704	960	64	714	948	121
704	960	128	715	949	161
704	960	192	715	949	214
704	960	256	716	949	270
704	960	320	716	949	331
704	960	384	718	951	393
704	960	448	719	951	455
704	960	512	721	952	518
704	960	576	724	954	584
704	960	640	725	954	644
704	960	704	727	954	708
704	960	768	730	955	769
704	960	832	733	957	832
704	960	896	735	957	894
704	960	960	739	958	956
704	960	1023	742	959	1014
704	1023	0	723	1006	113
704	1023	64	724	1010	126
704	1023	128	724	1011	166
704	1023	192	724	1011	218
704	1023	256	724	1011	273
704	1023	320	725	1011	333
704	1023	384	727	1013	395
704	1023	448	728	1013	457
704	1023	512	730	1014	520
704	1023	576	733	1016	586
704	1023	640	734	1015	646
704	1023	704	736	1015	710
704	1023	768	739	1016	771
704	1023	832	742	1018	834
704	1023	896	744	1017	895
704	1023	960	747	1018	957
704	1023	1023	751	1017	1016
768	0	0	708	61	0
768	0	64	707	61	60
768	0	128	707	63	125
768	0	192	707	67	189
768	0	256	708	72	251
768	0	320	709	79	315
768	0	384	710	86	379
768	0	448	711	94	442
768	0	512	714	103	506
768	0	576	716	112	572
768	0	640	717	121	633
768	0	704	720	131	697
768	0	768	722	140	759
768	0	832	726	150	822
768	0	896	728	160	883
768	0	960	731	170	945
768	0	1023	734	179	1002
768	64	0	708	85	0
768	64	64	707	85	60
768	64	128	707	87	126
768	64	192	707	90	189
768	64	256	708	93	251
768	64	320	709	98	315
768	64	384	711	104	379
768	64	448	711	111	442
768	64	512	714	118	506
768	64	576	716	125	572
768	64	640	718	133	633
768	64	704	719	143	697
768	64	768	722	152	758
768	64	832	726	160	822
768	64	896	728	169	883
768	64	960	731	178	945
768	64	1023	734	187	1002
768	128	0	709	138	0
768	128	64	708	139	61
768	128	128	707	140	126
768	128	192	708	142	190
768	128	256	709	144	251
768	128	320	710	147	315
768	128	384	711	151	379
768	128	448	712	155	443
768	128	512	714	160	505
768	128	576	716	166	572
768	128	640	718	171	633
768	128	704	720	178	697
768	128	768	723	185	759
768	128	832	727	192	822
768	128	896	728	199	882
768	128	960	731	207	945
768	128	1023	735	215	1002
768	192	0	710	198	8
768	192	64	709	199	63
768	192	128	709	200	127
768	192	192	709	201	190
768	192	256	710	203	251
768	192	320	711	205	315
768	192	384	712	207	379
768	192	448	713	210	442
768	192	512	715	214	506
768	192	576	717	218	572
768	192	640	718	222	633
768	192	704	722	227	698
768	192	768	724	232	759
768	192	832	727	237	821
768	192	896	729	243	882
768	192	960	732	248	945
768	192	1023	736	255	1003
768	256	0	712	257	21
768	256	64	710	259	65
768	256	128	711	260	128
768	256	192	711	261	191
768	256	256	712	262	252
768	256	320	713	264	316
768	256	384	714	266	380
768	256	448	715	268	443
768	256	512	717	270	506
768	256	576	719	274	573
768	256	640	720	276	633
768	256	704	722	280	697
768	256	768	726	284	760
768	256	832	729	288	822
768	256	896	731	292	883
768	256	960	734	298	945
768	256	1023	738	302	1003
768	320	0	714	320	31
768	320	64	713	322	68
768	320	128	712	323	129
768	320	192	713	324	192
768	320	256	713	324	252
768	320	320	715	326	316
768	320	384	716	327	380
768	320	448	717	329	443
768	320	512	719	331	507
768	320	576	722	334	573
768	320	640	723	336	634
768	320	704	725	339	698
768	320	768	727	342	759
768	320	832	731	346	822
768	320	896	733	349	884
768	320	960	735	352	945
768	320	1023	739	356	1003
768	384	0	716	381	39
768	384	64	715	384	71
768	384	128	715	384	131
768	384	192	716	385	193
768	384	256	716	385	253
768	384	320	717	387	317
768	384	384	719	388	381
768	384	448	720	389	444
768	384	512	721	391	507
768	384	576	724	393	573
768	384	640	725	395	634
768	384	704	727	397	698
768	384	768	731	400	760
768	384	832	733	402	823
768	384	896	735	405	884
768	384	960	738	409	946
768	384	1023	742	412	1004
768	448	0	719	444	48
768	448	64	719	447	76
768	448	128	719	448	133
768	448	192	719	448	195
768	448	256	720	449	254
768	448	320	721	450	318
768	448	384	722	451	382
768	448	448	723	452	445
768	448	512	725	454	508
768	448	576	728	456	574
768	448	640	729	457	635
768	448	704	731	458	699
768	448	768	733	461	760
768	448	832	737	464	824
768	448	896	739	466	885
768	448	960	742	468	947
768	448	1023	746	471	1005
768	512	0	724	508	54
768	512	64	723	511	81
768	512	128	723	511	136
768	512	192	724	512	196
768	512	256	724	513	256
768	512	320	725	513	319
768	512	384	727	515	383
768	512	448	727	515	446
768	512	512	729	516	509
768	512	576	732	518	575
768	512	640	733	519	636
768	512	704	734	520	700
768	512	768	738	523	762
768	512	832	741	525	824
768	512	896	743	526	885
768	512	960	746	528	947
768	512	1023	750	531	1005
768	576	0	729	575	63
768	576	64	728	578	86
768	576	128	727	578	139
768	576	192	728	579	199
768	576	256	729	579	258
768	576	320	730	580	320
768	576	384	731	581	384
768	576	448	732	582	447
768	576	512	734	583	510
768	576	576	737	585	576
768	576	640	738	586	637
768	576	704	740	587	701
768	576	768	743	589	762
768	576	832	746	591	826
768	576	896	747	591	886
768	576	960	750	593	948
768	576	1023	754	595	1006
768	640	0	733	633	69
768	640	64	733	637	92
768	640	128	733	637	142
768	640	192	733	638	200
768	640	256	734	639	260
768	640	320	735	640	322
768	640	384	736	640	385
768	640	448	737	641	448
768	640	512	739	642	511
768	640	576	742	644	577
768	640	640	743	644	638
768	640	704	745	645	702
768	640	768	748	646	763
768	640	832	751	649	826
768	640	896	753	650	888
768	640	960	756	651	950
768	640	1023	760	653	1008
768	704	0	740	698	77
768	704	64	740	702	97
768	704	128	739	702	145
768	704	192	740	703	203
768	704	256	740	703	261
768	704	320	741	704	324
768	704	384	743	705	387
768	704	448	743	705	450
768	704	512	745	706	512
768	704	576	748	707	578
768	704	640	749	707	639
768	704	704	752	710	704
768	704	768	754	711	765
768	704	832	756	712	827
768	704	896	758	712	889
768	704	960	762	714	951
768	704	1023	765	716	1009
768	768	0	747	758	84
768	768	64	746	762	102
768	768	128	746	763	149
768	768	192	747	763	206
768	768	256	747	763	264
768	768	320	748	764	326
768	768	384	749	765	389
768	768	448	750	765	451
768	768	512	753	767	515
768	768	576	755	768	581
768	768	640	756	768	641
768	768	704	758	769	705
768	768	768	760	770	766
768	768	832	763	772	829
768	768	896	766	772	891
768	768	960	769	774	953
768	768	1023	772	775	1011
768	832	0	753	822	92
768	832	64	753	826	108
768	832	128	752	826	153
768	832	192	753	826	208
768	832	256	753	826	266
768	832	320	754	827	327
768	832	384	756	828	390
768	832	448	757	829	453
768	832	512	758	829	515
768	832	576	760	830	581
768	832	640	763	832	642
768	832	704	764	832	706
768	832	768	767	833	767
768	832	832	770	835	830
768	832	896	771	834	891
768	832	960	774	835	953
768	832	1023	778	837	1011
768	896	0	760	883	98
768	896	64	760	887	114
768	896	128	759	887	157
768	896	192	760	888	212
768	896	256	760	888	268
768	896	320	761	889	329
768	896	384	763	890	392
768	896	448	763	889	453
768	896	512	765	890	516
768	896	576	767	892	582
768	896	640	768	892	642
768	896	704	771	894	707
768	896	768	774	894	768
768	896	832	776	895	830
768	896	896	778	895	892
768	896	960	781	896	954
768	896	1023	784	898	1012
768	960	0	767	945	106
768	960	64	766	948	120
768	960	128	766	949	162
768	960	192	767	949	214
768	960	256	768	950	271
768	960	320	769	950	331
768	960	384	770	951	393
768	960	448	770	951	455
768	960	512	773	952	518
768	960	576	775	953	583
768	960	640	776	953	644
768	960	704	778	954	708
768	960	768	781	956	770
768	960	832	784	956	832
768	960	896	786	957	893
768	960	960	789	957	955
768	960	1023	792	959	1014
768	1023	0	775	1006	112
768	1023	64	775	1010	126
768	1023	128	775	1011	166
768	1023	192	775	1010	217
768	1023	256	776	1012	273
768	1023	320	777	1013	334
768	1023	384	778	1013	395
768	1023	448	779	1013	457
768	1023	512	781	1014	520
768	1023	576	783	1015	585
768	1023	640	784	1015	645
768	1023	704	786	1015	709
768	1023	768	788	1016	770
768	1023	832	792	1017	833
768	1023	896	794	1017	895
768	1023	960	796	1017	957
768	1023	1023	800	1017	1015
832	0	0	765	66	0
832	0	64	764	66	59
832	0	128	764	68	125
832	0	192	765	71	189
832	0	256	766	76	251
832	0	320	767	82	315
832	0	384	767	89	378
832	0	448	768	97	442
832	0	512	770	105	505
832	0	576	773	114	572
832	0	640	773	123	632
832	0	704	775	133	697
832	0	768	778	142	758
832	0	832	781	152	821
832	0	896	783	161	883
832	0	960	786	171	945
832	0	1023	789	181	1003
832	64	0	766	88	0
832	64	64	765	89	59
832	64	128	765	91	125
832	64	192	765	93	189
832	64	256	766	97	251
832	64	320	767	101	315
832	64	384	768	107	378
832	64	448	768	114	442
832	64	512	770	119	505
832	64	576	773	128	572
832	64	640	774	136	633
832	64	704	775	145	697
832	64	768	778	152	758
832	64	832	781	162	821
832	64	896	784	171	883
832	64	960	786	180	945
832	64	1023	790	189	1003
832	128	0	766	140	0
832	128	64	766	142	60
832	128	128	765	142	126
832	128	192	766	144	189
832	128	256	766	146	250
832	128	320	767	149	315
832	128	384	769	153	379
832	128	448	769	157	442
832	128	512	771	162	505
832	128	576	773	168	572
832	128	640	774	173	633
832	128	704	776	180	697
832	128	768	779	186	758
832	128	832	782	194	822
832	128	896	784	200	883
832	128	960	787	208	945
832	128	1023	791	216	1003
832	192	0	768	199	5
832	192	64	766	201	62
832	192	128	767	202	126
832	192	192	767	203	190
832	192	256	767	204	251
832	192	320	768	206	315
832	192	384	769	209	379
832	192	448	770	212	443
832	192	512	772	215	506
832	192	576	775	219	572
832	192	640	776	223	633
832	192	704	778	228	698
832	192	768	780	233	759
832	192	832	784	239	822
832	192	896	786	244	884
832	192	960	788	250	945
832	192	1023	791	255	1003
832	256	0	769	258	19
832	256	64	768	261	64
832	256	128	768	261	127
832	256	192	768	262	191
832	256	256	769	263	252
832	256	320	770	264	316
832	256	384	771	267	380
832	256	448	772	269	443
832	256	512	773	271	506
832	256	576	775	274	572
832	256	640	778	278	634
832	256	704	779	281	698
832	256	768	782	285	760
832	256	832	785	290	823
832	256	896	786	293	883
832	256	960	789	298	945
832	256	1023	792	303	1003
832	320	0	771	320	29
832	320	64	770	323	67
832	320	128	770	324	129
832	320	192	770	324	192
832	320	256	771	326	252
832	320	320	772	327	316
832	320	384	773	328	380
832	320	448	774	330	443
832	320	512	776	332	507
832	320	576	778	334	573
832	320	640	779	337	634
832	320	704	781	339	698
832	320	768	783	342	759
832	320	832	786	346	822
832	320	896	789	349	884
832	320	960	791	353	946
832	320	1023	794	357	1004
832	384	0	773	381	38
832	384	64	773	385	71
832	384	128	772	385	130
832	384	192	773	386	193
832	384	256	773	386	253
832	384	320	774	387	317
832	384	384	775	389	381
832	384	448	776	390	444
832	384	512	777	391	507
832	384	576	781	394	574
832	384	640	782	396	634
832	384	704	784	398	699
832	384	768	786	400	760
832	384	832	789	404	823
832	384	896	790	406	883
832	384	960	793	409	946
832	384	1023	797	412	1004
832	448	0	777	445	47
832	448	64	776	448	75
832	448	128	776	448	133
832	448	192	776	449	194
832	448	256	777	450	255
832	448	320	778	451	318
832	448	384	779	452	382
832	448	448	779	452	444
832	448	512	781	454	508
832	448	576	783	456	574
832	448	640	784	457	635
832	448	704	786	459	699
832	448	768	790	462	761
832	448	832	792	464	823
832	448	896	794	466	885
832	448	960	797	468	947
832	448	1023	800	472	1005
832	512	0	780	508	55
832	512	64	780	512	80
832	512	128	779	512	135
832	512	192	780	512	196
832	512	256	780	513	256
832	512	320	781	514	319
832	512	384	782	515	382
832	512	448	784	516	446
832	512	512	785	518	509
832	512	576	788	519	575
832	512	640	789	520	636
832	512	704	791	522	700
832	512	768	793	523	761
832	512	832	796	526	825
832	512	896	798	528	886
832	512	960	800	529	947
832	512	1023	803	531	1005
832	576	0	785	575	62
832	576	64	784	579	86
832	576	128	784	579	139
832	576	192	784	579	198
832	576	256	785	580	258
832	576	320	786	581	320
832	576	384	787	582	384
832	576	448	788	582	447
832	576	512	790	584	510
832	576	576	792	585	576
832	576	640	793	586	637
832	576	704	795	587	701
832	576	768	797	589	762
832	576	832	800	591	825
832	576	896	802	592	887
832	576	960	805	594	949
832	576	1023	808	596	1007
832	640	0	790	634	69
832	640	64	789	638	91
832	640	128	789	638	142
832	640	192	789	639	200
832	640	256	790	639	259
832	640	320	791	640	322
832	640	384	792	641	385
832	640	448	792	641	448
832	640	512	794	642	511
832	640	576	796	644	577
832	640	640	797	644	638
832	640	704	800	646	703
832	640	768	803	648	764
832	640	832	805	649	826
832	640	896	807	650	887
832	640	960	809	651	950
832	640	1023	812	653	1007
832	704	0	795	698	76
832	704	64	795	702	96
832	704	128	795	703	145
832	704	192	795	703	203
832	704	256	796	703	261
832	704	320	796	704	324
832	704	384	798	705	387
832	704	448	799	706	450
832	704	512	801	707	513
832	704	576	803	709	579
832	704	640	804	709	639
832	704	704	806	710	704
832	704	768	808	711	765
832	704	832	811	713	828
832	704	896	813	713	889
832	704	960	816	715	951
832	704	1023	819	717	1010
832	768	0	802	759	84
832	768	64	801	763	102
832	768	128	801	763	149
832	768	192	802	764	206
832	768	256	802	764	264
832	768	320	804	765	326
832	768	384	805	766	389
832	768	448	805	765	451
832	768	512	807	767	514
832	768	576	809	768	580
832	768	640	810	768	641
832	768	704	811	769	705
832	768	768	815	771	767
832	768	832	817	772	829
832	768	896	819	772	891
832	768	960	821	774	953
832	768	1023	825	775	1011
832	832	0	807	822	91
832	832	64	807	826	108
832	832	128	807	827	153
832	832	192	807	827	208
832	832	256	807	827	265
832	832	320	808	827	327
832	832	384	810	828	390
832	832	448	811	829	453
832	832	512	812	830	515
832	832	576	815	832	581
832	832	640	816	832	642
832	832	704	817	832	706
832	832	768	820	833	767
832	832	832	823	835	830
832	832	896	825	835	892
832	832	960	828	837	954
832	832	1023	830	838	1012
832	896	0	814	883	98
832	896	64	813	888	114
832	896	128	814	888	157
832	896	192	813	888	211
832	896	256	814	888	267
832	896	320	815	889	329
832	896	384	816	890	391
832	896	448	817	891	454
832	896	512	819	892	517
832	896	576	821	893	582
832	896	640	822	893	643
832	896	704	824	893	707
832	896	768	826	894	768
832	896	832	829	896	831
832	896	896	831	897	893
832	896	960	834	898	955
832	896	1023	836	898	1012
832	960	0	821	945	105
832	960	64	820	949	120
832	960	128	819	949	161
832	960	192	820	950	214
832	960	256	821	950	270
832	960	320	822	950	331
832	960	384	823	951	393
832	960	448	824	952	456
832	960	512	825	952	517
832	960	576	827	953	583
832	960	640	829	954	644
832	960	704	831	955	708
832	960	768	833	956	769
832	960	832	835	956	831
832	960	896	837	956	893
832	960	960	840	957	955
832	960	1023	843	959	1013
832	1023	0	829	1007	112
832	1023	64	828	1011	126
832	1023	128	827	1011	165
832	1023	192	828	1012	218
832	1023	256	829	1012	273
832	1023	320	830	1013	333
832	1023	384	831	1014	395
832	1023	448	831	1012	457
832	1023	512	833	1014	519
832	1023	576	835	1015	585
832	1023	640	836	1014	645
832	1023	704	839	1016	710
832	1023	768	841	1017	771
832	1023	832	843	1017	833
832	1023	896	845	1017	895
832	1023	960	847	1017	957
832	1023	1023	850	1017	1015
896	0	0	821	70	0
896	0	64	820	71	59
896	0	128	820	72	125
896	0	192	820	76	189
896	0	256	820	80	250
896	0	320	821	86	315
896	0	384	823	93	379
896	0	448	824	100	442
896	0	512	825	108	505
896	0	576	827	117	572
896	0	640	829	126	633
896	0	704	831	135	698
896	0	768	833	144	759
896	0	832	835	154	821
896	0	896	837	163	883
896	0	960	839	173	945
896	0	1023	843	182	1003
896	64	0	822	91	0
896	64	64	821	93	59
896	64	128	820	94	125
896	64	192	821	96	189
896	64	256	821	99	251
896	64	320	822	104	315
896	64	384	823	110	379
896	64	448	824	116	443
896	64	512	825	122	505
896	64	576	827	130	572
896	64	640	829	138	633
896	64	704	831	146	698
896	64	768	833	155	759
896	64	832	835	163	821
896	64	896	837	172	883
896	64	960	840	181	945
896	64	1023	843	190	1003
896	128	0	822	142	0
896	128	64	821	144	60
896	128	128	821	145	126
896	128	192	821	146	190
896	128	256	822	148	251
896	128	320	822	151	315
896	128	384	824	155	379
896	128	448	824	158	442
896	128	512	825	163	505
896	128	576	828	169	572
896	128	640	829	174	633
896	128	704	831	182	698
896	128	768	834	188	759
896	128	832	836	195	821
896	128	896	838	202	883
896	128	960	840	210	945
896	128	1023	843	217	1003
896	192	0	823	201	0
896	192	64	822	202	62
896	192	128	822	203	126
896	192	192	822	204	190
896	192	256	823	206	251
896	192	320	823	208	315
896	192	384	825	210	379
896	192	448	825	213	442
896	192	512	827	216	506
896	192	576	829	220	572
896	192	640	830	224	633
896	192	704	832	228	698
896	192	768	835	234	760
896	192	832	837	240	822
896	192	896	838	245	883
896	192	960	841	251	946
896	192	1023	844	257	1003
896	256	0	824	259	21
896	256	64	823	261	64
896	256	128	823	262	127
896	256	192	823	263	191
896	256	256	824	264	252
896	256	320	824	265	316
896	256	384	826	268	379
896	256	448	827	269	443
896	256	512	828	272	506
896	256	576	831	276	573
896	256	640	831	278	633
896	256	704	833	282	698
896	256	768	835	286	759
896	256	832	838	290	822
896	256	896	840	295	884
896	256	960	843	299	946
896	256	1023	846	304	1004
896	320	0	826	321	28
896	320	64	825	324	68
896	320	128	825	325	129
896	320	192	825	325	192
896	320	256	825	326	252
896	320	320	826	327	316
896	320	384	828	329	380
896	320	448	829	331	444
896	320	512	830	332	506
896	320	576	832	335	572
896	320	640	833	337	633
896	320	704	835	340	699
896	320	768	838	344	760
896	320	832	840	346	822
896	320	896	841	350	884
896	320	960	844	354	946
896	320	1023	847	358	1004
896	384	0	828	382	38
896	384	64	827	385	71
896	384	128	827	386	131
896	384	192	827	386	193
896	384	256	828	387	254
896	384	320	829	389	317
896	384	384	830	390	380
896	384	448	831	391	444
896	384	512	832	393	507
896	384	576	835	395	574
896	384	640	835	396	634
896	384	704	837	398	699
896	384	768	839	401	760
896	384	832	842	404	823
896	384	896	844	407	884
896	384	960	846	410	946
896	384	1023	850	414	1004
896	448	0	831	445	46
896	448	64	831	449	76
896	448	128	830	449	133
896	448	192	831	450	194
896	448	256	831	450	255
896	448	320	832	451	318
896	448	384	833	452	381
896	448	448	834	453	445
896	448	512	835	454	508
896	448	576	839	457	575
896	448	640	839	458	636
896	448	704	840	460	700
896	448	768	843	462	761
896	448	832	846	465	824
896	448	896	848	467	886
896	448	960	849	468	947
896	448	1023	852	472	1005
896	512	0	835	509	54
896	512	64	834	512	80
896	512	128	834	513	135
896	512	192	834	513	196
896	512	256	835	514	256
896	512	320	836	515	319
896	512	384	837	516	382
896	512	448	837	516	446
896	512	512	839	518	509
896	512	576	841	520	575
896	512	640	842	520	636
896	512	704	844	522	700
896	512	768	847	525	762
896	512	832	849	526	824
896	512	896	851	528	886
896	512	960	853	530	948
896	512	1023	857	532	1006
896	576	0	839	576	62
896	576	64	839	580	86
896	576	128	838	579	138
896	576	192	839	580	198
896	576	256	839	581	258
896	576	320	840	581	321
896	576	384	841	583	384
896	576	448	841	583	447
896	576	512	843	584	510
896	576	576	845	586	576
896	576	640	846	586	636
896	576	704	849	588	702
896	576	768	851	590	763
896	576	832	853	591	825
896	576	896	854	592	886
896	576	960	857	594	948
896	576	1023	860	596	1007
896	640	0	844	634	69
896	640	64	843	638	91
896	640	128	843	639	141
896	640	192	843	639	200
896	640	256	843	640	259
896	640	320	844	640	322
896	640	384	845	641	385
896	640	448	847	642	448
896	640	512	848	643	511
896	640	576	850	645	577
896	640	640	851	645	638
896	640	704	853	646	703
896	640	768	855	648	764
896	640	832	858	650	827
896	640	896	860	651	888
896	640	960	862	652	950
896	640	1023	865	654	1009
896	704	0	850	699	77
896	704	64	848	703	97
896	704	128	848	703	145
896	704	192	849	704	203
896	704	256	850	704	262
896	704	320	850	705	324
896	704	384	852	706	387
896	704	448	852	706	450
896	704	512	853	707	513
896	704	576	856	709	579
896	704	640	856	709	639
896	704	704	858	710	704
896	704	768	861	712	766
896	704	832	863	713	828
896	704	896	865	713	889
896	704	960	867	715	952
896	704	1023	870	717	1009
896	768	0	855	759	83
896	768	64	854	763	102
896	768	128	854	763	149
896	768	192	855	764	206
896	768	256	855	764	264
896	768	320	856	765	326
896	768	384	857	766	389
896	768	448	858	767	452
896	768	512	859	767	514
896	768	576	861	768	580
896	768	640	863	769	641
896	768	704	864	770	706
896	768	768	867	771	767
896	768	832	870	773	830
896	768	896	870	772	890
896	768	960	873	773	953
896	768	1023	875	775	1011
896	832	0	861	823	91
896	832	64	860	827	108
896	832	128	859	826	153
896	832	192	860	827	208
896	832	256	860	827	266
896	832	320	861	828	327
896	832	384	863	830	390
896	832	448	863	829	452
896	832	512	864	830	515
896	832	576	867	831	581
896	832	640	867	831	641
896	832	704	870	833	707
896	832	768	872	834	768
896	832	832	874	835	830
896	832	896	875	835	891
896	832	960	878	836	954
896	832	1023	881	838	1012
896	896	0	867	885	99
896	896	64	865	888	113
896	896	128	866	889	157
896	896	192	866	889	211
896	896	256	867	890	268
896	896	320	868	890	329
896	896	384	868	890	391
896	896	448	869	891	454
896	896	512	871	892	516
896	896	576	873	893	582
896	896	640	874	893	643
896	896	704	875	893	707
896	896	768	878	896	769
896	896	832	880	896	831
896	896	896	882	896	892
896	896	960	884	898	955
896	896	1023	887	899	1013
896	960	0	872	944	105
896	960	64	872	949	120
896	960	128	872	950	161
896	960	192	872	950	214
896	960	256	872	950	270
896	960	320	873	950	331
896	960	384	875	952	393
896	960	448	876	952	455
896	960	512	877	953	518
896	960	576	880	955	584
896	960	640	880	954	644
896	960	704	881	955	708
896	960	768	884	956	769
896	960	832	887	957	832
896	960	896	888	957	894
896	960	960	891	958	956
896	960	1023	893	960	1014
896	1023	0	880	1007	112
896	1023	64	879	1012	126
896	1023	128	880	1013	166
896	1023	192	880	1012	217
896	1023	256	880	1012	273
896	1023	320	881	1013	333
896	1023	384	882	1014	395
896	1023	448	883	1014	457
896	1023	512	885	1015	520
896	1023	576	887	1016	585
896	1023	640	887	1016	646
896	1023	704	889	1016	710
896	1023	768	891	1017	771
896	1023	832	894	1018	834
896	1023	896	896	1018	896
896	1023	960	898	1018	958
896	1023	1023	901	1018	1016
960	0	0	878	75	0
960	0	64	877	77	58
960	0	128	877	78	125
960	0	192	877	81	189
960	0	256	878	84	250
960	0	320	878	90	315
960	0	384	879	97	379
960	0	448	881	103	442
960	0	512	882	111	506
960	0	576	884	120	572
960	0	640	885	128	633
960	0	704	886	137	697
960	0	768	888	146	759
960	0	832	891	156	822
960	0	896	893	165	884
960	0	960	895	175	946
960	0	1023	899	184	1004
960	64	0	878	96	0
960	64	64	877	96	58
960	64	128	877	98	125
960	64	192	877	101	189
960	64	256	878	103	251
960	64	320	878	108	315
960	64	384	880	113	379
960	64	448	880	119	442
960	64	512	882	126	506
960	64	576	884	133	572
960	64	640	885	140	633
960	64	704	887	149	698
960	64	768	889	158	759
960	64	832	892	166	822
960	64	896	893	174	884
960	64	960	896	184	946
960	64	1023	899	193	1004
960	128	0	879	145	0
960	128	64	878	146	60
960	128	128	877	147	125
960	128	192	878	148	189
960	128	256	878	151	251
960	128	320	879	153	315
960	128	384	880	157	379
960	128	448	881	161	443
960	128	512	883	165	506
960	128	576	885	171	573
960	128	640	886	177	633
960	128	704	887	183	698
960	128	768	889	190	759
960	128	832	893	197	823
960	128	896	894	204	884
960	128	960	895	210	945
960	128	1023	898	219	1003
960	192	0	880	202	0
960	192	64	879	204	61
960	192	128	879	205	126
960	192	192	879	206	190
960	192	256	879	207	251
960	192	320	880	209	315
960	192	384	882	212	379
960	192	448	881	215	443
960	192	512	883	218	506
960	192	576	885	222	572
960	192	640	886	225	633
960	192	704	888	231	698
960	192	768	890	236	759
960	192	832	892	241	822
960	192	896	894	246	883
960	192	960	896	252	946
960	192	1023	899	258	1004
960	256	0	882	261	15
960	256	64	880	263	64
960	256	128	880	264	127
960	256	192	881	264	191
960	256	256	881	266	252
960	256	320	882	267	316
960	256	384	883	269	380
960	256	448	883	271	443
960	256	512	884	273	506
960	256	576	887	277	573
960	256	640	887	279	633
960	256	704	889	283	698
960	256	768	892	288	760
960	256	832	894	291	822
960	256	896	895	295	884
960	256	960	898	301	946
960	256	1023	901	306	1004
960	320	0	883	322	29
960	320	64	882	325	67
960	320	128	882	326	129
960	320	192	881	326	191
960	320	256	882	327	252
960	320	320	883	328	316
960	320	384	884	330	380
960	320	448	885	332	444
960	320	512	887	334	507
960	320	576	889	337	573
960	320	640	889	339	634
960	320	704	891	341	699
960	320	768	893	345	760
960	320	832	896	348	823
960	320	896	898	351	885
960	320	960	900	355	947
960	320	1023	903	359	1005
960	384	0	885	383	36
960	384	64	884	386	71
960	384	128	884	387	131
960	384	192	884	388	193
960	384	256	885	388	253
960	384	320	885	389	317
960	384	384	887	391	381
960	384	448	887	392	444
960	384	512	888	393	507
960	384	576	891	396	574
960	384	640	891	397	634
960	384	704	894	400	699
960	384	768	896	403	761
960	384	832	897	405	823
960	384	896	899	408	885
960	384	960	902	411	947
960	384	1023	905	414	1005
960	448	0	888	446	45
960	448	64	887	449	75
960	448	128	887	450	133
960	448	192	887	451	194
960	448	256	887	451	255
960	448	320	888	452	318
960	448	384	889	453	381
960	448	448	890	454	445
960	448	512	892	456	508
960	448	576	894	458	575
960	448	640	894	459	635
960	448	704	896	461	700
960	448	768	898	463	761
960	448	832	901	466	824
960	448	896	902	468	886
960	448	960	905	470	948
960	448	1023	908	473	1006
960	512	0	892	510	53
960	512	64	891	514	80
960	512	128	890	514	135
960	512	192	891	515	196
960	512	256	891	515	256
960	512	320	892	516	320
960	512	384	894	517	383
960	512	448	893	517	446
960	512	512	895	519	509
960	512	576	897	520	575
960	512	640	898	521	636
960	512	704	900	523	701
960	512	768	902	525	762
960	512	832	904	527	825
960	512	896	906	529	886
960	512	960	908	531	948
960	512	1023	911	533	1007
960	576	0	895	576	62
960	576	64	895	580	85
960	576	128	895	581	138
960	576	192	895	581	198
960	576	256	895	582	258
960	576	320	896	582	321
960	576	384	897	584	384
960	576	448	898	584	447
960	576	512	900	586	511
960	576	576	902	587	577
960	576	640	902	588	637
960	576	704	904	589	702
960	576	768	906	591	763
960	576	832	909	593	826
960	576	896	911	594	888
960	576	960	913	596	950
960	576	1023	914	597	1007
960	640	0	900	636	68
960	640	64	899	639	91
960	640	128	899	640	141
960	640	192	899	640	200
960	640	256	900	641	260
960	640	320	901	642	323
960	640	384	902	642	385
960	640	448	902	643	448
960	640	512	904	644	511
960	640	576	906	645	578
960	640	640	906	646	638
960	640	704	908	647	702
960	640	768	911	649	765
960	640	832	913	650	827
960	640	896	914	651	888
960	640	960	916	653	951
960	640	1023	919	655	1009
960	704	0	905	700	76
960	704	64	904	704	97
960	704	128	904	704	145
960	704	192	904	705	203
960	704	256	905	705	261
960	704	320	905	706	324
960	704	384	907	707	387
960	704	448	908	708	450
960	704	512	908	708	513
960	704	576	910	709	579
960	704	640	911	709	639
960	704	704	914	711	705
960	704	768	916	713	766
960	704	832	917	713	828
960	704	896	919	714	890
960	704	960	921	716	952
960	704	1023	924	717	1010
960	768	0	911	760	83
960	768	64	910	764	102
960	768	128	910	765	149
960	768	192	910	765	206
960	768	256	910	765	264
960	768	320	911	766	326
960	768	384	912	767	389
960	768	448	913	767	452
960	768	512	915	768	515
960	768	576	917	770	581
960	768	640	917	770	641
960	768	704	919	770	706
960	768	768	921	772	767
960	768	832	924	774	830
960	768	896	925	774	892
960	768	960	927	775	954
960	768	1023	930	777	1012
960	832	0	916	823	91
960	832	64	915	828	108
960	832	128	914	828	152
960	832	192	915	828	208
960	832	256	915	828	266
960	832	320	916	829	328
960	832	384	917	830	390
960	832	448	918	831	453
960	832	512	920	832	516
960	832	576	922	833	582
960	832	640	923	833	642
960	832	704	924	834	707
960	832	768	926	835	768
960	832	832	929	837	831
960	832	896	930	837	893
960	832	960	931	837	954
960	832	1023	934	839	1012
960	896	0	921	885	97
960	896	64	921	890	113
960	896	128	920	889	156
960	896	192	921	890	211
960	896	256	921	890	268
960	896	320	922	891	329
960	896	384	923	892	391
960	896	448	923	891	454
960	896	512	924	892	516
960	896	576	926	894	582
960	896	640	927	893	643
960	896	704	930	895	708
960	896	768	932	896	769
960	896	832	933	896	831
960	896	896	935	897	893
960	896	960	937	898	955
960	896	1023	940	900	1014
960	960	0	927	946	105
960	960	64	926	949	120
960	960	128	926	950	161
960	960	192	927	951	214
960	960	256	927	951	270
960	960	320	928	952	331
960	960	384	929	953	393
960	960	448	929	952	455
960	960	512	931	954	518
960	960	576	933	955	584
960	960	640	933	955	644
960	960	704	934	955	708
960	960	768	938	957	770
960	960	832	940	958	832
960	960	896	941	958	894
960	960	960	943	959	956
960	960	1023	946	960	1015
960	1023	0	934	1009	112
960	1023	64	933	1012	126
960	1023	128	933	1013	166
960	1023	192	934	1014	218
960	1023	256	934	1014	273
960	1023	320	935	1015	334
960	1023	384	937	1016	396
960	1023	448	936	1014	457
960	1023	512	938	1015	520
960	1023	576	940	1017	585
960	1023	640	940	1016	646
960	1023	704	942	1016	710
960	1023	768	945	1019	772
960	1023	832	946	1019	834
960	1023	896	948	1018	896
960	1023	960	950	1019	958
960	1023	1023	953	1019	1016
1023	0	0	933	80	0
1023	0	64	931	80	58
1023	0	128	931	82	125
1023	0	192	931	84	189
1023	0	256	931	88	250
1023	0	320	932	94	315
1023	0	384	934	100	379
1023	0	448	935	107	443
1023	0	512	935	114	505
1023	0	576	937	122	572
1023	0	640	938	131	633
1023	0	704	940	140	698
1023	0	768	942	149	759
1023	0	832	945	158	823
1023	0	896	945	167	883
1023	0	960	947	177	945
1023	0	1023	950	186	1004
1023	64	0	932	98	0
1023	64	64	931	100	58
1023	64	128	931	101	124
1023	64	192	931	103	189
1023	64	256	932	106	251
1023	64	320	932	110	315
1023	64	384	934	115	379
1023	64	448	935	122	443
1023	64	512	935	127	505
1023	64	576	937	135	572
1023	64	640	939	142	633
1023	64	704	940	150	698
1023	64	768	942	159	759
1023	64	832	945	167	823
1023	64	896	945	176	883
1023	64	960	947	185	945
1023	64	1023	950	194	1003
1023	128	0	933	146	0
1023	128	64	932	148	58
1023	128	128	931	149	125
1023	128	192	932	150	189
1023	128	256	932	152	250
1023	128	320	933	155	315
1023	128	384	934	159	379
1023	128	448	934	163	442
1023	128	512	936	167	506
1023	128	576	938	173	572
1023	128	640	938	178	633
1023	128	704	941	184	698
1023	128	768	942	191	759
1023	128	832	944	198	822
1023	128	896	946	205	883
1023	128	960	948	213	945
1023	128	1023	951	220	1004
1023	192	0	934	203	0
1023	192	64	932	205	61
1023	192	128	932	206	126
1023	192	192	933	207	190
1023	192	256	933	208	251
1023	192	320	934	210	315
1023	192	384	936	213	379
1023	192	448	935	215	442
1023	192	512	937	219	506
1023	192	576	939	223	572
1023	192	640	939	227	633
1023	192	704	940	231	697
1023	192	768	944	237	760
1023	192	832	945	242	822
1023	192	896	947	247	884
1023	192	960	949	253	946
1023	192	1023	952	259	1004
1023	256	0	935	261	14
1023	256	64	934	264	64
1023	256	128	934	264	127
1023	256	192	934	265	190
1023	256	256	935	266	252
1023	256	320	936	268	316
1023	256	384	936	269	379
1023	256	448	937	272	443
1023	256	512	938	275	506
1023	256	576	940	278	573
1023	256	640	941	280	634
1023	256	704	942	284	698
1023	256	768	944	288	759
1023	256	832	947	292	823
1023	256	896	949	296	884
1023	256	960	951	301	946
1023	256	1023	954	306	1005
1023	320	0	936	323	29
1023	320	64	935	326	67
1023	320	128	935	326	128
1023	320	192	935	327	191
1023	320	256	936	328	252
1023	320	320	936	329	316
1023	320	384	938	331	380
1023	320	448	939	332	444
1023	320	512	939	334	506
1023	320	576	941	337	573
1023	320	640	942	339	634
1023	320	704	944	342	698
1023	320	768	946	345	760
1023	320	832	948	348	822
1023	320	896	949	351	884
1023	320	960	951	355	946
1023	320	1023	954	359	1005
1023	384	0	939	384	36
1023	384	64	937	387	70
1023	384	128	937	387	130
1023	384	192	937	388	193
1023	384	256	938	389	253
1023	384	320	939	390	317
1023	384	384	940	391	380
1023	384	448	940	392	444
1023	384	512	942	394	507
1023	384	576	943	396	573
1023	384	640	944	398	634
1023	384	704	945	400	699
1023	384	768	949	403	761
1023	384	832	950	405	823
1023	384	896	952	408	885
1023	384	960	954	411	947
1023	384	1023	957	414	1005
1023	448	0	941	446	45
1023	448	64	940	450	75
1023	448	128	940	451	132
1023	448	192	940	451	194
1023	448	256	940	451	254
1023	448	320	941	452	318
1023	448	384	943	454	381
1023	448	448	943	455	445
1023	448	512	945	457	508
1023	448	576	947	459	575
1023	448	640	947	460	635
1023	448	704	949	461	700
1023	448	768	951	463	761
1023	448	832	954	466	825
1023	448	896	955	468	886
1023	448	960	956	470	947
1023	448	1023	959	473	1006
1023	512	0	945	510	53
1023	512	64	943	514	80
1023	512	128	943	514	135
1023	512	192	944	515	196
1023	512	256	944	515	256
1023	512	320	945	516	319
1023	512	384	947	518	383
1023	512	448	946	517	446
1023	512	512	948	519	509
1023	512	576	950	521	575
1023	512	640	950	522	636
1023	512	704	951	523	700
1023	512	768	954	526	762
1023	512	832	956	527	825
1023	512	896	958	529	886
1023	512	960	960	531	948
1023	512	1023	962	534	1007
1023	576	0	948	577	61
1023	576	64	947	581	85
1023	576	128	947	580	138
1023	576	192	947	581	198
1023	576	256	948	582	257
1023	576	320	948	582	320
1023	576	384	950	584	384
1023	576	448	951	585	447
1023	576	512	951	585	510
1023	576	576	953	587	576
1023	576	640	954	587	636
1023	576	704	956	589	702
1023	576	768	958	591	763
1023	576	832	960	592	825
1023	576	896	961	593	887
1023	576	960	963	595	949
1023	576	1023	966	597	1007
1023	640	0	952	635	69
1023	640	64	951	639	90
1023	640	128	952	640	141
1023	640	192	951	640	200
1023	640	256	952	640	259
1023	640	320	952	641	322
1023	640	384	954	642	385
1023	640	448	954	643	448
1023	640	512	956	644	511
1023	640	576	958	646	577
1023	640	640	958	646	638
1023	640	704	959	647	702
1023	640	768	962	649	764
1023	640	832	964	651	827
1023	640	896	966	651	889
1023	640	960	968	653	951
1023	640	1023	971	655	1009
1023	704	0	958	700	76
1023	704	64	956	704	96
1023	704	128	956	704	145
1023	704	192	957	705	203
1023	704	256	957	706	261
1023	704	320	958	706	324
1023	704	384	959	707	387
1023	704	448	959	707	450
1023	704	512	961	708	513
1023	704	576	962	709	579
1023	704	640	963	710	639
1023	704	704	964	710	704
1023	704	768	967	713	766
1023	704	832	969	714	828
1023	704	896	971	715	890
1023	704	960	972	716	952
1023	704	1023	975	718	1011
1023	768	0	963	760	83
1023	768	64	962	765	102
1023	768	128	962	765	148
1023	768	192	962	765	206
1023	768	256	962	765	263
1023	768	320	963	766	326
1023	768	384	964	767	389
1023	768	448	965	768	452
1023	768	512	967	769	515
1023	768	576	969	770	581
1023	768	640	969	770	642
1023	768	704	971	771	706
1023	768	768	972	772	767
1023	768	832	975	774	831
1023	768	896	976	775	892
1023	768	960	977	775	953
1023	768	1023	980	776	1012
1023	832	0	968	824	90
1023	832	64	968	829	108
1023	832	128	966	828	152
1023	832	192	967	829	208
1023	832	256	967	829	266
1023	832	320	968	830	328
1023	832	384	970	831	390
1023	832	448	969	830	452
1023	832	512	970	831	515
1023	832	576	972	832	581
1023	832	640	973	832	642
1023	832	704	975	834	707
1023	832	768	977	835	768
1023	832	832	979	836	830
1023	832	896	980	836	892
1023	832	960	982	837	955
1023	832	1023	985	839	1013
1023	896	0	973	886	98
1023	896	64	971	889	114
1023	896	128	971	890	157
1023	896	192	972	891	211
1023	896	256	973	891	268
1023	896	320	973	891	329
1023	896	384	975	893	392
1023	896	448	974	892	454
1023	896	512	976	893	516
1023	896	576	978	894	582
1023	896	640	978	894	643
1023	896	704	979	894	707
1023	896	768	983	897	769
1023	896	832	984	897	831
1023	896	896	985	898	893
1023	896	960	988	899	956
1023	896	1023	990	900	1014
1023	960	0	978	946	105
1023	960	64	977	950	120
1023	960	128	977	951	161
1023	960	192	977	951	214
1023	960	256	979	953	270
1023	960	320	978	952	330
1023	960	384	979	953	392
1023	960	448	980	953	455
1023	960	512	982	955	518
1023	960	576	984	956	584
1023	960	640	984	956	644
1023	960	704	985	956	708
1023	960	768	987	957	769
1023	960	832	990	958	833
1023	960	896	991	959	894
1023	960	960	994	960	957
1023	960	1023	996	961	1015
1023	1023	0	984	1008	111
1023	1023	64	984	1013	126
1023	1023	128	984	1014	165
1023	1023	192	984	1014	217
1023	1023	256	984	1014	273
1023	1023	320	985	1014	333
1023	1023	384	986	1016	395
1023	1023	448	987	1016	458
1023	1023	512	989	1017	520
1023	1023	576	991	1018	586
1023	1023	640	991	1018	646
1023	1023	704	992	1018	710
1023	1023	768	994	1019	772
1023	1023	832	997	1021	835
1023	1023	896	998	1021	897
1023	1023	960	1000	1022	960
1023	1023	1023	1003	1023	1018
